10000 20000
u0 2 1 10 2 4
u1 2 2 20 3 4
u2 2 3 6 4 3
u3 2 4 3 5 7
u4 2 5 17 6 1
u5 2 6 5 7 4
u6 2 7 4 8 12
u7 2 8 9 9 13
u8 2 9 8 10 20
u9 2 10 16 11 18
u10 2 11 6 12 13
u11 2 12 10 13 19
u12 2 13 5 14 20
u13 2 14 15 15 9
u14 2 15 2 16 9
u15 2 16 11 17 13
u16 2 17 5 18 8
u17 2 18 2 19 17
u18 2 19 8 20 7
u19 2 20 1 21 20
u20 2 21 3 22 5
u21 2 22 16 23 6
u22 2 23 -11 24 7
u23 2 24 9 25 2
u24 2 25 6 26 14
u25 2 26 15 27 7
u26 2 27 2 28 7
u27 2 28 17 29 -8
u28 2 29 6 30 14
u29 2 30 6 31 15
u30 2 31 12 32 10
u31 2 32 8 33 13
u32 2 33 13 34 19
u33 2 34 14 35 17
u34 2 35 8 36 11
u35 2 36 13 37 9
u36 2 37 11 38 -6
u37 2 38 8 39 20
u38 2 39 12 40 1
u39 2 40 19 41 19
u40 2 41 5 42 11
u41 2 42 19 43 19
u42 2 43 4 44 3
u43 2 44 13 45 8
u44 2 45 12 46 12
u45 2 46 11 47 13
u46 2 47 11 48 6
u47 2 48 14 49 10
u48 2 49 14 50 18
u49 2 50 7 51 16
u50 2 51 12 52 5
u51 2 52 9 53 17
u52 2 53 16 54 13
u53 2 54 5 55 2
u54 2 55 6 56 7
u55 2 56 2 57 2
u56 2 57 -5 58 19
u57 2 58 17 59 10
u58 2 59 8 60 -20
u59 2 60 2 61 3
u60 2 61 20 62 -5
u61 2 62 9 63 18
u62 2 63 12 64 1
u63 2 64 18 65 17
u64 2 65 17 66 8
u65 2 66 5 67 11
u66 2 67 2 68 15
u67 2 68 19 69 -12
u68 2 69 18 70 4
u69 2 70 3 71 6
u70 2 71 1 72 19
u71 2 72 6 73 17
u72 2 73 18 74 11
u73 2 74 20 75 -8
u74 2 75 16 76 19
u75 2 76 12 77 14
u76 2 77 5 78 9
u77 2 78 12 79 2
u78 2 79 5 80 3
u79 2 80 7 81 19
u80 2 81 5 82 17
u81 2 82 5 83 13
u82 2 83 13 84 -12
u83 2 84 18 85 10
u84 2 85 5 86 10
u85 2 86 15 87 2
u86 2 87 -9 88 11
u87 2 88 12 89 -3
u88 2 89 13 90 13
u89 2 90 8 91 14
u90 2 91 18 92 18
u91 2 92 16 93 16
u92 2 93 15 94 1
u93 2 94 12 95 17
u94 2 95 5 96 16
u95 2 96 5 97 17
u96 2 97 2 98 13
u97 2 98 13 99 2
u98 2 99 6 100 8
u99 2 100 19 101 12
u100 2 101 9 102 15
u101 2 102 16 103 1
u102 2 103 19 104 18
u103 2 104 6 105 5
u104 2 105 1 106 15
u105 2 106 13 107 18
u106 2 107 17 108 19
u107 2 108 5 109 1
u108 2 109 2 110 8
u109 2 110 2 111 20
u110 2 111 9 112 9
u111 2 112 4 113 10
u112 2 113 9 114 5
u113 2 114 7 115 15
u114 2 115 8 116 16
u115 2 116 16 117 1
u116 2 117 7 118 19
u117 2 118 10 119 11
u118 2 119 2 120 13
u119 2 120 2 121 9
u120 2 121 2 122 9
u121 2 122 16 123 15
u122 2 123 1 124 1
u123 2 124 11 125 10
u124 2 125 18 126 2
u125 2 126 13 127 14
u126 2 127 6 128 9
u127 2 128 9 129 18
u128 2 129 1 130 15
u129 2 130 19 131 6
u130 2 131 14 132 18
u131 2 132 3 133 13
u132 2 133 10 134 11
u133 2 134 2 135 9
u134 2 135 14 136 10
u135 2 136 -19 137 -13
u136 2 137 16 138 1
u137 2 138 -16 139 6
u138 2 139 15 140 17
u139 2 140 3 141 9
u140 2 141 8 142 3
u141 2 142 17 143 11
u142 2 143 1 144 8
u143 2 144 6 145 10
u144 2 145 10 146 6
u145 2 146 3 147 13
u146 2 147 11 148 16
u147 2 148 15 149 12
u148 2 149 3 150 10
u149 2 150 7 151 1
u150 2 151 8 152 11
u151 2 152 18 153 4
u152 2 153 4 154 13
u153 2 154 13 155 12
u154 2 155 14 156 1
u155 2 156 16 157 20
u156 2 157 19 158 12
u157 2 158 14 159 3
u158 2 159 13 160 7
u159 2 160 17 161 5
u160 2 161 16 162 7
u161 2 162 9 163 15
u162 2 163 20 164 18
u163 2 164 20 165 19
u164 2 165 8 166 12
u165 2 166 5 167 1
u166 2 167 10 168 3
u167 2 168 5 169 7
u168 2 169 17 170 4
u169 2 170 -19 171 18
u170 2 171 -6 172 20
u171 2 172 6 173 7
u172 2 173 15 174 7
u173 2 174 9 175 19
u174 2 175 19 176 20
u175 2 176 -6 177 19
u176 2 177 15 178 4
u177 2 178 4 179 13
u178 2 179 3 180 18
u179 2 180 11 181 8
u180 2 181 3 182 17
u181 2 182 16 183 9
u182 2 183 14 184 6
u183 2 184 6 185 9
u184 2 185 11 186 2
u185 2 186 15 187 3
u186 2 187 3 188 6
u187 2 188 17 189 8
u188 2 189 4 190 6
u189 2 190 1 191 6
u190 2 191 -13 192 13
u191 2 192 11 193 16
u192 2 193 20 194 15
u193 2 194 16 195 6
u194 2 195 15 196 6
u195 2 196 11 197 10
u196 2 197 19 198 2
u197 2 198 20 199 7
u198 2 199 8 200 9
u199 2 200 5 201 17
u200 2 201 2 202 8
u201 2 202 19 203 4
u202 2 203 5 204 19
u203 2 204 9 205 13
u204 2 205 11 206 1
u205 2 206 14 207 4
u206 2 207 17 208 5
u207 2 208 -10 209 13
u208 2 209 2 210 15
u209 2 210 13 211 13
u210 2 211 8 212 1
u211 2 212 4 213 14
u212 2 213 12 214 6
u213 2 214 14 215 13
u214 2 215 -2 216 11
u215 2 216 16 217 10
u216 2 217 7 218 12
u217 2 218 14 219 19
u218 2 219 5 220 12
u219 2 220 7 221 9
u220 2 221 7 222 10
u221 2 222 8 223 9
u222 2 223 14 224 9
u223 2 224 10 225 8
u224 2 225 13 226 -5
u225 2 226 16 227 -17
u226 2 227 18 228 15
u227 2 228 6 229 9
u228 2 229 3 230 5
u229 2 230 1 231 2
u230 2 231 2 232 20
u231 2 232 17 233 9
u232 2 233 17 234 12
u233 2 234 -1 235 2
u234 2 235 2 236 8
u235 2 236 18 237 12
u236 2 237 4 238 19
u237 2 238 16 239 -2
u238 2 239 5 240 4
u239 2 240 19 241 11
u240 2 241 18 242 6
u241 2 242 20 243 3
u242 2 243 6 244 13
u243 2 244 6 245 12
u244 2 245 11 246 12
u245 2 246 17 247 10
u246 2 247 3 248 4
u247 2 248 19 249 -16
u248 2 249 20 250 20
u249 2 250 17 251 4
u250 2 251 1 252 15
u251 2 252 14 253 14
u252 2 253 11 254 11
u253 2 254 9 255 2
u254 2 255 12 256 14
u255 2 256 14 257 14
u256 2 257 19 258 3
u257 2 258 13 259 5
u258 2 259 7 260 18
u259 2 260 3 261 -14
u260 2 261 4 262 9
u261 2 262 3 263 6
u262 2 263 1 264 4
u263 2 264 10 265 6
u264 2 265 20 266 10
u265 2 266 7 267 1
u266 2 267 4 268 5
u267 2 268 8 269 8
u268 2 269 2 270 14
u269 2 270 11 271 -5
u270 2 271 9 272 7
u271 2 272 14 273 11
u272 2 273 18 274 3
u273 2 274 4 275 10
u274 2 275 1 276 18
u275 2 276 5 277 4
u276 2 277 10 278 10
u277 2 278 6 279 12
u278 2 279 16 280 7
u279 2 280 2 281 15
u280 2 281 6 282 8
u281 2 282 18 283 10
u282 2 283 1 284 7
u283 2 284 10 285 17
u284 2 285 7 286 5
u285 2 286 19 287 3
u286 2 287 -15 288 19
u287 2 288 11 289 -16
u288 2 289 19 290 15
u289 2 290 11 291 10
u290 2 291 16 292 1
u291 2 292 20 293 4
u292 2 293 2 294 10
u293 2 294 10 295 -6
u294 2 295 9 296 13
u295 2 296 4 297 19
u296 2 297 17 298 17
u297 2 298 15 299 18
u298 2 299 19 300 4
u299 2 300 10 301 13
u300 2 301 17 302 7
u301 2 302 11 303 9
u302 2 303 -14 304 7
u303 2 304 9 305 4
u304 2 305 4 306 13
u305 2 306 12 307 1
u306 2 307 13 308 15
u307 2 308 1 309 -4
u308 2 309 2 310 18
u309 2 310 19 311 4
u310 2 311 11 312 2
u311 2 312 19 313 7
u312 2 313 13 314 13
u313 2 314 12 315 13
u314 2 315 18 316 20
u315 2 316 12 317 1
u316 2 317 17 318 16
u317 2 318 13 319 18
u318 2 319 19 320 14
u319 2 320 13 321 7
u320 2 321 15 322 15
u321 2 322 6 323 20
u322 2 323 7 324 17
u323 2 324 11 325 -15
u324 2 325 8 326 1
u325 2 326 5 327 12
u326 2 327 6 328 19
u327 2 328 11 329 14
u328 2 329 18 330 -20
u329 2 330 7 331 11
u330 2 331 19 332 11
u331 2 332 14 333 4
u332 2 333 -5 334 8
u333 2 334 12 335 14
u334 2 335 1 336 12
u335 2 336 9 337 14
u336 2 337 -7 338 8
u337 2 338 10 339 18
u338 2 339 18 340 14
u339 2 340 14 341 6
u340 2 341 12 342 10
u341 2 342 9 343 16
u342 2 343 11 344 6
u343 2 344 4 345 16
u344 2 345 17 346 3
u345 2 346 3 347 13
u346 2 347 16 348 2
u347 2 348 10 349 2
u348 2 349 11 350 20
u349 2 350 17 351 17
u350 2 351 12 352 2
u351 2 352 7 353 4
u352 2 353 20 354 1
u353 2 354 11 355 11
u354 2 355 2 356 6
u355 2 356 2 357 19
u356 2 357 16 358 -12
u357 2 358 6 359 11
u358 2 359 20 360 1
u359 2 360 7 361 1
u360 2 361 5 362 5
u361 2 362 16 363 9
u362 2 363 7 364 20
u363 2 364 7 365 19
u364 2 365 3 366 6
u365 2 366 18 367 16
u366 2 367 12 368 14
u367 2 368 3 369 5
u368 2 369 19 370 8
u369 2 370 9 371 8
u370 2 371 12 372 -10
u371 2 372 12 373 12
u372 2 373 18 374 4
u373 2 374 8 375 5
u374 2 375 15 376 4
u375 2 376 19 377 18
u376 2 377 18 378 10
u377 2 378 15 379 6
u378 2 379 4 380 9
u379 2 380 13 381 19
u380 2 381 7 382 4
u381 2 382 1 383 10
u382 2 383 18 384 2
u383 2 384 3 385 17
u384 2 385 14 386 -15
u385 2 386 12 387 15
u386 2 387 11 388 1
u387 2 388 15 389 8
u388 2 389 9 390 -4
u389 2 390 8 391 11
u390 2 391 4 392 1
u391 2 392 12 393 18
u392 2 393 20 394 7
u393 2 394 3 395 13
u394 2 395 5 396 1
u395 2 396 12 397 15
u396 2 397 -17 398 -18
u397 2 398 5 399 15
u398 2 399 9 400 5
u399 2 400 17 401 16
u400 2 401 3 402 5
u401 2 402 16 403 6
u402 2 403 11 404 -19
u403 2 404 15 405 7
u404 2 405 5 406 3
u405 2 406 17 407 19
u406 2 407 9 408 6
u407 2 408 6 409 1
u408 2 409 20 410 15
u409 2 410 4 411 11
u410 2 411 16 412 5
u411 2 412 1 413 18
u412 2 413 12 414 2
u413 2 414 3 415 11
u414 2 415 9 416 16
u415 2 416 12 417 19
u416 2 417 14 418 19
u417 2 418 2 419 20
u418 2 419 8 420 20
u419 2 420 16 421 18
u420 2 421 7 422 17
u421 2 422 11 423 3
u422 2 423 8 424 10
u423 2 424 18 425 3
u424 2 425 17 426 2
u425 2 426 6 427 17
u426 2 427 4 428 16
u427 2 428 7 429 12
u428 2 429 16 430 6
u429 2 430 -17 431 7
u430 2 431 6 432 14
u431 2 432 4 433 17
u432 2 433 9 434 7
u433 2 434 5 435 -14
u434 2 435 15 436 12
u435 2 436 3 437 12
u436 2 437 14 438 14
u437 2 438 -14 439 -19
u438 2 439 12 440 10
u439 2 440 -11 441 13
u440 2 441 11 442 20
u441 2 442 -14 443 18
u442 2 443 13 444 18
u443 2 444 14 445 2
u444 2 445 17 446 13
u445 2 446 17 447 2
u446 2 447 9 448 3
u447 2 448 2 449 15
u448 2 449 14 450 -3
u449 2 450 5 451 3
u450 2 451 15 452 4
u451 2 452 19 453 -1
u452 2 453 14 454 3
u453 2 454 11 455 1
u454 2 455 17 456 8
u455 2 456 1 457 14
u456 2 457 14 458 5
u457 2 458 11 459 11
u458 2 459 20 460 15
u459 2 460 11 461 6
u460 2 461 4 462 19
u461 2 462 6 463 12
u462 2 463 13 464 11
u463 2 464 13 465 15
u464 2 465 12 466 18
u465 2 466 10 467 18
u466 2 467 20 468 3
u467 2 468 16 469 13
u468 2 469 15 470 3
u469 2 470 8 471 11
u470 2 471 19 472 18
u471 2 472 5 473 6
u472 2 473 7 474 -2
u473 2 474 17 475 14
u474 2 475 20 476 12
u475 2 476 13 477 2
u476 2 477 20 478 1
u477 2 478 17 479 9
u478 2 479 14 480 14
u479 2 480 13 481 15
u480 2 481 3 482 17
u481 2 482 9 483 -10
u482 2 483 6 484 6
u483 2 484 18 485 1
u484 2 485 10 486 2
u485 2 486 15 487 8
u486 2 487 11 488 7
u487 2 488 5 489 14
u488 2 489 9 490 14
u489 2 490 4 491 13
u490 2 491 9 492 8
u491 2 492 16 493 1
u492 2 493 1 494 2
u493 2 494 20 495 10
u494 2 495 12 496 -1
u495 2 496 2 497 18
u496 2 497 12 498 18
u497 2 498 17 499 20
u498 2 499 2 500 3
u499 2 500 2 501 12
u500 2 501 14 502 16
u501 2 502 20 503 12
u502 2 503 8 504 3
u503 2 504 15 505 12
u504 2 505 8 506 5
u505 2 506 1 507 7
u506 2 507 11 508 3
u507 2 508 4 509 4
u508 2 509 7 510 10
u509 2 510 9 511 14
u510 2 511 4 512 3
u511 2 512 5 513 16
u512 2 513 9 514 15
u513 2 514 14 515 2
u514 2 515 7 516 16
u515 2 516 18 517 18
u516 2 517 19 518 6
u517 2 518 5 519 8
u518 2 519 14 520 15
u519 2 520 14 521 2
u520 2 521 16 522 4
u521 2 522 10 523 20
u522 2 523 18 524 5
u523 2 524 17 525 18
u524 2 525 11 526 1
u525 2 526 3 527 17
u526 2 527 4 528 20
u527 2 528 12 529 18
u528 2 529 12 530 7
u529 2 530 9 531 3
u530 2 531 9 532 8
u531 2 532 1 533 11
u532 2 533 9 534 19
u533 2 534 8 535 14
u534 2 535 6 536 14
u535 2 536 15 537 7
u536 2 537 6 538 17
u537 2 538 9 539 -5
u538 2 539 19 540 19
u539 2 540 8 541 3
u540 2 541 12 542 8
u541 2 542 15 543 19
u542 2 543 2 544 16
u543 2 544 17 545 11
u544 2 545 17 546 11
u545 2 546 8 547 7
u546 2 547 17 548 15
u547 2 548 16 549 20
u548 2 549 8 550 11
u549 2 550 8 551 12
u550 2 551 6 552 16
u551 2 552 12 553 4
u552 2 553 5 554 18
u553 2 554 -2 555 5
u554 2 555 5 556 20
u555 2 556 16 557 11
u556 2 557 6 558 9
u557 2 558 7 559 1
u558 2 559 6 560 20
u559 2 560 12 561 7
u560 2 561 2 562 5
u561 2 562 1 563 18
u562 2 563 9 564 14
u563 2 564 4 565 4
u564 2 565 5 566 7
u565 2 566 13 567 2
u566 2 567 8 568 1
u567 2 568 11 569 11
u568 2 569 13 570 15
u569 2 570 15 571 8
u570 2 571 17 572 20
u571 2 572 5 573 6
u572 2 573 10 574 11
u573 2 574 1 575 18
u574 2 575 10 576 7
u575 2 576 19 577 2
u576 2 577 17 578 3
u577 2 578 16 579 13
u578 2 579 3 580 11
u579 2 580 2 581 7
u580 2 581 7 582 17
u581 2 582 16 583 18
u582 2 583 20 584 10
u583 2 584 19 585 2
u584 2 585 14 586 14
u585 2 586 14 587 2
u586 2 587 5 588 19
u587 2 588 4 589 13
u588 2 589 6 590 7
u589 2 590 20 591 10
u590 2 591 4 592 5
u591 2 592 20 593 16
u592 2 593 17 594 16
u593 2 594 7 595 15
u594 2 595 6 596 8
u595 2 596 -9 597 5
u596 2 597 3 598 15
u597 2 598 11 599 6
u598 2 599 4 600 18
u599 2 600 5 601 8
u600 2 601 13 602 1
u601 2 602 6 603 4
u602 2 603 3 604 10
u603 2 604 15 605 3
u604 2 605 8 606 2
u605 2 606 13 607 17
u606 2 607 3 608 7
u607 2 608 10 609 2
u608 2 609 2 610 17
u609 2 610 8 611 8
u610 2 611 19 612 9
u611 2 612 14 613 3
u612 2 613 3 614 16
u613 2 614 4 615 13
u614 2 615 18 616 5
u615 2 616 12 617 14
u616 2 617 5 618 19
u617 2 618 12 619 1
u618 2 619 18 620 8
u619 2 620 20 621 8
u620 2 621 15 622 5
u621 2 622 2 623 4
u622 2 623 16 624 12
u623 2 624 17 625 15
u624 2 625 17 626 16
u625 2 626 14 627 9
u626 2 627 20 628 12
u627 2 628 7 629 8
u628 2 629 5 630 1
u629 2 630 19 631 15
u630 2 631 1 632 11
u631 2 632 15 633 14
u632 2 633 6 634 12
u633 2 634 2 635 9
u634 2 635 14 636 17
u635 2 636 19 637 13
u636 2 637 20 638 19
u637 2 638 1 639 14
u638 2 639 17 640 -3
u639 2 640 10 641 15
u640 2 641 12 642 19
u641 2 642 13 643 20
u642 2 643 7 644 7
u643 2 644 14 645 4
u644 2 645 8 646 4
u645 2 646 18 647 17
u646 2 647 13 648 -5
u647 2 648 9 649 6
u648 2 649 20 650 9
u649 2 650 10 651 8
u650 2 651 20 652 6
u651 2 652 2 653 20
u652 2 653 6 654 5
u653 2 654 13 655 11
u654 2 655 16 656 3
u655 2 656 16 657 11
u656 2 657 5 658 1
u657 2 658 13 659 11
u658 2 659 7 660 9
u659 2 660 6 661 15
u660 2 661 12 662 7
u661 2 662 7 663 5
u662 2 663 14 664 5
u663 2 664 3 665 9
u664 2 665 4 666 16
u665 2 666 3 667 14
u666 2 667 18 668 13
u667 2 668 3 669 19
u668 2 669 1 670 9
u669 2 670 15 671 7
u670 2 671 8 672 1
u671 2 672 19 673 6
u672 2 673 4 674 2
u673 2 674 3 675 9
u674 2 675 1 676 6
u675 2 676 20 677 18
u676 2 677 6 678 18
u677 2 678 1 679 5
u678 2 679 13 680 10
u679 2 680 3 681 -16
u680 2 681 13 682 15
u681 2 682 13 683 12
u682 2 683 18 684 12
u683 2 684 9 685 10
u684 2 685 9 686 5
u685 2 686 13 687 19
u686 2 687 14 688 19
u687 2 688 19 689 12
u688 2 689 3 690 7
u689 2 690 10 691 7
u690 2 691 3 692 7
u691 2 692 6 693 -19
u692 2 693 17 694 3
u693 2 694 -4 695 5
u694 2 695 1 696 9
u695 2 696 4 697 18
u696 2 697 11 698 18
u697 2 698 9 699 5
u698 2 699 12 700 10
u699 2 700 16 701 19
u700 2 701 18 702 16
u701 2 702 5 703 18
u702 2 703 16 704 20
u703 2 704 5 705 13
u704 2 705 4 706 15
u705 2 706 14 707 4
u706 2 707 7 708 7
u707 2 708 2 709 13
u708 2 709 17 710 12
u709 2 710 9 711 19
u710 2 711 14 712 19
u711 2 712 2 713 6
u712 2 713 2 714 7
u713 2 714 6 715 6
u714 2 715 18 716 8
u715 2 716 13 717 12
u716 2 717 5 718 -18
u717 2 718 18 719 -16
u718 2 719 16 720 12
u719 2 720 11 721 18
u720 2 721 2 722 10
u721 2 722 12 723 16
u722 2 723 8 724 18
u723 2 724 7 725 5
u724 2 725 2 726 4
u725 2 726 10 727 5
u726 2 727 9 728 13
u727 2 728 9 729 15
u728 2 729 7 730 20
u729 2 730 8 731 1
u730 2 731 -10 732 16
u731 2 732 2 733 12
u732 2 733 9 734 16
u733 2 734 1 735 9
u734 2 735 -17 736 7
u735 2 736 7 737 5
u736 2 737 17 738 20
u737 2 738 10 739 19
u738 2 739 15 740 12
u739 2 740 10 741 8
u740 2 741 5 742 15
u741 2 742 13 743 6
u742 2 743 17 744 -6
u743 2 744 -6 745 2
u744 2 745 5 746 -12
u745 2 746 11 747 12
u746 2 747 7 748 4
u747 2 748 1 749 11
u748 2 749 10 750 17
u749 2 750 4 751 10
u750 2 751 19 752 10
u751 2 752 1 753 12
u752 2 753 14 754 14
u753 2 754 18 755 17
u754 2 755 7 756 1
u755 2 756 9 757 3
u756 2 757 20 758 13
u757 2 758 14 759 10
u758 2 759 -13 760 19
u759 2 760 12 761 1
u760 2 761 -4 762 3
u761 2 762 -12 763 2
u762 2 763 13 764 3
u763 2 764 17 765 1
u764 2 765 8 766 5
u765 2 766 1 767 2
u766 2 767 19 768 8
u767 2 768 7 769 3
u768 2 769 15 770 7
u769 2 770 15 771 15
u770 2 771 19 772 10
u771 2 772 2 773 1
u772 2 773 2 774 19
u773 2 774 3 775 14
u774 2 775 16 776 18
u775 2 776 3 777 3
u776 2 777 8 778 2
u777 2 778 14 779 19
u778 2 779 13 780 2
u779 2 780 15 781 19
u780 2 781 12 782 16
u781 2 782 3 783 1
u782 2 783 12 784 5
u783 2 784 7 785 20
u784 2 785 2 786 7
u785 2 786 18 787 8
u786 2 787 14 788 18
u787 2 788 20 789 11
u788 2 789 -12 790 20
u789 2 790 -18 791 12
u790 2 791 15 792 17
u791 2 792 15 793 20
u792 2 793 6 794 19
u793 2 794 17 795 4
u794 2 795 6 796 3
u795 2 796 2 797 12
u796 2 797 5 798 6
u797 2 798 -3 799 15
u798 2 799 6 800 2
u799 2 800 4 801 9
u800 2 801 19 802 10
u801 2 802 6 803 20
u802 2 803 9 804 13
u803 2 804 20 805 3
u804 2 805 7 806 12
u805 2 806 10 807 10
u806 2 807 8 808 19
u807 2 808 5 809 4
u808 2 809 9 810 12
u809 2 810 1 811 20
u810 2 811 4 812 12
u811 2 812 14 813 -8
u812 2 813 15 814 4
u813 2 814 3 815 5
u814 2 815 9 816 17
u815 2 816 18 817 5
u816 2 817 8 818 5
u817 2 818 15 819 7
u818 2 819 2 820 12
u819 2 820 20 821 7
u820 2 821 20 822 7
u821 2 822 7 823 -8
u822 2 823 18 824 9
u823 2 824 4 825 16
u824 2 825 13 826 16
u825 2 826 14 827 7
u826 2 827 15 828 4
u827 2 828 15 829 8
u828 2 829 19 830 1
u829 2 830 1 831 18
u830 2 831 6 832 8
u831 2 832 6 833 8
u832 2 833 3 834 15
u833 2 834 5 835 2
u834 2 835 -20 836 2
u835 2 836 10 837 6
u836 2 837 6 838 10
u837 2 838 10 839 16
u838 2 839 1 840 9
u839 2 840 20 841 -19
u840 2 841 14 842 -4
u841 2 842 -13 843 9
u842 2 843 15 844 -16
u843 2 844 5 845 15
u844 2 845 19 846 6
u845 2 846 4 847 2
u846 2 847 8 848 11
u847 2 848 7 849 7
u848 2 849 15 850 20
u849 2 850 20 851 12
u850 2 851 3 852 11
u851 2 852 9 853 9
u852 2 853 18 854 12
u853 2 854 5 855 4
u854 2 855 10 856 5
u855 2 856 18 857 1
u856 2 857 9 858 19
u857 2 858 13 859 19
u858 2 859 9 860 10
u859 2 860 9 861 1
u860 2 861 9 862 1
u861 2 862 1 863 5
u862 2 863 19 864 20
u863 2 864 5 865 13
u864 2 865 16 866 -16
u865 2 866 5 867 9
u866 2 867 19 868 15
u867 2 868 -13 869 6
u868 2 869 -18 870 17
u869 2 870 6 871 7
u870 2 871 11 872 8
u871 2 872 8 873 -18
u872 2 873 9 874 9
u873 2 874 -19 875 8
u874 2 875 4 876 4
u875 2 876 2 877 10
u876 2 877 20 878 4
u877 2 878 -14 879 8
u878 2 879 7 880 13
u879 2 880 20 881 14
u880 2 881 2 882 -12
u881 2 882 3 883 2
u882 2 883 17 884 6
u883 2 884 7 885 7
u884 2 885 4 886 -10
u885 2 886 9 887 1
u886 2 887 18 888 14
u887 2 888 20 889 -11
u888 2 889 14 890 14
u889 2 890 17 891 16
u890 2 891 5 892 9
u891 2 892 8 893 2
u892 2 893 1 894 2
u893 2 894 5 895 18
u894 2 895 9 896 5
u895 2 896 9 897 18
u896 2 897 14 898 3
u897 2 898 14 899 1
u898 2 899 4 900 17
u899 2 900 2 901 15
u900 2 901 7 902 1
u901 2 902 4 903 -3
u902 2 903 6 904 -8
u903 2 904 9 905 11
u904 2 905 -4 906 2
u905 2 906 1 907 11
u906 2 907 18 908 6
u907 2 908 20 909 6
u908 2 909 6 910 19
u909 2 910 17 911 3
u910 2 911 11 912 16
u911 2 912 18 913 14
u912 2 913 -15 914 5
u913 2 914 14 915 4
u914 2 915 20 916 19
u915 2 916 2 917 7
u916 2 917 3 918 4
u917 2 918 9 919 7
u918 2 919 20 920 1
u919 2 920 8 921 6
u920 2 921 20 922 6
u921 2 922 18 923 9
u922 2 923 9 924 13
u923 2 924 9 925 9
u924 2 925 17 926 12
u925 2 926 11 927 3
u926 2 927 4 928 6
u927 2 928 5 929 4
u928 2 929 5 930 6
u929 2 930 16 931 14
u930 2 931 1 932 17
u931 2 932 11 933 5
u932 2 933 13 934 6
u933 2 934 7 935 19
u934 2 935 -15 936 9
u935 2 936 11 937 4
u936 2 937 13 938 1
u937 2 938 12 939 7
u938 2 939 5 940 -12
u939 2 940 10 941 -19
u940 2 941 14 942 -16
u941 2 942 18 943 7
u942 2 943 -1 944 8
u943 2 944 10 945 14
u944 2 945 13 946 15
u945 2 946 11 947 20
u946 2 947 20 948 9
u947 2 948 14 949 19
u948 2 949 16 950 16
u949 2 950 14 951 19
u950 2 951 11 952 12
u951 2 952 16 953 2
u952 2 953 11 954 11
u953 2 954 12 955 4
u954 2 955 18 956 14
u955 2 956 14 957 13
u956 2 957 7 958 15
u957 2 958 9 959 2
u958 2 959 19 960 5
u959 2 960 7 961 16
u960 2 961 14 962 15
u961 2 962 3 963 9
u962 2 963 20 964 13
u963 2 964 14 965 12
u964 2 965 20 966 8
u965 2 966 11 967 9
u966 2 967 20 968 11
u967 2 968 6 969 15
u968 2 969 6 970 13
u969 2 970 1 971 17
u970 2 971 -9 972 16
u971 2 972 14 973 9
u972 2 973 10 974 17
u973 2 974 19 975 4
u974 2 975 19 976 13
u975 2 976 6 977 16
u976 2 977 8 978 18
u977 2 978 17 979 13
u978 2 979 1 980 20
u979 2 980 3 981 20
u980 2 981 -5 982 16
u981 2 982 5 983 7
u982 2 983 10 984 13
u983 2 984 6 985 11
u984 2 985 7 986 18
u985 2 986 15 987 12
u986 2 987 -20 988 13
u987 2 988 16 989 17
u988 2 989 14 990 7
u989 2 990 17 991 17
u990 2 991 16 992 1
u991 2 992 2 993 8
u992 2 993 3 994 16
u993 2 994 11 995 12
u994 2 995 3 996 10
u995 2 996 9 997 16
u996 2 997 20 998 16
u997 2 998 20 999 16
u998 2 999 10 1000 6
u999 2 1000 11 1001 15
u1000 2 1001 17 1002 2
u1001 2 1002 18 1003 7
u1002 2 1003 9 1004 16
u1003 2 1004 19 1005 13
u1004 2 1005 19 1006 11
u1005 2 1006 17 1007 6
u1006 2 1007 7 1008 11
u1007 2 1008 15 1009 15
u1008 2 1009 3 1010 18
u1009 2 1010 15 1011 14
u1010 2 1011 15 1012 8
u1011 2 1012 -9 1013 11
u1012 2 1013 3 1014 14
u1013 2 1014 20 1015 16
u1014 2 1015 3 1016 10
u1015 2 1016 16 1017 17
u1016 2 1017 12 1018 17
u1017 2 1018 19 1019 1
u1018 2 1019 12 1020 16
u1019 2 1020 15 1021 15
u1020 2 1021 9 1022 3
u1021 2 1022 -17 1023 2
u1022 2 1023 18 1024 13
u1023 2 1024 2 1025 1
u1024 2 1025 1 1026 3
u1025 2 1026 17 1027 12
u1026 2 1027 12 1028 8
u1027 2 1028 -14 1029 13
u1028 2 1029 4 1030 20
u1029 2 1030 17 1031 12
u1030 2 1031 5 1032 14
u1031 2 1032 16 1033 19
u1032 2 1033 16 1034 11
u1033 2 1034 1 1035 -6
u1034 2 1035 3 1036 6
u1035 2 1036 5 1037 1
u1036 2 1037 13 1038 3
u1037 2 1038 4 1039 1
u1038 2 1039 7 1040 -3
u1039 2 1040 18 1041 11
u1040 2 1041 20 1042 15
u1041 2 1042 3 1043 13
u1042 2 1043 14 1044 8
u1043 2 1044 12 1045 14
u1044 2 1045 11 1046 13
u1045 2 1046 20 1047 18
u1046 2 1047 9 1048 16
u1047 2 1048 16 1049 12
u1048 2 1049 18 1050 9
u1049 2 1050 20 1051 7
u1050 2 1051 20 1052 20
u1051 2 1052 19 1053 10
u1052 2 1053 14 1054 1
u1053 2 1054 15 1055 -11
u1054 2 1055 13 1056 15
u1055 2 1056 3 1057 20
u1056 2 1057 12 1058 10
u1057 2 1058 3 1059 17
u1058 2 1059 9 1060 16
u1059 2 1060 19 1061 -15
u1060 2 1061 14 1062 1
u1061 2 1062 20 1063 20
u1062 2 1063 9 1064 14
u1063 2 1064 2 1065 9
u1064 2 1065 16 1066 2
u1065 2 1066 12 1067 15
u1066 2 1067 18 1068 -12
u1067 2 1068 11 1069 18
u1068 2 1069 4 1070 19
u1069 2 1070 16 1071 13
u1070 2 1071 1 1072 19
u1071 2 1072 13 1073 12
u1072 2 1073 2 1074 9
u1073 2 1074 12 1075 4
u1074 2 1075 18 1076 10
u1075 2 1076 8 1077 15
u1076 2 1077 11 1078 20
u1077 2 1078 1 1079 10
u1078 2 1079 11 1080 12
u1079 2 1080 17 1081 8
u1080 2 1081 5 1082 6
u1081 2 1082 2 1083 10
u1082 2 1083 1 1084 1
u1083 2 1084 1 1085 5
u1084 2 1085 3 1086 16
u1085 2 1086 5 1087 6
u1086 2 1087 17 1088 18
u1087 2 1088 17 1089 7
u1088 2 1089 1 1090 7
u1089 2 1090 2 1091 7
u1090 2 1091 16 1092 16
u1091 2 1092 6 1093 6
u1092 2 1093 13 1094 11
u1093 2 1094 20 1095 6
u1094 2 1095 10 1096 12
u1095 2 1096 17 1097 7
u1096 2 1097 10 1098 6
u1097 2 1098 16 1099 16
u1098 2 1099 18 1100 20
u1099 2 1100 7 1101 16
u1100 2 1101 4 1102 4
u1101 2 1102 9 1103 6
u1102 2 1103 3 1104 20
u1103 2 1104 9 1105 5
u1104 2 1105 1 1106 12
u1105 2 1106 9 1107 -9
u1106 2 1107 15 1108 13
u1107 2 1108 1 1109 16
u1108 2 1109 16 1110 1
u1109 2 1110 20 1111 10
u1110 2 1111 19 1112 16
u1111 2 1112 6 1113 13
u1112 2 1113 5 1114 4
u1113 2 1114 -1 1115 6
u1114 2 1115 4 1116 11
u1115 2 1116 15 1117 14
u1116 2 1117 18 1118 4
u1117 2 1118 13 1119 -13
u1118 2 1119 10 1120 9
u1119 2 1120 11 1121 7
u1120 2 1121 14 1122 16
u1121 2 1122 2 1123 6
u1122 2 1123 7 1124 17
u1123 2 1124 1 1125 -18
u1124 2 1125 1 1126 18
u1125 2 1126 5 1127 13
u1126 2 1127 5 1128 3
u1127 2 1128 1 1129 11
u1128 2 1129 8 1130 10
u1129 2 1130 18 1131 3
u1130 2 1131 3 1132 5
u1131 2 1132 4 1133 -11
u1132 2 1133 5 1134 15
u1133 2 1134 7 1135 16
u1134 2 1135 18 1136 6
u1135 2 1136 19 1137 8
u1136 2 1137 16 1138 4
u1137 2 1138 16 1139 15
u1138 2 1139 9 1140 9
u1139 2 1140 19 1141 11
u1140 2 1141 7 1142 10
u1141 2 1142 19 1143 15
u1142 2 1143 20 1144 14
u1143 2 1144 5 1145 7
u1144 2 1145 2 1146 4
u1145 2 1146 8 1147 7
u1146 2 1147 3 1148 14
u1147 2 1148 6 1149 20
u1148 2 1149 10 1150 9
u1149 2 1150 13 1151 2
u1150 2 1151 16 1152 14
u1151 2 1152 7 1153 12
u1152 2 1153 16 1154 7
u1153 2 1154 15 1155 6
u1154 2 1155 12 1156 11
u1155 2 1156 18 1157 7
u1156 2 1157 14 1158 6
u1157 2 1158 14 1159 1
u1158 2 1159 20 1160 3
u1159 2 1160 14 1161 19
u1160 2 1161 4 1162 -20
u1161 2 1162 12 1163 2
u1162 2 1163 8 1164 2
u1163 2 1164 9 1165 3
u1164 2 1165 11 1166 6
u1165 2 1166 2 1167 19
u1166 2 1167 19 1168 9
u1167 2 1168 17 1169 4
u1168 2 1169 1 1170 5
u1169 2 1170 12 1171 9
u1170 2 1171 8 1172 18
u1171 2 1172 10 1173 2
u1172 2 1173 6 1174 5
u1173 2 1174 11 1175 5
u1174 2 1175 9 1176 12
u1175 2 1176 12 1177 15
u1176 2 1177 16 1178 4
u1177 2 1178 1 1179 16
u1178 2 1179 7 1180 6
u1179 2 1180 18 1181 14
u1180 2 1181 18 1182 19
u1181 2 1182 19 1183 20
u1182 2 1183 3 1184 20
u1183 2 1184 4 1185 -15
u1184 2 1185 11 1186 2
u1185 2 1186 17 1187 -15
u1186 2 1187 14 1188 -11
u1187 2 1188 11 1189 13
u1188 2 1189 20 1190 3
u1189 2 1190 9 1191 5
u1190 2 1191 12 1192 8
u1191 2 1192 16 1193 17
u1192 2 1193 8 1194 3
u1193 2 1194 16 1195 10
u1194 2 1195 3 1196 13
u1195 2 1196 12 1197 9
u1196 2 1197 10 1198 14
u1197 2 1198 10 1199 7
u1198 2 1199 8 1200 1
u1199 2 1200 8 1201 5
u1200 2 1201 11 1202 19
u1201 2 1202 16 1203 13
u1202 2 1203 20 1204 11
u1203 2 1204 14 1205 14
u1204 2 1205 19 1206 1
u1205 2 1206 -4 1207 9
u1206 2 1207 4 1208 3
u1207 2 1208 17 1209 7
u1208 2 1209 11 1210 17
u1209 2 1210 3 1211 19
u1210 2 1211 12 1212 11
u1211 2 1212 15 1213 14
u1212 2 1213 20 1214 17
u1213 2 1214 14 1215 14
u1214 2 1215 19 1216 18
u1215 2 1216 2 1217 10
u1216 2 1217 20 1218 18
u1217 2 1218 20 1219 2
u1218 2 1219 12 1220 15
u1219 2 1220 13 1221 20
u1220 2 1221 3 1222 13
u1221 2 1222 9 1223 19
u1222 2 1223 -1 1224 2
u1223 2 1224 3 1225 7
u1224 2 1225 6 1226 3
u1225 2 1226 8 1227 8
u1226 2 1227 3 1228 4
u1227 2 1228 16 1229 7
u1228 2 1229 7 1230 16
u1229 2 1230 7 1231 16
u1230 2 1231 15 1232 11
u1231 2 1232 17 1233 -3
u1232 2 1233 2 1234 2
u1233 2 1234 6 1235 2
u1234 2 1235 1 1236 10
u1235 2 1236 3 1237 8
u1236 2 1237 20 1238 13
u1237 2 1238 11 1239 13
u1238 2 1239 4 1240 8
u1239 2 1240 19 1241 8
u1240 2 1241 19 1242 3
u1241 2 1242 10 1243 7
u1242 2 1243 19 1244 9
u1243 2 1244 6 1245 -19
u1244 2 1245 15 1246 1
u1245 2 1246 5 1247 -6
u1246 2 1247 20 1248 10
u1247 2 1248 9 1249 2
u1248 2 1249 1 1250 12
u1249 2 1250 13 1251 13
u1250 2 1251 4 1252 4
u1251 2 1252 5 1253 4
u1252 2 1253 14 1254 4
u1253 2 1254 10 1255 18
u1254 2 1255 11 1256 5
u1255 2 1256 19 1257 3
u1256 2 1257 -4 1258 15
u1257 2 1258 17 1259 2
u1258 2 1259 16 1260 9
u1259 2 1260 17 1261 14
u1260 2 1261 12 1262 14
u1261 2 1262 5 1263 6
u1262 2 1263 14 1264 17
u1263 2 1264 18 1265 13
u1264 2 1265 1 1266 10
u1265 2 1266 17 1267 3
u1266 2 1267 19 1268 6
u1267 2 1268 12 1269 10
u1268 2 1269 18 1270 7
u1269 2 1270 14 1271 18
u1270 2 1271 4 1272 17
u1271 2 1272 9 1273 14
u1272 2 1273 20 1274 11
u1273 2 1274 14 1275 12
u1274 2 1275 18 1276 12
u1275 2 1276 9 1277 5
u1276 2 1277 14 1278 18
u1277 2 1278 6 1279 10
u1278 2 1279 2 1280 7
u1279 2 1280 17 1281 12
u1280 2 1281 11 1282 6
u1281 2 1282 18 1283 17
u1282 2 1283 4 1284 11
u1283 2 1284 1 1285 4
u1284 2 1285 15 1286 -8
u1285 2 1286 -7 1287 10
u1286 2 1287 10 1288 17
u1287 2 1288 12 1289 20
u1288 2 1289 20 1290 17
u1289 2 1290 8 1291 1
u1290 2 1291 6 1292 6
u1291 2 1292 14 1293 14
u1292 2 1293 18 1294 9
u1293 2 1294 -12 1295 13
u1294 2 1295 15 1296 16
u1295 2 1296 16 1297 9
u1296 2 1297 18 1298 7
u1297 2 1298 20 1299 18
u1298 2 1299 10 1300 19
u1299 2 1300 15 1301 2
u1300 2 1301 2 1302 9
u1301 2 1302 2 1303 20
u1302 2 1303 2 1304 20
u1303 2 1304 5 1305 13
u1304 2 1305 18 1306 7
u1305 2 1306 -11 1307 2
u1306 2 1307 2 1308 8
u1307 2 1308 13 1309 3
u1308 2 1309 11 1310 20
u1309 2 1310 11 1311 8
u1310 2 1311 5 1312 8
u1311 2 1312 1 1313 2
u1312 2 1313 10 1314 2
u1313 2 1314 8 1315 2
u1314 2 1315 14 1316 14
u1315 2 1316 7 1317 6
u1316 2 1317 9 1318 5
u1317 2 1318 -14 1319 2
u1318 2 1319 7 1320 10
u1319 2 1320 2 1321 17
u1320 2 1321 20 1322 4
u1321 2 1322 3 1323 6
u1322 2 1323 4 1324 1
u1323 2 1324 17 1325 7
u1324 2 1325 17 1326 2
u1325 2 1326 8 1327 17
u1326 2 1327 12 1328 4
u1327 2 1328 4 1329 14
u1328 2 1329 4 1330 20
u1329 2 1330 5 1331 13
u1330 2 1331 2 1332 16
u1331 2 1332 19 1333 6
u1332 2 1333 6 1334 17
u1333 2 1334 8 1335 8
u1334 2 1335 5 1336 19
u1335 2 1336 -17 1337 13
u1336 2 1337 4 1338 4
u1337 2 1338 17 1339 13
u1338 2 1339 16 1340 9
u1339 2 1340 10 1341 19
u1340 2 1341 16 1342 7
u1341 2 1342 14 1343 14
u1342 2 1343 13 1344 15
u1343 2 1344 15 1345 17
u1344 2 1345 11 1346 10
u1345 2 1346 19 1347 16
u1346 2 1347 16 1348 14
u1347 2 1348 9 1349 13
u1348 2 1349 20 1350 20
u1349 2 1350 6 1351 8
u1350 2 1351 4 1352 4
u1351 2 1352 17 1353 12
u1352 2 1353 2 1354 11
u1353 2 1354 20 1355 11
u1354 2 1355 4 1356 8
u1355 2 1356 9 1357 10
u1356 2 1357 1 1358 3
u1357 2 1358 1 1359 6
u1358 2 1359 6 1360 13
u1359 2 1360 20 1361 20
u1360 2 1361 15 1362 7
u1361 2 1362 10 1363 18
u1362 2 1363 11 1364 15
u1363 2 1364 16 1365 8
u1364 2 1365 19 1366 13
u1365 2 1366 6 1367 20
u1366 2 1367 8 1368 15
u1367 2 1368 15 1369 6
u1368 2 1369 20 1370 10
u1369 2 1370 4 1371 17
u1370 2 1371 6 1372 15
u1371 2 1372 8 1373 4
u1372 2 1373 3 1374 11
u1373 2 1374 9 1375 2
u1374 2 1375 6 1376 19
u1375 2 1376 18 1377 2
u1376 2 1377 4 1378 20
u1377 2 1378 7 1379 19
u1378 2 1379 20 1380 3
u1379 2 1380 17 1381 9
u1380 2 1381 16 1382 -15
u1381 2 1382 7 1383 11
u1382 2 1383 14 1384 19
u1383 2 1384 17 1385 15
u1384 2 1385 4 1386 16
u1385 2 1386 9 1387 6
u1386 2 1387 5 1388 5
u1387 2 1388 5 1389 5
u1388 2 1389 14 1390 13
u1389 2 1390 15 1391 8
u1390 2 1391 -10 1392 3
u1391 2 1392 13 1393 11
u1392 2 1393 18 1394 3
u1393 2 1394 5 1395 20
u1394 2 1395 5 1396 11
u1395 2 1396 2 1397 18
u1396 2 1397 6 1398 15
u1397 2 1398 9 1399 5
u1398 2 1399 1 1400 9
u1399 2 1400 -17 1401 4
u1400 2 1401 9 1402 1
u1401 2 1402 16 1403 10
u1402 2 1403 9 1404 10
u1403 2 1404 16 1405 1
u1404 2 1405 3 1406 12
u1405 2 1406 14 1407 6
u1406 2 1407 7 1408 11
u1407 2 1408 18 1409 19
u1408 2 1409 14 1410 2
u1409 2 1410 4 1411 19
u1410 2 1411 20 1412 2
u1411 2 1412 9 1413 6
u1412 2 1413 1 1414 19
u1413 2 1414 13 1415 19
u1414 2 1415 -9 1416 18
u1415 2 1416 3 1417 12
u1416 2 1417 20 1418 2
u1417 2 1418 7 1419 1
u1418 2 1419 15 1420 6
u1419 2 1420 7 1421 13
u1420 2 1421 4 1422 13
u1421 2 1422 2 1423 11
u1422 2 1423 14 1424 18
u1423 2 1424 4 1425 -11
u1424 2 1425 7 1426 20
u1425 2 1426 13 1427 6
u1426 2 1427 13 1428 8
u1427 2 1428 9 1429 2
u1428 2 1429 5 1430 18
u1429 2 1430 13 1431 11
u1430 2 1431 -19 1432 19
u1431 2 1432 5 1433 11
u1432 2 1433 3 1434 2
u1433 2 1434 20 1435 19
u1434 2 1435 14 1436 10
u1435 2 1436 4 1437 16
u1436 2 1437 19 1438 9
u1437 2 1438 19 1439 4
u1438 2 1439 6 1440 -1
u1439 2 1440 15 1441 9
u1440 2 1441 9 1442 10
u1441 2 1442 6 1443 12
u1442 2 1443 18 1444 1
u1443 2 1444 19 1445 8
u1444 2 1445 15 1446 8
u1445 2 1446 15 1447 3
u1446 2 1447 9 1448 19
u1447 2 1448 13 1449 13
u1448 2 1449 20 1450 17
u1449 2 1450 19 1451 1
u1450 2 1451 18 1452 17
u1451 2 1452 6 1453 -18
u1452 2 1453 -7 1454 13
u1453 2 1454 10 1455 3
u1454 2 1455 4 1456 7
u1455 2 1456 11 1457 11
u1456 2 1457 -17 1458 18
u1457 2 1458 5 1459 6
u1458 2 1459 17 1460 14
u1459 2 1460 5 1461 2
u1460 2 1461 13 1462 17
u1461 2 1462 -15 1463 7
u1462 2 1463 9 1464 19
u1463 2 1464 6 1465 19
u1464 2 1465 2 1466 19
u1465 2 1466 10 1467 14
u1466 2 1467 7 1468 11
u1467 2 1468 -13 1469 20
u1468 2 1469 1 1470 16
u1469 2 1470 -14 1471 18
u1470 2 1471 10 1472 20
u1471 2 1472 8 1473 9
u1472 2 1473 5 1474 2
u1473 2 1474 18 1475 19
u1474 2 1475 16 1476 1
u1475 2 1476 1 1477 7
u1476 2 1477 13 1478 6
u1477 2 1478 3 1479 1
u1478 2 1479 11 1480 5
u1479 2 1480 16 1481 4
u1480 2 1481 10 1482 16
u1481 2 1482 7 1483 7
u1482 2 1483 1 1484 16
u1483 2 1484 17 1485 16
u1484 2 1485 3 1486 15
u1485 2 1486 3 1487 4
u1486 2 1487 18 1488 20
u1487 2 1488 15 1489 17
u1488 2 1489 15 1490 -1
u1489 2 1490 11 1491 -19
u1490 2 1491 18 1492 12
u1491 2 1492 2 1493 11
u1492 2 1493 11 1494 -2
u1493 2 1494 5 1495 19
u1494 2 1495 1 1496 19
u1495 2 1496 11 1497 4
u1496 2 1497 10 1498 17
u1497 2 1498 1 1499 14
u1498 2 1499 5 1500 9
u1499 2 1500 11 1501 16
u1500 2 1501 3 1502 12
u1501 2 1502 17 1503 2
u1502 2 1503 7 1504 19
u1503 2 1504 7 1505 9
u1504 2 1505 3 1506 20
u1505 2 1506 14 1507 18
u1506 2 1507 4 1508 3
u1507 2 1508 9 1509 7
u1508 2 1509 17 1510 9
u1509 2 1510 16 1511 20
u1510 2 1511 9 1512 16
u1511 2 1512 12 1513 8
u1512 2 1513 8 1514 13
u1513 2 1514 1 1515 5
u1514 2 1515 14 1516 5
u1515 2 1516 2 1517 8
u1516 2 1517 5 1518 9
u1517 2 1518 13 1519 10
u1518 2 1519 10 1520 -6
u1519 2 1520 5 1521 20
u1520 2 1521 15 1522 5
u1521 2 1522 2 1523 12
u1522 2 1523 20 1524 12
u1523 2 1524 8 1525 14
u1524 2 1525 17 1526 3
u1525 2 1526 20 1527 16
u1526 2 1527 18 1528 9
u1527 2 1528 10 1529 18
u1528 2 1529 19 1530 4
u1529 2 1530 5 1531 7
u1530 2 1531 4 1532 8
u1531 2 1532 6 1533 10
u1532 2 1533 7 1534 17
u1533 2 1534 18 1535 18
u1534 2 1535 1 1536 8
u1535 2 1536 11 1537 14
u1536 2 1537 13 1538 14
u1537 2 1538 7 1539 6
u1538 2 1539 9 1540 17
u1539 2 1540 9 1541 4
u1540 2 1541 6 1542 -5
u1541 2 1542 2 1543 20
u1542 2 1543 4 1544 4
u1543 2 1544 13 1545 16
u1544 2 1545 8 1546 7
u1545 2 1546 19 1547 4
u1546 2 1547 12 1548 14
u1547 2 1548 12 1549 8
u1548 2 1549 3 1550 4
u1549 2 1550 16 1551 1
u1550 2 1551 10 1552 1
u1551 2 1552 19 1553 16
u1552 2 1553 12 1554 6
u1553 2 1554 13 1555 3
u1554 2 1555 3 1556 17
u1555 2 1556 11 1557 13
u1556 2 1557 8 1558 18
u1557 2 1558 16 1559 18
u1558 2 1559 19 1560 11
u1559 2 1560 1 1561 5
u1560 2 1561 -9 1562 13
u1561 2 1562 18 1563 9
u1562 2 1563 13 1564 8
u1563 2 1564 3 1565 13
u1564 2 1565 -4 1566 15
u1565 2 1566 7 1567 12
u1566 2 1567 20 1568 18
u1567 2 1568 12 1569 17
u1568 2 1569 20 1570 6
u1569 2 1570 13 1571 -11
u1570 2 1571 6 1572 16
u1571 2 1572 2 1573 6
u1572 2 1573 16 1574 18
u1573 2 1574 4 1575 16
u1574 2 1575 -20 1576 17
u1575 2 1576 15 1577 14
u1576 2 1577 20 1578 2
u1577 2 1578 18 1579 5
u1578 2 1579 15 1580 5
u1579 2 1580 15 1581 9
u1580 2 1581 10 1582 17
u1581 2 1582 8 1583 5
u1582 2 1583 3 1584 1
u1583 2 1584 10 1585 5
u1584 2 1585 14 1586 20
u1585 2 1586 10 1587 2
u1586 2 1587 -3 1588 15
u1587 2 1588 3 1589 2
u1588 2 1589 13 1590 6
u1589 2 1590 14 1591 14
u1590 2 1591 2 1592 14
u1591 2 1592 6 1593 17
u1592 2 1593 4 1594 2
u1593 2 1594 16 1595 12
u1594 2 1595 18 1596 17
u1595 2 1596 4 1597 8
u1596 2 1597 5 1598 14
u1597 2 1598 14 1599 2
u1598 2 1599 4 1600 12
u1599 2 1600 18 1601 12
u1600 2 1601 4 1602 6
u1601 2 1602 16 1603 1
u1602 2 1603 5 1604 16
u1603 2 1604 9 1605 1
u1604 2 1605 15 1606 4
u1605 2 1606 8 1607 10
u1606 2 1607 17 1608 7
u1607 2 1608 10 1609 12
u1608 2 1609 18 1610 13
u1609 2 1610 15 1611 2
u1610 2 1611 15 1612 17
u1611 2 1612 10 1613 15
u1612 2 1613 10 1614 2
u1613 2 1614 1 1615 10
u1614 2 1615 18 1616 18
u1615 2 1616 15 1617 2
u1616 2 1617 4 1618 11
u1617 2 1618 8 1619 15
u1618 2 1619 16 1620 5
u1619 2 1620 12 1621 11
u1620 2 1621 6 1622 18
u1621 2 1622 12 1623 -18
u1622 2 1623 2 1624 -19
u1623 2 1624 11 1625 6
u1624 2 1625 16 1626 16
u1625 2 1626 3 1627 -20
u1626 2 1627 16 1628 11
u1627 2 1628 14 1629 9
u1628 2 1629 4 1630 5
u1629 2 1630 9 1631 18
u1630 2 1631 5 1632 8
u1631 2 1632 17 1633 20
u1632 2 1633 -18 1634 12
u1633 2 1634 12 1635 16
u1634 2 1635 20 1636 14
u1635 2 1636 8 1637 9
u1636 2 1637 7 1638 -19
u1637 2 1638 17 1639 9
u1638 2 1639 19 1640 6
u1639 2 1640 6 1641 16
u1640 2 1641 4 1642 6
u1641 2 1642 12 1643 9
u1642 2 1643 11 1644 1
u1643 2 1644 7 1645 18
u1644 2 1645 3 1646 12
u1645 2 1646 11 1647 4
u1646 2 1647 1 1648 5
u1647 2 1648 4 1649 1
u1648 2 1649 16 1650 -7
u1649 2 1650 18 1651 13
u1650 2 1651 10 1652 13
u1651 2 1652 18 1653 18
u1652 2 1653 17 1654 12
u1653 2 1654 11 1655 3
u1654 2 1655 6 1656 8
u1655 2 1656 18 1657 20
u1656 2 1657 17 1658 19
u1657 2 1658 11 1659 5
u1658 2 1659 4 1660 6
u1659 2 1660 1 1661 11
u1660 2 1661 3 1662 18
u1661 2 1662 18 1663 18
u1662 2 1663 3 1664 17
u1663 2 1664 8 1665 18
u1664 2 1665 12 1666 2
u1665 2 1666 13 1667 16
u1666 2 1667 1 1668 16
u1667 2 1668 9 1669 14
u1668 2 1669 16 1670 20
u1669 2 1670 15 1671 1
u1670 2 1671 7 1672 14
u1671 2 1672 15 1673 20
u1672 2 1673 20 1674 20
u1673 2 1674 3 1675 16
u1674 2 1675 13 1676 19
u1675 2 1676 17 1677 -2
u1676 2 1677 1 1678 8
u1677 2 1678 2 1679 15
u1678 2 1679 10 1680 20
u1679 2 1680 14 1681 5
u1680 2 1681 1 1682 4
u1681 2 1682 6 1683 11
u1682 2 1683 -13 1684 6
u1683 2 1684 1 1685 5
u1684 2 1685 8 1686 2
u1685 2 1686 7 1687 13
u1686 2 1687 12 1688 3
u1687 2 1688 6 1689 8
u1688 2 1689 19 1690 19
u1689 2 1690 8 1691 3
u1690 2 1691 20 1692 6
u1691 2 1692 5 1693 13
u1692 2 1693 4 1694 8
u1693 2 1694 15 1695 8
u1694 2 1695 6 1696 10
u1695 2 1696 5 1697 16
u1696 2 1697 11 1698 18
u1697 2 1698 8 1699 14
u1698 2 1699 2 1700 15
u1699 2 1700 2 1701 12
u1700 2 1701 10 1702 9
u1701 2 1702 9 1703 -13
u1702 2 1703 3 1704 11
u1703 2 1704 13 1705 6
u1704 2 1705 8 1706 6
u1705 2 1706 14 1707 8
u1706 2 1707 4 1708 1
u1707 2 1708 7 1709 20
u1708 2 1709 16 1710 4
u1709 2 1710 10 1711 3
u1710 2 1711 11 1712 16
u1711 2 1712 10 1713 6
u1712 2 1713 19 1714 -14
u1713 2 1714 19 1715 11
u1714 2 1715 9 1716 16
u1715 2 1716 1 1717 14
u1716 2 1717 4 1718 18
u1717 2 1718 17 1719 1
u1718 2 1719 19 1720 2
u1719 2 1720 14 1721 4
u1720 2 1721 2 1722 1
u1721 2 1722 13 1723 13
u1722 2 1723 9 1724 11
u1723 2 1724 15 1725 13
u1724 2 1725 18 1726 19
u1725 2 1726 6 1727 10
u1726 2 1727 10 1728 1
u1727 2 1728 -15 1729 7
u1728 2 1729 15 1730 18
u1729 2 1730 15 1731 4
u1730 2 1731 1 1732 12
u1731 2 1732 5 1733 3
u1732 2 1733 4 1734 15
u1733 2 1734 1 1735 -15
u1734 2 1735 16 1736 9
u1735 2 1736 20 1737 17
u1736 2 1737 10 1738 2
u1737 2 1738 10 1739 2
u1738 2 1739 4 1740 17
u1739 2 1740 19 1741 6
u1740 2 1741 -12 1742 13
u1741 2 1742 7 1743 4
u1742 2 1743 10 1744 1
u1743 2 1744 18 1745 8
u1744 2 1745 5 1746 17
u1745 2 1746 20 1747 8
u1746 2 1747 18 1748 3
u1747 2 1748 6 1749 7
u1748 2 1749 14 1750 3
u1749 2 1750 11 1751 1
u1750 2 1751 18 1752 6
u1751 2 1752 4 1753 13
u1752 2 1753 2 1754 11
u1753 2 1754 -8 1755 5
u1754 2 1755 20 1756 1
u1755 2 1756 1 1757 2
u1756 2 1757 8 1758 19
u1757 2 1758 13 1759 10
u1758 2 1759 19 1760 4
u1759 2 1760 6 1761 7
u1760 2 1761 17 1762 7
u1761 2 1762 3 1763 19
u1762 2 1763 16 1764 17
u1763 2 1764 8 1765 11
u1764 2 1765 8 1766 14
u1765 2 1766 18 1767 6
u1766 2 1767 14 1768 7
u1767 2 1768 8 1769 16
u1768 2 1769 16 1770 15
u1769 2 1770 4 1771 16
u1770 2 1771 17 1772 -9
u1771 2 1772 20 1773 13
u1772 2 1773 9 1774 4
u1773 2 1774 9 1775 18
u1774 2 1775 17 1776 19
u1775 2 1776 7 1777 15
u1776 2 1777 9 1778 9
u1777 2 1778 3 1779 1
u1778 2 1779 16 1780 10
u1779 2 1780 16 1781 1
u1780 2 1781 12 1782 20
u1781 2 1782 18 1783 2
u1782 2 1783 3 1784 8
u1783 2 1784 10 1785 -15
u1784 2 1785 7 1786 6
u1785 2 1786 4 1787 14
u1786 2 1787 19 1788 16
u1787 2 1788 20 1789 12
u1788 2 1789 16 1790 12
u1789 2 1790 2 1791 14
u1790 2 1791 5 1792 17
u1791 2 1792 10 1793 9
u1792 2 1793 19 1794 14
u1793 2 1794 16 1795 19
u1794 2 1795 5 1796 19
u1795 2 1796 13 1797 11
u1796 2 1797 -17 1798 10
u1797 2 1798 12 1799 2
u1798 2 1799 5 1800 19
u1799 2 1800 18 1801 17
u1800 2 1801 20 1802 1
u1801 2 1802 10 1803 15
u1802 2 1803 2 1804 19
u1803 2 1804 2 1805 13
u1804 2 1805 20 1806 11
u1805 2 1806 20 1807 13
u1806 2 1807 5 1808 18
u1807 2 1808 10 1809 18
u1808 2 1809 -14 1810 2
u1809 2 1810 10 1811 20
u1810 2 1811 11 1812 15
u1811 2 1812 11 1813 17
u1812 2 1813 7 1814 11
u1813 2 1814 11 1815 4
u1814 2 1815 9 1816 6
u1815 2 1816 18 1817 18
u1816 2 1817 1 1818 10
u1817 2 1818 13 1819 20
u1818 2 1819 3 1820 20
u1819 2 1820 16 1821 18
u1820 2 1821 13 1822 -6
u1821 2 1822 19 1823 16
u1822 2 1823 11 1824 7
u1823 2 1824 15 1825 15
u1824 2 1825 2 1826 9
u1825 2 1826 18 1827 4
u1826 2 1827 3 1828 2
u1827 2 1828 6 1829 13
u1828 2 1829 19 1830 19
u1829 2 1830 11 1831 2
u1830 2 1831 13 1832 4
u1831 2 1832 4 1833 2
u1832 2 1833 4 1834 11
u1833 2 1834 5 1835 12
u1834 2 1835 17 1836 5
u1835 2 1836 12 1837 2
u1836 2 1837 7 1838 11
u1837 2 1838 16 1839 17
u1838 2 1839 15 1840 3
u1839 2 1840 13 1841 3
u1840 2 1841 12 1842 4
u1841 2 1842 11 1843 11
u1842 2 1843 7 1844 1
u1843 2 1844 19 1845 9
u1844 2 1845 16 1846 6
u1845 2 1846 12 1847 16
u1846 2 1847 19 1848 14
u1847 2 1848 -15 1849 10
u1848 2 1849 16 1850 8
u1849 2 1850 3 1851 3
u1850 2 1851 20 1852 9
u1851 2 1852 13 1853 -14
u1852 2 1853 10 1854 4
u1853 2 1854 18 1855 18
u1854 2 1855 7 1856 5
u1855 2 1856 20 1857 -6
u1856 2 1857 10 1858 2
u1857 2 1858 13 1859 2
u1858 2 1859 5 1860 15
u1859 2 1860 17 1861 4
u1860 2 1861 10 1862 9
u1861 2 1862 14 1863 16
u1862 2 1863 -7 1864 2
u1863 2 1864 7 1865 17
u1864 2 1865 10 1866 7
u1865 2 1866 2 1867 13
u1866 2 1867 17 1868 1
u1867 2 1868 12 1869 1
u1868 2 1869 -19 1870 1
u1869 2 1870 9 1871 18
u1870 2 1871 1 1872 8
u1871 2 1872 5 1873 13
u1872 2 1873 14 1874 11
u1873 2 1874 9 1875 4
u1874 2 1875 16 1876 16
u1875 2 1876 12 1877 11
u1876 2 1877 17 1878 15
u1877 2 1878 18 1879 4
u1878 2 1879 15 1880 10
u1879 2 1880 8 1881 -19
u1880 2 1881 4 1882 18
u1881 2 1882 18 1883 7
u1882 2 1883 15 1884 19
u1883 2 1884 8 1885 3
u1884 2 1885 13 1886 4
u1885 2 1886 1 1887 -14
u1886 2 1887 20 1888 13
u1887 2 1888 15 1889 11
u1888 2 1889 4 1890 7
u1889 2 1890 17 1891 1
u1890 2 1891 13 1892 20
u1891 2 1892 8 1893 -16
u1892 2 1893 10 1894 12
u1893 2 1894 11 1895 11
u1894 2 1895 13 1896 13
u1895 2 1896 11 1897 12
u1896 2 1897 20 1898 20
u1897 2 1898 15 1899 8
u1898 2 1899 2 1900 13
u1899 2 1900 9 1901 4
u1900 2 1901 4 1902 3
u1901 2 1902 15 1903 4
u1902 2 1903 13 1904 10
u1903 2 1904 11 1905 20
u1904 2 1905 14 1906 19
u1905 2 1906 15 1907 18
u1906 2 1907 10 1908 4
u1907 2 1908 -18 1909 13
u1908 2 1909 3 1910 1
u1909 2 1910 13 1911 -5
u1910 2 1911 12 1912 15
u1911 2 1912 19 1913 5
u1912 2 1913 17 1914 5
u1913 2 1914 2 1915 4
u1914 2 1915 18 1916 6
u1915 2 1916 3 1917 4
u1916 2 1917 20 1918 1
u1917 2 1918 14 1919 18
u1918 2 1919 14 1920 10
u1919 2 1920 3 1921 8
u1920 2 1921 -14 1922 10
u1921 2 1922 3 1923 17
u1922 2 1923 1 1924 6
u1923 2 1924 16 1925 1
u1924 2 1925 19 1926 8
u1925 2 1926 5 1927 -15
u1926 2 1927 20 1928 1
u1927 2 1928 20 1929 13
u1928 2 1929 16 1930 9
u1929 2 1930 2 1931 11
u1930 2 1931 4 1932 7
u1931 2 1932 6 1933 4
u1932 2 1933 18 1934 14
u1933 2 1934 10 1935 3
u1934 2 1935 5 1936 5
u1935 2 1936 13 1937 16
u1936 2 1937 11 1938 12
u1937 2 1938 7 1939 8
u1938 2 1939 9 1940 4
u1939 2 1940 17 1941 1
u1940 2 1941 7 1942 11
u1941 2 1942 2 1943 11
u1942 2 1943 17 1944 2
u1943 2 1944 6 1945 4
u1944 2 1945 7 1946 5
u1945 2 1946 11 1947 2
u1946 2 1947 14 1948 15
u1947 2 1948 11 1949 7
u1948 2 1949 17 1950 19
u1949 2 1950 11 1951 12
u1950 2 1951 9 1952 19
u1951 2 1952 8 1953 14
u1952 2 1953 5 1954 17
u1953 2 1954 17 1955 3
u1954 2 1955 7 1956 -14
u1955 2 1956 14 1957 3
u1956 2 1957 4 1958 9
u1957 2 1958 8 1959 15
u1958 2 1959 12 1960 14
u1959 2 1960 18 1961 2
u1960 2 1961 20 1962 8
u1961 2 1962 1 1963 15
u1962 2 1963 14 1964 9
u1963 2 1964 9 1965 -13
u1964 2 1965 17 1966 3
u1965 2 1966 6 1967 7
u1966 2 1967 6 1968 9
u1967 2 1968 16 1969 8
u1968 2 1969 1 1970 18
u1969 2 1970 8 1971 16
u1970 2 1971 17 1972 6
u1971 2 1972 9 1973 -9
u1972 2 1973 19 1974 11
u1973 2 1974 19 1975 11
u1974 2 1975 8 1976 9
u1975 2 1976 3 1977 8
u1976 2 1977 14 1978 2
u1977 2 1978 5 1979 16
u1978 2 1979 20 1980 4
u1979 2 1980 12 1981 3
u1980 2 1981 3 1982 18
u1981 2 1982 10 1983 10
u1982 2 1983 1 1984 18
u1983 2 1984 14 1985 10
u1984 2 1985 17 1986 6
u1985 2 1986 12 1987 1
u1986 2 1987 17 1988 18
u1987 2 1988 16 1989 6
u1988 2 1989 3 1990 3
u1989 2 1990 7 1991 1
u1990 2 1991 9 1992 4
u1991 2 1992 1 1993 13
u1992 2 1993 14 1994 4
u1993 2 1994 13 1995 17
u1994 2 1995 18 1996 5
u1995 2 1996 9 1997 7
u1996 2 1997 13 1998 12
u1997 2 1998 -19 1999 20
u1998 2 1999 13 2000 18
u1999 2 2000 9 2001 6
u2000 2 2001 3 2002 1
u2001 2 2002 13 2003 17
u2002 2 2003 6 2004 5
u2003 2 2004 1 2005 18
u2004 2 2005 13 2006 15
u2005 2 2006 9 2007 19
u2006 2 2007 -20 2008 10
u2007 2 2008 4 2009 9
u2008 2 2009 14 2010 5
u2009 2 2010 4 2011 8
u2010 2 2011 14 2012 6
u2011 2 2012 14 2013 11
u2012 2 2013 9 2014 -10
u2013 2 2014 1 2015 14
u2014 2 2015 6 2016 10
u2015 2 2016 17 2017 10
u2016 2 2017 14 2018 19
u2017 2 2018 12 2019 4
u2018 2 2019 9 2020 3
u2019 2 2020 8 2021 14
u2020 2 2021 19 2022 -15
u2021 2 2022 16 2023 12
u2022 2 2023 7 2024 11
u2023 2 2024 9 2025 9
u2024 2 2025 20 2026 1
u2025 2 2026 19 2027 3
u2026 2 2027 3 2028 1
u2027 2 2028 17 2029 19
u2028 2 2029 6 2030 18
u2029 2 2030 -13 2031 10
u2030 2 2031 12 2032 4
u2031 2 2032 18 2033 5
u2032 2 2033 19 2034 17
u2033 2 2034 16 2035 2
u2034 2 2035 8 2036 17
u2035 2 2036 15 2037 13
u2036 2 2037 -19 2038 13
u2037 2 2038 4 2039 4
u2038 2 2039 12 2040 11
u2039 2 2040 11 2041 11
u2040 2 2041 7 2042 16
u2041 2 2042 7 2043 5
u2042 2 2043 1 2044 9
u2043 2 2044 10 2045 9
u2044 2 2045 1 2046 2
u2045 2 2046 -2 2047 10
u2046 2 2047 4 2048 6
u2047 2 2048 8 2049 7
u2048 2 2049 17 2050 14
u2049 2 2050 5 2051 20
u2050 2 2051 1 2052 5
u2051 2 2052 4 2053 7
u2052 2 2053 16 2054 3
u2053 2 2054 10 2055 16
u2054 2 2055 3 2056 7
u2055 2 2056 14 2057 1
u2056 2 2057 20 2058 -6
u2057 2 2058 5 2059 14
u2058 2 2059 17 2060 11
u2059 2 2060 19 2061 11
u2060 2 2061 8 2062 18
u2061 2 2062 12 2063 9
u2062 2 2063 1 2064 12
u2063 2 2064 16 2065 9
u2064 2 2065 4 2066 14
u2065 2 2066 4 2067 17
u2066 2 2067 16 2068 13
u2067 2 2068 2 2069 16
u2068 2 2069 2 2070 16
u2069 2 2070 5 2071 6
u2070 2 2071 10 2072 17
u2071 2 2072 3 2073 18
u2072 2 2073 13 2074 4
u2073 2 2074 4 2075 15
u2074 2 2075 2 2076 5
u2075 2 2076 14 2077 20
u2076 2 2077 17 2078 20
u2077 2 2078 4 2079 8
u2078 2 2079 19 2080 4
u2079 2 2080 17 2081 14
u2080 2 2081 8 2082 5
u2081 2 2082 11 2083 5
u2082 2 2083 7 2084 13
u2083 2 2084 6 2085 1
u2084 2 2085 2 2086 8
u2085 2 2086 1 2087 20
u2086 2 2087 3 2088 12
u2087 2 2088 4 2089 7
u2088 2 2089 4 2090 17
u2089 2 2090 5 2091 19
u2090 2 2091 4 2092 14
u2091 2 2092 10 2093 16
u2092 2 2093 4 2094 -6
u2093 2 2094 12 2095 13
u2094 2 2095 6 2096 -16
u2095 2 2096 12 2097 10
u2096 2 2097 17 2098 16
u2097 2 2098 16 2099 12
u2098 2 2099 20 2100 7
u2099 2 2100 -18 2101 1
u2100 2 2101 3 2102 11
u2101 2 2102 18 2103 14
u2102 2 2103 1 2104 9
u2103 2 2104 11 2105 14
u2104 2 2105 8 2106 13
u2105 2 2106 18 2107 6
u2106 2 2107 19 2108 14
u2107 2 2108 19 2109 15
u2108 2 2109 -3 2110 11
u2109 2 2110 14 2111 14
u2110 2 2111 7 2112 19
u2111 2 2112 3 2113 5
u2112 2 2113 8 2114 10
u2113 2 2114 18 2115 -19
u2114 2 2115 17 2116 17
u2115 2 2116 4 2117 8
u2116 2 2117 13 2118 10
u2117 2 2118 8 2119 2
u2118 2 2119 4 2120 5
u2119 2 2120 19 2121 5
u2120 2 2121 18 2122 5
u2121 2 2122 1 2123 12
u2122 2 2123 15 2124 1
u2123 2 2124 14 2125 18
u2124 2 2125 12 2126 19
u2125 2 2126 5 2127 10
u2126 2 2127 5 2128 1
u2127 2 2128 4 2129 19
u2128 2 2129 20 2130 -7
u2129 2 2130 14 2131 5
u2130 2 2131 1 2132 -6
u2131 2 2132 3 2133 2
u2132 2 2133 -12 2134 16
u2133 2 2134 4 2135 14
u2134 2 2135 12 2136 5
u2135 2 2136 13 2137 11
u2136 2 2137 12 2138 12
u2137 2 2138 1 2139 6
u2138 2 2139 13 2140 20
u2139 2 2140 13 2141 20
u2140 2 2141 18 2142 -7
u2141 2 2142 6 2143 10
u2142 2 2143 20 2144 6
u2143 2 2144 18 2145 13
u2144 2 2145 1 2146 3
u2145 2 2146 11 2147 10
u2146 2 2147 17 2148 18
u2147 2 2148 16 2149 12
u2148 2 2149 9 2150 13
u2149 2 2150 1 2151 13
u2150 2 2151 14 2152 12
u2151 2 2152 7 2153 13
u2152 2 2153 12 2154 18
u2153 2 2154 2 2155 15
u2154 2 2155 4 2156 14
u2155 2 2156 -2 2157 9
u2156 2 2157 5 2158 2
u2157 2 2158 19 2159 8
u2158 2 2159 4 2160 7
u2159 2 2160 13 2161 14
u2160 2 2161 8 2162 7
u2161 2 2162 17 2163 3
u2162 2 2163 15 2164 6
u2163 2 2164 9 2165 1
u2164 2 2165 2 2166 13
u2165 2 2166 15 2167 7
u2166 2 2167 1 2168 7
u2167 2 2168 7 2169 2
u2168 2 2169 5 2170 11
u2169 2 2170 1 2171 7
u2170 2 2171 20 2172 19
u2171 2 2172 9 2173 6
u2172 2 2173 5 2174 8
u2173 2 2174 14 2175 10
u2174 2 2175 10 2176 3
u2175 2 2176 6 2177 -3
u2176 2 2177 20 2178 2
u2177 2 2178 20 2179 6
u2178 2 2179 14 2180 9
u2179 2 2180 12 2181 17
u2180 2 2181 13 2182 13
u2181 2 2182 19 2183 9
u2182 2 2183 1 2184 -8
u2183 2 2184 20 2185 1
u2184 2 2185 8 2186 3
u2185 2 2186 1 2187 14
u2186 2 2187 10 2188 3
u2187 2 2188 4 2189 6
u2188 2 2189 19 2190 1
u2189 2 2190 6 2191 7
u2190 2 2191 20 2192 14
u2191 2 2192 8 2193 6
u2192 2 2193 1 2194 8
u2193 2 2194 20 2195 5
u2194 2 2195 10 2196 3
u2195 2 2196 4 2197 12
u2196 2 2197 18 2198 12
u2197 2 2198 16 2199 17
u2198 2 2199 15 2200 5
u2199 2 2200 7 2201 1
u2200 2 2201 3 2202 19
u2201 2 2202 10 2203 1
u2202 2 2203 17 2204 15
u2203 2 2204 13 2205 16
u2204 2 2205 6 2206 18
u2205 2 2206 4 2207 4
u2206 2 2207 9 2208 5
u2207 2 2208 3 2209 5
u2208 2 2209 3 2210 9
u2209 2 2210 14 2211 16
u2210 2 2211 3 2212 8
u2211 2 2212 2 2213 -15
u2212 2 2213 15 2214 6
u2213 2 2214 2 2215 17
u2214 2 2215 10 2216 17
u2215 2 2216 15 2217 15
u2216 2 2217 8 2218 14
u2217 2 2218 12 2219 10
u2218 2 2219 9 2220 18
u2219 2 2220 11 2221 7
u2220 2 2221 10 2222 13
u2221 2 2222 10 2223 15
u2222 2 2223 2 2224 14
u2223 2 2224 19 2225 7
u2224 2 2225 10 2226 18
u2225 2 2226 1 2227 1
u2226 2 2227 2 2228 8
u2227 2 2228 8 2229 17
u2228 2 2229 6 2230 16
u2229 2 2230 1 2231 -17
u2230 2 2231 9 2232 12
u2231 2 2232 7 2233 1
u2232 2 2233 6 2234 12
u2233 2 2234 4 2235 11
u2234 2 2235 18 2236 20
u2235 2 2236 14 2237 16
u2236 2 2237 11 2238 13
u2237 2 2238 18 2239 10
u2238 2 2239 8 2240 15
u2239 2 2240 12 2241 4
u2240 2 2241 3 2242 14
u2241 2 2242 17 2243 6
u2242 2 2243 14 2244 16
u2243 2 2244 16 2245 10
u2244 2 2245 10 2246 8
u2245 2 2246 18 2247 19
u2246 2 2247 11 2248 19
u2247 2 2248 14 2249 6
u2248 2 2249 13 2250 10
u2249 2 2250 9 2251 20
u2250 2 2251 17 2252 9
u2251 2 2252 10 2253 9
u2252 2 2253 14 2254 11
u2253 2 2254 19 2255 8
u2254 2 2255 16 2256 8
u2255 2 2256 3 2257 13
u2256 2 2257 9 2258 1
u2257 2 2258 10 2259 18
u2258 2 2259 19 2260 15
u2259 2 2260 -9 2261 2
u2260 2 2261 15 2262 12
u2261 2 2262 15 2263 13
u2262 2 2263 13 2264 -17
u2263 2 2264 13 2265 6
u2264 2 2265 6 2266 6
u2265 2 2266 15 2267 3
u2266 2 2267 4 2268 10
u2267 2 2268 4 2269 17
u2268 2 2269 18 2270 16
u2269 2 2270 14 2271 10
u2270 2 2271 9 2272 3
u2271 2 2272 7 2273 12
u2272 2 2273 4 2274 11
u2273 2 2274 1 2275 17
u2274 2 2275 13 2276 5
u2275 2 2276 3 2277 14
u2276 2 2277 10 2278 15
u2277 2 2278 -18 2279 2
u2278 2 2279 17 2280 14
u2279 2 2280 14 2281 17
u2280 2 2281 8 2282 2
u2281 2 2282 6 2283 -10
u2282 2 2283 13 2284 10
u2283 2 2284 3 2285 16
u2284 2 2285 3 2286 13
u2285 2 2286 5 2287 18
u2286 2 2287 8 2288 14
u2287 2 2288 5 2289 4
u2288 2 2289 9 2290 5
u2289 2 2290 5 2291 11
u2290 2 2291 9 2292 11
u2291 2 2292 19 2293 16
u2292 2 2293 2 2294 6
u2293 2 2294 3 2295 2
u2294 2 2295 2 2296 2
u2295 2 2296 20 2297 8
u2296 2 2297 15 2298 6
u2297 2 2298 11 2299 8
u2298 2 2299 12 2300 1
u2299 2 2300 3 2301 15
u2300 2 2301 2 2302 17
u2301 2 2302 2 2303 6
u2302 2 2303 7 2304 12
u2303 2 2304 7 2305 6
u2304 2 2305 19 2306 5
u2305 2 2306 -2 2307 5
u2306 2 2307 18 2308 16
u2307 2 2308 12 2309 3
u2308 2 2309 3 2310 11
u2309 2 2310 12 2311 2
u2310 2 2311 16 2312 14
u2311 2 2312 15 2313 2
u2312 2 2313 3 2314 8
u2313 2 2314 20 2315 1
u2314 2 2315 3 2316 -19
u2315 2 2316 9 2317 8
u2316 2 2317 17 2318 4
u2317 2 2318 -12 2319 9
u2318 2 2319 16 2320 5
u2319 2 2320 19 2321 15
u2320 2 2321 2 2322 2
u2321 2 2322 9 2323 14
u2322 2 2323 4 2324 20
u2323 2 2324 -6 2325 8
u2324 2 2325 1 2326 12
u2325 2 2326 19 2327 -16
u2326 2 2327 -4 2328 5
u2327 2 2328 7 2329 11
u2328 2 2329 17 2330 18
u2329 2 2330 3 2331 2
u2330 2 2331 8 2332 1
u2331 2 2332 8 2333 17
u2332 2 2333 10 2334 11
u2333 2 2334 12 2335 20
u2334 2 2335 18 2336 9
u2335 2 2336 12 2337 16
u2336 2 2337 6 2338 13
u2337 2 2338 4 2339 -10
u2338 2 2339 15 2340 19
u2339 2 2340 13 2341 16
u2340 2 2341 5 2342 5
u2341 2 2342 19 2343 -18
u2342 2 2343 8 2344 11
u2343 2 2344 9 2345 15
u2344 2 2345 20 2346 15
u2345 2 2346 4 2347 2
u2346 2 2347 14 2348 10
u2347 2 2348 16 2349 9
u2348 2 2349 20 2350 -1
u2349 2 2350 16 2351 13
u2350 2 2351 6 2352 13
u2351 2 2352 6 2353 12
u2352 2 2353 19 2354 4
u2353 2 2354 17 2355 1
u2354 2 2355 8 2356 1
u2355 2 2356 18 2357 -16
u2356 2 2357 14 2358 8
u2357 2 2358 -8 2359 20
u2358 2 2359 14 2360 20
u2359 2 2360 16 2361 7
u2360 2 2361 20 2362 -19
u2361 2 2362 9 2363 13
u2362 2 2363 17 2364 10
u2363 2 2364 9 2365 13
u2364 2 2365 12 2366 2
u2365 2 2366 14 2367 10
u2366 2 2367 2 2368 8
u2367 2 2368 -10 2369 15
u2368 2 2369 10 2370 9
u2369 2 2370 4 2371 20
u2370 2 2371 10 2372 15
u2371 2 2372 16 2373 11
u2372 2 2373 16 2374 19
u2373 2 2374 7 2375 12
u2374 2 2375 17 2376 13
u2375 2 2376 4 2377 10
u2376 2 2377 1 2378 7
u2377 2 2378 12 2379 7
u2378 2 2379 6 2380 9
u2379 2 2380 15 2381 16
u2380 2 2381 5 2382 18
u2381 2 2382 9 2383 6
u2382 2 2383 16 2384 6
u2383 2 2384 19 2385 14
u2384 2 2385 6 2386 11
u2385 2 2386 3 2387 14
u2386 2 2387 13 2388 16
u2387 2 2388 19 2389 6
u2388 2 2389 11 2390 9
u2389 2 2390 2 2391 12
u2390 2 2391 2 2392 17
u2391 2 2392 5 2393 12
u2392 2 2393 20 2394 1
u2393 2 2394 12 2395 9
u2394 2 2395 20 2396 20
u2395 2 2396 7 2397 14
u2396 2 2397 19 2398 6
u2397 2 2398 14 2399 14
u2398 2 2399 3 2400 20
u2399 2 2400 9 2401 8
u2400 2 2401 3 2402 11
u2401 2 2402 4 2403 3
u2402 2 2403 1 2404 5
u2403 2 2404 19 2405 7
u2404 2 2405 19 2406 -2
u2405 2 2406 -7 2407 7
u2406 2 2407 12 2408 20
u2407 2 2408 8 2409 17
u2408 2 2409 8 2410 11
u2409 2 2410 2 2411 10
u2410 2 2411 11 2412 2
u2411 2 2412 4 2413 7
u2412 2 2413 10 2414 13
u2413 2 2414 19 2415 16
u2414 2 2415 3 2416 16
u2415 2 2416 12 2417 17
u2416 2 2417 10 2418 10
u2417 2 2418 2 2419 8
u2418 2 2419 7 2420 -16
u2419 2 2420 13 2421 12
u2420 2 2421 17 2422 18
u2421 2 2422 10 2423 13
u2422 2 2423 3 2424 14
u2423 2 2424 16 2425 -18
u2424 2 2425 5 2426 5
u2425 2 2426 16 2427 10
u2426 2 2427 -11 2428 3
u2427 2 2428 10 2429 3
u2428 2 2429 14 2430 11
u2429 2 2430 6 2431 18
u2430 2 2431 1 2432 -12
u2431 2 2432 12 2433 9
u2432 2 2433 6 2434 13
u2433 2 2434 9 2435 19
u2434 2 2435 6 2436 7
u2435 2 2436 4 2437 12
u2436 2 2437 16 2438 6
u2437 2 2438 9 2439 -15
u2438 2 2439 19 2440 16
u2439 2 2440 13 2441 14
u2440 2 2441 3 2442 1
u2441 2 2442 12 2443 5
u2442 2 2443 8 2444 15
u2443 2 2444 14 2445 19
u2444 2 2445 20 2446 20
u2445 2 2446 10 2447 15
u2446 2 2447 16 2448 16
u2447 2 2448 18 2449 1
u2448 2 2449 7 2450 19
u2449 2 2450 17 2451 2
u2450 2 2451 18 2452 9
u2451 2 2452 4 2453 16
u2452 2 2453 13 2454 5
u2453 2 2454 2 2455 19
u2454 2 2455 4 2456 16
u2455 2 2456 4 2457 17
u2456 2 2457 11 2458 13
u2457 2 2458 17 2459 4
u2458 2 2459 7 2460 19
u2459 2 2460 18 2461 2
u2460 2 2461 11 2462 20
u2461 2 2462 8 2463 16
u2462 2 2463 20 2464 10
u2463 2 2464 17 2465 7
u2464 2 2465 -13 2466 13
u2465 2 2466 3 2467 13
u2466 2 2467 12 2468 6
u2467 2 2468 9 2469 14
u2468 2 2469 18 2470 11
u2469 2 2470 12 2471 3
u2470 2 2471 15 2472 20
u2471 2 2472 7 2473 11
u2472 2 2473 -20 2474 16
u2473 2 2474 3 2475 13
u2474 2 2475 15 2476 2
u2475 2 2476 12 2477 12
u2476 2 2477 15 2478 12
u2477 2 2478 14 2479 7
u2478 2 2479 17 2480 4
u2479 2 2480 -18 2481 13
u2480 2 2481 16 2482 13
u2481 2 2482 6 2483 6
u2482 2 2483 14 2484 19
u2483 2 2484 20 2485 20
u2484 2 2485 9 2486 4
u2485 2 2486 15 2487 -11
u2486 2 2487 15 2488 12
u2487 2 2488 12 2489 13
u2488 2 2489 18 2490 2
u2489 2 2490 7 2491 18
u2490 2 2491 16 2492 16
u2491 2 2492 12 2493 18
u2492 2 2493 -8 2494 11
u2493 2 2494 10 2495 10
u2494 2 2495 20 2496 -1
u2495 2 2496 3 2497 11
u2496 2 2497 1 2498 13
u2497 2 2498 2 2499 15
u2498 2 2499 2 2500 10
u2499 2 2500 4 2501 1
u2500 2 2501 9 2502 1
u2501 2 2502 4 2503 9
u2502 2 2503 8 2504 14
u2503 2 2504 -10 2505 2
u2504 2 2505 9 2506 7
u2505 2 2506 16 2507 19
u2506 2 2507 19 2508 1
u2507 2 2508 12 2509 2
u2508 2 2509 19 2510 2
u2509 2 2510 7 2511 12
u2510 2 2511 8 2512 9
u2511 2 2512 6 2513 15
u2512 2 2513 11 2514 16
u2513 2 2514 12 2515 7
u2514 2 2515 19 2516 13
u2515 2 2516 1 2517 17
u2516 2 2517 10 2518 1
u2517 2 2518 13 2519 15
u2518 2 2519 19 2520 12
u2519 2 2520 -10 2521 2
u2520 2 2521 10 2522 16
u2521 2 2522 14 2523 2
u2522 2 2523 7 2524 18
u2523 2 2524 10 2525 10
u2524 2 2525 11 2526 7
u2525 2 2526 18 2527 2
u2526 2 2527 5 2528 16
u2527 2 2528 2 2529 19
u2528 2 2529 18 2530 3
u2529 2 2530 18 2531 14
u2530 2 2531 10 2532 12
u2531 2 2532 -7 2533 13
u2532 2 2533 9 2534 12
u2533 2 2534 8 2535 12
u2534 2 2535 2 2536 9
u2535 2 2536 2 2537 10
u2536 2 2537 12 2538 -16
u2537 2 2538 5 2539 5
u2538 2 2539 16 2540 6
u2539 2 2540 1 2541 14
u2540 2 2541 12 2542 20
u2541 2 2542 5 2543 18
u2542 2 2543 3 2544 7
u2543 2 2544 7 2545 10
u2544 2 2545 15 2546 -16
u2545 2 2546 -18 2547 12
u2546 2 2547 13 2548 17
u2547 2 2548 15 2549 16
u2548 2 2549 17 2550 3
u2549 2 2550 13 2551 8
u2550 2 2551 3 2552 18
u2551 2 2552 16 2553 12
u2552 2 2553 15 2554 15
u2553 2 2554 10 2555 3
u2554 2 2555 2 2556 5
u2555 2 2556 1 2557 4
u2556 2 2557 11 2558 8
u2557 2 2558 6 2559 10
u2558 2 2559 15 2560 17
u2559 2 2560 10 2561 8
u2560 2 2561 13 2562 17
u2561 2 2562 19 2563 6
u2562 2 2563 6 2564 2
u2563 2 2564 20 2565 6
u2564 2 2565 10 2566 8
u2565 2 2566 18 2567 20
u2566 2 2567 9 2568 13
u2567 2 2568 11 2569 18
u2568 2 2569 11 2570 14
u2569 2 2570 7 2571 17
u2570 2 2571 14 2572 16
u2571 2 2572 18 2573 6
u2572 2 2573 10 2574 3
u2573 2 2574 20 2575 13
u2574 2 2575 20 2576 14
u2575 2 2576 18 2577 2
u2576 2 2577 7 2578 17
u2577 2 2578 10 2579 3
u2578 2 2579 20 2580 18
u2579 2 2580 2 2581 3
u2580 2 2581 12 2582 13
u2581 2 2582 5 2583 2
u2582 2 2583 9 2584 8
u2583 2 2584 20 2585 11
u2584 2 2585 9 2586 12
u2585 2 2586 19 2587 1
u2586 2 2587 2 2588 9
u2587 2 2588 5 2589 3
u2588 2 2589 19 2590 6
u2589 2 2590 12 2591 12
u2590 2 2591 14 2592 3
u2591 2 2592 19 2593 11
u2592 2 2593 8 2594 1
u2593 2 2594 18 2595 11
u2594 2 2595 12 2596 9
u2595 2 2596 9 2597 20
u2596 2 2597 16 2598 17
u2597 2 2598 -1 2599 -20
u2598 2 2599 2 2600 10
u2599 2 2600 18 2601 20
u2600 2 2601 20 2602 17
u2601 2 2602 7 2603 -13
u2602 2 2603 8 2604 2
u2603 2 2604 13 2605 15
u2604 2 2605 1 2606 8
u2605 2 2606 8 2607 17
u2606 2 2607 17 2608 14
u2607 2 2608 9 2609 3
u2608 2 2609 1 2610 7
u2609 2 2610 11 2611 3
u2610 2 2611 20 2612 8
u2611 2 2612 2 2613 16
u2612 2 2613 16 2614 17
u2613 2 2614 6 2615 2
u2614 2 2615 20 2616 -7
u2615 2 2616 20 2617 11
u2616 2 2617 12 2618 1
u2617 2 2618 8 2619 12
u2618 2 2619 4 2620 18
u2619 2 2620 14 2621 18
u2620 2 2621 17 2622 9
u2621 2 2622 6 2623 14
u2622 2 2623 2 2624 17
u2623 2 2624 16 2625 18
u2624 2 2625 16 2626 9
u2625 2 2626 9 2627 9
u2626 2 2627 2 2628 6
u2627 2 2628 7 2629 11
u2628 2 2629 18 2630 15
u2629 2 2630 1 2631 2
u2630 2 2631 19 2632 8
u2631 2 2632 -13 2633 18
u2632 2 2633 9 2634 12
u2633 2 2634 -15 2635 2
u2634 2 2635 8 2636 6
u2635 2 2636 5 2637 13
u2636 2 2637 9 2638 9
u2637 2 2638 13 2639 6
u2638 2 2639 19 2640 15
u2639 2 2640 9 2641 16
u2640 2 2641 8 2642 18
u2641 2 2642 16 2643 15
u2642 2 2643 9 2644 7
u2643 2 2644 15 2645 5
u2644 2 2645 14 2646 13
u2645 2 2646 -20 2647 18
u2646 2 2647 3 2648 -4
u2647 2 2648 18 2649 12
u2648 2 2649 8 2650 11
u2649 2 2650 19 2651 16
u2650 2 2651 14 2652 4
u2651 2 2652 5 2653 -15
u2652 2 2653 7 2654 1
u2653 2 2654 6 2655 18
u2654 2 2655 2 2656 1
u2655 2 2656 3 2657 6
u2656 2 2657 17 2658 19
u2657 2 2658 17 2659 4
u2658 2 2659 6 2660 3
u2659 2 2660 3 2661 11
u2660 2 2661 18 2662 6
u2661 2 2662 9 2663 13
u2662 2 2663 17 2664 11
u2663 2 2664 13 2665 -18
u2664 2 2665 20 2666 -17
u2665 2 2666 1 2667 13
u2666 2 2667 9 2668 6
u2667 2 2668 6 2669 4
u2668 2 2669 15 2670 3
u2669 2 2670 19 2671 20
u2670 2 2671 15 2672 2
u2671 2 2672 18 2673 15
u2672 2 2673 12 2674 10
u2673 2 2674 3 2675 5
u2674 2 2675 15 2676 6
u2675 2 2676 1 2677 8
u2676 2 2677 4 2678 7
u2677 2 2678 4 2679 7
u2678 2 2679 16 2680 9
u2679 2 2680 1 2681 3
u2680 2 2681 5 2682 18
u2681 2 2682 19 2683 9
u2682 2 2683 9 2684 19
u2683 2 2684 16 2685 17
u2684 2 2685 -11 2686 9
u2685 2 2686 2 2687 18
u2686 2 2687 16 2688 2
u2687 2 2688 -19 2689 8
u2688 2 2689 7 2690 17
u2689 2 2690 14 2691 8
u2690 2 2691 10 2692 9
u2691 2 2692 15 2693 4
u2692 2 2693 7 2694 19
u2693 2 2694 3 2695 13
u2694 2 2695 4 2696 15
u2695 2 2696 10 2697 2
u2696 2 2697 15 2698 3
u2697 2 2698 7 2699 4
u2698 2 2699 11 2700 -4
u2699 2 2700 3 2701 13
u2700 2 2701 1 2702 7
u2701 2 2702 -2 2703 7
u2702 2 2703 -19 2704 1
u2703 2 2704 17 2705 15
u2704 2 2705 20 2706 7
u2705 2 2706 10 2707 11
u2706 2 2707 2 2708 15
u2707 2 2708 7 2709 11
u2708 2 2709 12 2710 2
u2709 2 2710 8 2711 10
u2710 2 2711 6 2712 4
u2711 2 2712 12 2713 14
u2712 2 2713 19 2714 15
u2713 2 2714 20 2715 11
u2714 2 2715 6 2716 3
u2715 2 2716 20 2717 16
u2716 2 2717 4 2718 19
u2717 2 2718 4 2719 16
u2718 2 2719 19 2720 3
u2719 2 2720 -4 2721 14
u2720 2 2721 15 2722 17
u2721 2 2722 20 2723 18
u2722 2 2723 8 2724 8
u2723 2 2724 13 2725 14
u2724 2 2725 9 2726 4
u2725 2 2726 18 2727 10
u2726 2 2727 8 2728 16
u2727 2 2728 12 2729 12
u2728 2 2729 8 2730 9
u2729 2 2730 6 2731 12
u2730 2 2731 6 2732 2
u2731 2 2732 6 2733 -10
u2732 2 2733 20 2734 3
u2733 2 2734 6 2735 3
u2734 2 2735 13 2736 5
u2735 2 2736 12 2737 -8
u2736 2 2737 2 2738 5
u2737 2 2738 7 2739 3
u2738 2 2739 11 2740 9
u2739 2 2740 15 2741 16
u2740 2 2741 16 2742 5
u2741 2 2742 9 2743 13
u2742 2 2743 20 2744 7
u2743 2 2744 17 2745 18
u2744 2 2745 2 2746 20
u2745 2 2746 10 2747 9
u2746 2 2747 3 2748 16
u2747 2 2748 13 2749 15
u2748 2 2749 13 2750 -14
u2749 2 2750 14 2751 10
u2750 2 2751 15 2752 14
u2751 2 2752 -6 2753 9
u2752 2 2753 3 2754 5
u2753 2 2754 15 2755 20
u2754 2 2755 2 2756 9
u2755 2 2756 7 2757 1
u2756 2 2757 4 2758 2
u2757 2 2758 6 2759 19
u2758 2 2759 1 2760 2
u2759 2 2760 11 2761 3
u2760 2 2761 9 2762 1
u2761 2 2762 15 2763 18
u2762 2 2763 13 2764 10
u2763 2 2764 14 2765 8
u2764 2 2765 4 2766 20
u2765 2 2766 4 2767 20
u2766 2 2767 19 2768 6
u2767 2 2768 4 2769 6
u2768 2 2769 13 2770 8
u2769 2 2770 -9 2771 8
u2770 2 2771 4 2772 4
u2771 2 2772 -12 2773 9
u2772 2 2773 1 2774 14
u2773 2 2774 4 2775 13
u2774 2 2775 16 2776 11
u2775 2 2776 6 2777 19
u2776 2 2777 2 2778 6
u2777 2 2778 9 2779 5
u2778 2 2779 5 2780 18
u2779 2 2780 -19 2781 8
u2780 2 2781 4 2782 14
u2781 2 2782 6 2783 6
u2782 2 2783 16 2784 6
u2783 2 2784 5 2785 18
u2784 2 2785 4 2786 19
u2785 2 2786 15 2787 7
u2786 2 2787 14 2788 14
u2787 2 2788 7 2789 1
u2788 2 2789 -16 2790 17
u2789 2 2790 3 2791 14
u2790 2 2791 8 2792 5
u2791 2 2792 3 2793 6
u2792 2 2793 12 2794 14
u2793 2 2794 16 2795 16
u2794 2 2795 2 2796 18
u2795 2 2796 18 2797 3
u2796 2 2797 5 2798 15
u2797 2 2798 14 2799 14
u2798 2 2799 -18 2800 12
u2799 2 2800 6 2801 13
u2800 2 2801 -9 2802 4
u2801 2 2802 15 2803 13
u2802 2 2803 14 2804 11
u2803 2 2804 2 2805 7
u2804 2 2805 8 2806 11
u2805 2 2806 11 2807 10
u2806 2 2807 9 2808 9
u2807 2 2808 1 2809 9
u2808 2 2809 15 2810 13
u2809 2 2810 5 2811 14
u2810 2 2811 20 2812 13
u2811 2 2812 15 2813 10
u2812 2 2813 15 2814 3
u2813 2 2814 14 2815 14
u2814 2 2815 6 2816 18
u2815 2 2816 12 2817 3
u2816 2 2817 10 2818 1
u2817 2 2818 17 2819 3
u2818 2 2819 15 2820 12
u2819 2 2820 3 2821 18
u2820 2 2821 17 2822 13
u2821 2 2822 12 2823 18
u2822 2 2823 19 2824 12
u2823 2 2824 20 2825 7
u2824 2 2825 -7 2826 12
u2825 2 2826 7 2827 20
u2826 2 2827 8 2828 20
u2827 2 2828 16 2829 15
u2828 2 2829 3 2830 10
u2829 2 2830 17 2831 13
u2830 2 2831 15 2832 15
u2831 2 2832 12 2833 4
u2832 2 2833 9 2834 9
u2833 2 2834 3 2835 20
u2834 2 2835 13 2836 4
u2835 2 2836 1 2837 3
u2836 2 2837 19 2838 14
u2837 2 2838 11 2839 5
u2838 2 2839 6 2840 7
u2839 2 2840 1 2841 12
u2840 2 2841 13 2842 13
u2841 2 2842 2 2843 4
u2842 2 2843 17 2844 9
u2843 2 2844 19 2845 12
u2844 2 2845 4 2846 17
u2845 2 2846 16 2847 12
u2846 2 2847 5 2848 16
u2847 2 2848 5 2849 17
u2848 2 2849 2 2850 20
u2849 2 2850 19 2851 8
u2850 2 2851 20 2852 3
u2851 2 2852 13 2853 3
u2852 2 2853 7 2854 10
u2853 2 2854 19 2855 3
u2854 2 2855 3 2856 9
u2855 2 2856 10 2857 8
u2856 2 2857 16 2858 2
u2857 2 2858 10 2859 12
u2858 2 2859 7 2860 2
u2859 2 2860 11 2861 13
u2860 2 2861 2 2862 2
u2861 2 2862 9 2863 5
u2862 2 2863 16 2864 8
u2863 2 2864 15 2865 9
u2864 2 2865 19 2866 7
u2865 2 2866 20 2867 16
u2866 2 2867 1 2868 2
u2867 2 2868 17 2869 7
u2868 2 2869 15 2870 9
u2869 2 2870 16 2871 12
u2870 2 2871 17 2872 11
u2871 2 2872 13 2873 4
u2872 2 2873 16 2874 -15
u2873 2 2874 4 2875 15
u2874 2 2875 10 2876 18
u2875 2 2876 4 2877 8
u2876 2 2877 18 2878 19
u2877 2 2878 2 2879 18
u2878 2 2879 5 2880 15
u2879 2 2880 3 2881 4
u2880 2 2881 14 2882 1
u2881 2 2882 2 2883 10
u2882 2 2883 7 2884 12
u2883 2 2884 15 2885 10
u2884 2 2885 -9 2886 20
u2885 2 2886 11 2887 4
u2886 2 2887 8 2888 15
u2887 2 2888 5 2889 3
u2888 2 2889 1 2890 2
u2889 2 2890 10 2891 5
u2890 2 2891 7 2892 18
u2891 2 2892 6 2893 15
u2892 2 2893 14 2894 8
u2893 2 2894 14 2895 2
u2894 2 2895 11 2896 9
u2895 2 2896 16 2897 15
u2896 2 2897 -18 2898 14
u2897 2 2898 5 2899 16
u2898 2 2899 14 2900 5
u2899 2 2900 14 2901 9
u2900 2 2901 1 2902 2
u2901 2 2902 11 2903 20
u2902 2 2903 17 2904 7
u2903 2 2904 19 2905 5
u2904 2 2905 16 2906 1
u2905 2 2906 2 2907 3
u2906 2 2907 8 2908 1
u2907 2 2908 6 2909 1
u2908 2 2909 20 2910 19
u2909 2 2910 -10 2911 10
u2910 2 2911 6 2912 10
u2911 2 2912 18 2913 17
u2912 2 2913 15 2914 10
u2913 2 2914 18 2915 9
u2914 2 2915 2 2916 5
u2915 2 2916 3 2917 14
u2916 2 2917 5 2918 11
u2917 2 2918 8 2919 11
u2918 2 2919 -10 2920 10
u2919 2 2920 -1 2921 14
u2920 2 2921 8 2922 7
u2921 2 2922 4 2923 16
u2922 2 2923 3 2924 6
u2923 2 2924 7 2925 6
u2924 2 2925 11 2926 -14
u2925 2 2926 16 2927 8
u2926 2 2927 14 2928 19
u2927 2 2928 9 2929 14
u2928 2 2929 10 2930 18
u2929 2 2930 16 2931 2
u2930 2 2931 8 2932 5
u2931 2 2932 20 2933 15
u2932 2 2933 7 2934 8
u2933 2 2934 18 2935 9
u2934 2 2935 1 2936 8
u2935 2 2936 17 2937 19
u2936 2 2937 5 2938 20
u2937 2 2938 18 2939 20
u2938 2 2939 16 2940 8
u2939 2 2940 17 2941 14
u2940 2 2941 16 2942 12
u2941 2 2942 2 2943 6
u2942 2 2943 16 2944 19
u2943 2 2944 18 2945 18
u2944 2 2945 -9 2946 1
u2945 2 2946 11 2947 1
u2946 2 2947 15 2948 7
u2947 2 2948 3 2949 15
u2948 2 2949 18 2950 7
u2949 2 2950 5 2951 3
u2950 2 2951 18 2952 6
u2951 2 2952 10 2953 15
u2952 2 2953 3 2954 -9
u2953 2 2954 2 2955 11
u2954 2 2955 5 2956 20
u2955 2 2956 1 2957 18
u2956 2 2957 6 2958 13
u2957 2 2958 3 2959 3
u2958 2 2959 15 2960 18
u2959 2 2960 19 2961 6
u2960 2 2961 14 2962 11
u2961 2 2962 -8 2963 20
u2962 2 2963 3 2964 1
u2963 2 2964 3 2965 3
u2964 2 2965 14 2966 10
u2965 2 2966 14 2967 16
u2966 2 2967 11 2968 15
u2967 2 2968 -17 2969 10
u2968 2 2969 19 2970 16
u2969 2 2970 11 2971 10
u2970 2 2971 4 2972 20
u2971 2 2972 6 2973 13
u2972 2 2973 13 2974 2
u2973 2 2974 4 2975 16
u2974 2 2975 11 2976 13
u2975 2 2976 11 2977 20
u2976 2 2977 -1 2978 12
u2977 2 2978 17 2979 7
u2978 2 2979 -8 2980 7
u2979 2 2980 4 2981 9
u2980 2 2981 8 2982 4
u2981 2 2982 8 2983 8
u2982 2 2983 18 2984 11
u2983 2 2984 12 2985 9
u2984 2 2985 12 2986 7
u2985 2 2986 2 2987 11
u2986 2 2987 20 2988 10
u2987 2 2988 8 2989 15
u2988 2 2989 9 2990 14
u2989 2 2990 15 2991 15
u2990 2 2991 8 2992 10
u2991 2 2992 3 2993 -18
u2992 2 2993 4 2994 13
u2993 2 2994 4 2995 20
u2994 2 2995 3 2996 7
u2995 2 2996 3 2997 15
u2996 2 2997 7 2998 10
u2997 2 2998 15 2999 -19
u2998 2 2999 10 3000 18
u2999 2 3000 9 3001 10
u3000 2 3001 14 3002 5
u3001 2 3002 17 3003 4
u3002 2 3003 17 3004 -17
u3003 2 3004 11 3005 9
u3004 2 3005 2 3006 5
u3005 2 3006 3 3007 18
u3006 2 3007 7 3008 15
u3007 2 3008 8 3009 12
u3008 2 3009 17 3010 9
u3009 2 3010 8 3011 1
u3010 2 3011 11 3012 3
u3011 2 3012 19 3013 20
u3012 2 3013 11 3014 11
u3013 2 3014 4 3015 13
u3014 2 3015 15 3016 9
u3015 2 3016 16 3017 19
u3016 2 3017 5 3018 7
u3017 2 3018 6 3019 5
u3018 2 3019 4 3020 6
u3019 2 3020 -15 3021 13
u3020 2 3021 1 3022 11
u3021 2 3022 20 3023 12
u3022 2 3023 10 3024 -15
u3023 2 3024 -19 3025 4
u3024 2 3025 3 3026 8
u3025 2 3026 18 3027 9
u3026 2 3027 16 3028 2
u3027 2 3028 20 3029 13
u3028 2 3029 16 3030 18
u3029 2 3030 2 3031 19
u3030 2 3031 5 3032 19
u3031 2 3032 3 3033 3
u3032 2 3033 6 3034 -16
u3033 2 3034 12 3035 20
u3034 2 3035 12 3036 11
u3035 2 3036 13 3037 13
u3036 2 3037 1 3038 17
u3037 2 3038 18 3039 18
u3038 2 3039 4 3040 3
u3039 2 3040 11 3041 20
u3040 2 3041 2 3042 14
u3041 2 3042 13 3043 4
u3042 2 3043 2 3044 20
u3043 2 3044 6 3045 8
u3044 2 3045 15 3046 10
u3045 2 3046 13 3047 8
u3046 2 3047 17 3048 20
u3047 2 3048 8 3049 19
u3048 2 3049 8 3050 -16
u3049 2 3050 19 3051 7
u3050 2 3051 13 3052 19
u3051 2 3052 16 3053 13
u3052 2 3053 18 3054 9
u3053 2 3054 10 3055 2
u3054 2 3055 2 3056 2
u3055 2 3056 20 3057 15
u3056 2 3057 11 3058 20
u3057 2 3058 17 3059 6
u3058 2 3059 10 3060 -6
u3059 2 3060 2 3061 3
u3060 2 3061 2 3062 12
u3061 2 3062 1 3063 20
u3062 2 3063 6 3064 16
u3063 2 3064 6 3065 13
u3064 2 3065 7 3066 19
u3065 2 3066 8 3067 5
u3066 2 3067 7 3068 2
u3067 2 3068 12 3069 3
u3068 2 3069 8 3070 13
u3069 2 3070 7 3071 6
u3070 2 3071 13 3072 19
u3071 2 3072 15 3073 9
u3072 2 3073 8 3074 17
u3073 2 3074 2 3075 4
u3074 2 3075 15 3076 6
u3075 2 3076 15 3077 9
u3076 2 3077 12 3078 6
u3077 2 3078 10 3079 20
u3078 2 3079 4 3080 4
u3079 2 3080 13 3081 -3
u3080 2 3081 7 3082 5
u3081 2 3082 -18 3083 11
u3082 2 3083 14 3084 20
u3083 2 3084 -6 3085 17
u3084 2 3085 8 3086 17
u3085 2 3086 1 3087 5
u3086 2 3087 18 3088 1
u3087 2 3088 15 3089 3
u3088 2 3089 11 3090 17
u3089 2 3090 12 3091 9
u3090 2 3091 1 3092 10
u3091 2 3092 1 3093 14
u3092 2 3093 10 3094 11
u3093 2 3094 9 3095 3
u3094 2 3095 8 3096 3
u3095 2 3096 1 3097 4
u3096 2 3097 17 3098 3
u3097 2 3098 1 3099 19
u3098 2 3099 19 3100 2
u3099 2 3100 8 3101 18
u3100 2 3101 5 3102 3
u3101 2 3102 12 3103 12
u3102 2 3103 8 3104 5
u3103 2 3104 4 3105 16
u3104 2 3105 20 3106 12
u3105 2 3106 12 3107 1
u3106 2 3107 20 3108 14
u3107 2 3108 -12 3109 15
u3108 2 3109 5 3110 19
u3109 2 3110 13 3111 17
u3110 2 3111 20 3112 1
u3111 2 3112 7 3113 13
u3112 2 3113 8 3114 4
u3113 2 3114 17 3115 19
u3114 2 3115 17 3116 19
u3115 2 3116 16 3117 10
u3116 2 3117 15 3118 17
u3117 2 3118 17 3119 9
u3118 2 3119 16 3120 5
u3119 2 3120 10 3121 16
u3120 2 3121 5 3122 3
u3121 2 3122 1 3123 17
u3122 2 3123 5 3124 16
u3123 2 3124 17 3125 15
u3124 2 3125 18 3126 14
u3125 2 3126 6 3127 6
u3126 2 3127 6 3128 10
u3127 2 3128 14 3129 16
u3128 2 3129 8 3130 4
u3129 2 3130 15 3131 -10
u3130 2 3131 12 3132 11
u3131 2 3132 18 3133 13
u3132 2 3133 7 3134 18
u3133 2 3134 3 3135 10
u3134 2 3135 4 3136 12
u3135 2 3136 2 3137 11
u3136 2 3137 4 3138 5
u3137 2 3138 15 3139 19
u3138 2 3139 3 3140 2
u3139 2 3140 11 3141 18
u3140 2 3141 8 3142 13
u3141 2 3142 5 3143 18
u3142 2 3143 14 3144 14
u3143 2 3144 10 3145 11
u3144 2 3145 1 3146 16
u3145 2 3146 18 3147 4
u3146 2 3147 17 3148 6
u3147 2 3148 8 3149 16
u3148 2 3149 3 3150 18
u3149 2 3150 2 3151 10
u3150 2 3151 2 3152 14
u3151 2 3152 18 3153 2
u3152 2 3153 16 3154 6
u3153 2 3154 18 3155 17
u3154 2 3155 2 3156 3
u3155 2 3156 6 3157 4
u3156 2 3157 4 3158 3
u3157 2 3158 9 3159 18
u3158 2 3159 2 3160 6
u3159 2 3160 7 3161 6
u3160 2 3161 4 3162 19
u3161 2 3162 14 3163 6
u3162 2 3163 19 3164 9
u3163 2 3164 4 3165 14
u3164 2 3165 13 3166 14
u3165 2 3166 18 3167 2
u3166 2 3167 5 3168 7
u3167 2 3168 4 3169 7
u3168 2 3169 5 3170 2
u3169 2 3170 19 3171 10
u3170 2 3171 11 3172 3
u3171 2 3172 10 3173 14
u3172 2 3173 12 3174 12
u3173 2 3174 10 3175 1
u3174 2 3175 20 3176 1
u3175 2 3176 14 3177 3
u3176 2 3177 20 3178 1
u3177 2 3178 7 3179 15
u3178 2 3179 10 3180 15
u3179 2 3180 1 3181 15
u3180 2 3181 20 3182 5
u3181 2 3182 12 3183 8
u3182 2 3183 14 3184 8
u3183 2 3184 8 3185 16
u3184 2 3185 -15 3186 2
u3185 2 3186 5 3187 19
u3186 2 3187 8 3188 15
u3187 2 3188 12 3189 7
u3188 2 3189 14 3190 20
u3189 2 3190 4 3191 15
u3190 2 3191 19 3192 4
u3191 2 3192 10 3193 4
u3192 2 3193 17 3194 10
u3193 2 3194 -14 3195 3
u3194 2 3195 2 3196 8
u3195 2 3196 3 3197 20
u3196 2 3197 -5 3198 11
u3197 2 3198 15 3199 14
u3198 2 3199 11 3200 4
u3199 2 3200 16 3201 -1
u3200 2 3201 15 3202 9
u3201 2 3202 16 3203 2
u3202 2 3203 -19 3204 10
u3203 2 3204 7 3205 7
u3204 2 3205 17 3206 12
u3205 2 3206 12 3207 5
u3206 2 3207 7 3208 17
u3207 2 3208 15 3209 11
u3208 2 3209 15 3210 18
u3209 2 3210 9 3211 6
u3210 2 3211 4 3212 4
u3211 2 3212 11 3213 4
u3212 2 3213 10 3214 20
u3213 2 3214 11 3215 3
u3214 2 3215 18 3216 11
u3215 2 3216 18 3217 4
u3216 2 3217 4 3218 -3
u3217 2 3218 9 3219 9
u3218 2 3219 7 3220 8
u3219 2 3220 11 3221 18
u3220 2 3221 1 3222 3
u3221 2 3222 12 3223 18
u3222 2 3223 16 3224 2
u3223 2 3224 1 3225 -7
u3224 2 3225 7 3226 6
u3225 2 3226 18 3227 13
u3226 2 3227 -10 3228 8
u3227 2 3228 7 3229 7
u3228 2 3229 17 3230 1
u3229 2 3230 8 3231 16
u3230 2 3231 18 3232 14
u3231 2 3232 9 3233 11
u3232 2 3233 18 3234 20
u3233 2 3234 -2 3235 12
u3234 2 3235 9 3236 17
u3235 2 3236 4 3237 5
u3236 2 3237 19 3238 13
u3237 2 3238 6 3239 18
u3238 2 3239 3 3240 18
u3239 2 3240 5 3241 9
u3240 2 3241 12 3242 9
u3241 2 3242 9 3243 18
u3242 2 3243 6 3244 15
u3243 2 3244 9 3245 5
u3244 2 3245 18 3246 5
u3245 2 3246 3 3247 -19
u3246 2 3247 11 3248 19
u3247 2 3248 -9 3249 17
u3248 2 3249 14 3250 9
u3249 2 3250 13 3251 17
u3250 2 3251 11 3252 -17
u3251 2 3252 3 3253 19
u3252 2 3253 2 3254 15
u3253 2 3254 10 3255 13
u3254 2 3255 19 3256 14
u3255 2 3256 10 3257 3
u3256 2 3257 18 3258 11
u3257 2 3258 12 3259 11
u3258 2 3259 20 3260 1
u3259 2 3260 4 3261 -18
u3260 2 3261 19 3262 20
u3261 2 3262 3 3263 14
u3262 2 3263 14 3264 4
u3263 2 3264 3 3265 14
u3264 2 3265 3 3266 13
u3265 2 3266 2 3267 18
u3266 2 3267 3 3268 1
u3267 2 3268 19 3269 8
u3268 2 3269 6 3270 15
u3269 2 3270 6 3271 7
u3270 2 3271 4 3272 -8
u3271 2 3272 12 3273 20
u3272 2 3273 -17 3274 9
u3273 2 3274 9 3275 8
u3274 2 3275 6 3276 18
u3275 2 3276 17 3277 11
u3276 2 3277 10 3278 2
u3277 2 3278 12 3279 8
u3278 2 3279 2 3280 17
u3279 2 3280 2 3281 19
u3280 2 3281 1 3282 12
u3281 2 3282 3 3283 -10
u3282 2 3283 12 3284 20
u3283 2 3284 8 3285 12
u3284 2 3285 3 3286 15
u3285 2 3286 12 3287 9
u3286 2 3287 7 3288 10
u3287 2 3288 16 3289 20
u3288 2 3289 10 3290 1
u3289 2 3290 11 3291 7
u3290 2 3291 18 3292 15
u3291 2 3292 15 3293 3
u3292 2 3293 6 3294 3
u3293 2 3294 2 3295 10
u3294 2 3295 3 3296 20
u3295 2 3296 18 3297 3
u3296 2 3297 4 3298 2
u3297 2 3298 -18 3299 9
u3298 2 3299 19 3300 10
u3299 2 3300 2 3301 4
u3300 2 3301 10 3302 18
u3301 2 3302 19 3303 2
u3302 2 3303 6 3304 7
u3303 2 3304 8 3305 7
u3304 2 3305 8 3306 9
u3305 2 3306 15 3307 6
u3306 2 3307 15 3308 15
u3307 2 3308 2 3309 14
u3308 2 3309 11 3310 16
u3309 2 3310 14 3311 6
u3310 2 3311 17 3312 3
u3311 2 3312 3 3313 2
u3312 2 3313 20 3314 12
u3313 2 3314 14 3315 7
u3314 2 3315 2 3316 20
u3315 2 3316 6 3317 10
u3316 2 3317 9 3318 17
u3317 2 3318 3 3319 6
u3318 2 3319 3 3320 19
u3319 2 3320 10 3321 10
u3320 2 3321 7 3322 5
u3321 2 3322 7 3323 20
u3322 2 3323 1 3324 14
u3323 2 3324 6 3325 1
u3324 2 3325 17 3326 -20
u3325 2 3326 11 3327 18
u3326 2 3327 17 3328 9
u3327 2 3328 10 3329 20
u3328 2 3329 2 3330 5
u3329 2 3330 7 3331 13
u3330 2 3331 7 3332 -5
u3331 2 3332 2 3333 9
u3332 2 3333 6 3334 7
u3333 2 3334 17 3335 2
u3334 2 3335 -18 3336 15
u3335 2 3336 9 3337 12
u3336 2 3337 11 3338 11
u3337 2 3338 13 3339 10
u3338 2 3339 5 3340 16
u3339 2 3340 15 3341 18
u3340 2 3341 5 3342 16
u3341 2 3342 13 3343 -13
u3342 2 3343 2 3344 10
u3343 2 3344 1 3345 1
u3344 2 3345 1 3346 -1
u3345 2 3346 17 3347 18
u3346 2 3347 13 3348 17
u3347 2 3348 17 3349 2
u3348 2 3349 13 3350 -7
u3349 2 3350 15 3351 9
u3350 2 3351 9 3352 14
u3351 2 3352 -10 3353 5
u3352 2 3353 1 3354 13
u3353 2 3354 16 3355 18
u3354 2 3355 10 3356 6
u3355 2 3356 2 3357 11
u3356 2 3357 14 3358 14
u3357 2 3358 12 3359 20
u3358 2 3359 8 3360 14
u3359 2 3360 2 3361 18
u3360 2 3361 9 3362 16
u3361 2 3362 13 3363 18
u3362 2 3363 1 3364 8
u3363 2 3364 20 3365 15
u3364 2 3365 4 3366 16
u3365 2 3366 3 3367 3
u3366 2 3367 6 3368 4
u3367 2 3368 7 3369 1
u3368 2 3369 3 3370 18
u3369 2 3370 4 3371 6
u3370 2 3371 12 3372 3
u3371 2 3372 14 3373 20
u3372 2 3373 20 3374 4
u3373 2 3374 13 3375 5
u3374 2 3375 15 3376 6
u3375 2 3376 1 3377 6
u3376 2 3377 11 3378 7
u3377 2 3378 10 3379 10
u3378 2 3379 18 3380 11
u3379 2 3380 9 3381 14
u3380 2 3381 5 3382 11
u3381 2 3382 17 3383 20
u3382 2 3383 8 3384 -13
u3383 2 3384 14 3385 9
u3384 2 3385 12 3386 6
u3385 2 3386 14 3387 9
u3386 2 3387 15 3388 15
u3387 2 3388 7 3389 7
u3388 2 3389 11 3390 9
u3389 2 3390 15 3391 2
u3390 2 3391 16 3392 5
u3391 2 3392 12 3393 2
u3392 2 3393 6 3394 20
u3393 2 3394 8 3395 4
u3394 2 3395 19 3396 8
u3395 2 3396 14 3397 5
u3396 2 3397 7 3398 -2
u3397 2 3398 7 3399 4
u3398 2 3399 7 3400 2
u3399 2 3400 11 3401 16
u3400 2 3401 5 3402 14
u3401 2 3402 17 3403 3
u3402 2 3403 11 3404 2
u3403 2 3404 10 3405 18
u3404 2 3405 12 3406 9
u3405 2 3406 10 3407 14
u3406 2 3407 14 3408 3
u3407 2 3408 17 3409 16
u3408 2 3409 2 3410 6
u3409 2 3410 16 3411 18
u3410 2 3411 19 3412 1
u3411 2 3412 1 3413 4
u3412 2 3413 18 3414 16
u3413 2 3414 19 3415 -4
u3414 2 3415 19 3416 10
u3415 2 3416 16 3417 6
u3416 2 3417 4 3418 16
u3417 2 3418 13 3419 9
u3418 2 3419 9 3420 9
u3419 2 3420 5 3421 4
u3420 2 3421 10 3422 5
u3421 2 3422 18 3423 14
u3422 2 3423 9 3424 13
u3423 2 3424 11 3425 2
u3424 2 3425 19 3426 6
u3425 2 3426 20 3427 -7
u3426 2 3427 19 3428 18
u3427 2 3428 14 3429 13
u3428 2 3429 7 3430 1
u3429 2 3430 8 3431 3
u3430 2 3431 17 3432 5
u3431 2 3432 11 3433 19
u3432 2 3433 7 3434 6
u3433 2 3434 2 3435 2
u3434 2 3435 20 3436 11
u3435 2 3436 2 3437 17
u3436 2 3437 1 3438 16
u3437 2 3438 16 3439 4
u3438 2 3439 13 3440 13
u3439 2 3440 2 3441 19
u3440 2 3441 -9 3442 2
u3441 2 3442 18 3443 16
u3442 2 3443 13 3444 13
u3443 2 3444 15 3445 14
u3444 2 3445 -13 3446 5
u3445 2 3446 10 3447 9
u3446 2 3447 20 3448 15
u3447 2 3448 3 3449 20
u3448 2 3449 17 3450 20
u3449 2 3450 17 3451 10
u3450 2 3451 16 3452 20
u3451 2 3452 5 3453 1
u3452 2 3453 2 3454 -14
u3453 2 3454 11 3455 -10
u3454 2 3455 11 3456 17
u3455 2 3456 7 3457 15
u3456 2 3457 5 3458 16
u3457 2 3458 1 3459 7
u3458 2 3459 -16 3460 16
u3459 2 3460 10 3461 14
u3460 2 3461 16 3462 17
u3461 2 3462 14 3463 19
u3462 2 3463 4 3464 9
u3463 2 3464 4 3465 4
u3464 2 3465 3 3466 12
u3465 2 3466 8 3467 9
u3466 2 3467 6 3468 4
u3467 2 3468 20 3469 1
u3468 2 3469 7 3470 19
u3469 2 3470 7 3471 7
u3470 2 3471 1 3472 5
u3471 2 3472 5 3473 11
u3472 2 3473 2 3474 11
u3473 2 3474 6 3475 18
u3474 2 3475 -20 3476 14
u3475 2 3476 10 3477 6
u3476 2 3477 4 3478 16
u3477 2 3478 10 3479 8
u3478 2 3479 6 3480 5
u3479 2 3480 14 3481 11
u3480 2 3481 15 3482 16
u3481 2 3482 14 3483 8
u3482 2 3483 5 3484 8
u3483 2 3484 13 3485 8
u3484 2 3485 18 3486 3
u3485 2 3486 4 3487 4
u3486 2 3487 9 3488 11
u3487 2 3488 20 3489 13
u3488 2 3489 8 3490 8
u3489 2 3490 8 3491 1
u3490 2 3491 9 3492 3
u3491 2 3492 12 3493 20
u3492 2 3493 6 3494 18
u3493 2 3494 8 3495 20
u3494 2 3495 16 3496 -5
u3495 2 3496 2 3497 6
u3496 2 3497 15 3498 7
u3497 2 3498 16 3499 1
u3498 2 3499 9 3500 -7
u3499 2 3500 11 3501 14
u3500 2 3501 6 3502 15
u3501 2 3502 19 3503 19
u3502 2 3503 15 3504 13
u3503 2 3504 4 3505 3
u3504 2 3505 4 3506 20
u3505 2 3506 19 3507 -14
u3506 2 3507 16 3508 16
u3507 2 3508 14 3509 14
u3508 2 3509 1 3510 3
u3509 2 3510 16 3511 15
u3510 2 3511 12 3512 17
u3511 2 3512 11 3513 15
u3512 2 3513 10 3514 17
u3513 2 3514 15 3515 10
u3514 2 3515 2 3516 5
u3515 2 3516 -10 3517 12
u3516 2 3517 12 3518 18
u3517 2 3518 7 3519 2
u3518 2 3519 13 3520 14
u3519 2 3520 10 3521 1
u3520 2 3521 13 3522 -8
u3521 2 3522 15 3523 19
u3522 2 3523 4 3524 3
u3523 2 3524 6 3525 3
u3524 2 3525 9 3526 20
u3525 2 3526 16 3527 13
u3526 2 3527 10 3528 7
u3527 2 3528 -5 3529 16
u3528 2 3529 5 3530 3
u3529 2 3530 12 3531 11
u3530 2 3531 1 3532 19
u3531 2 3532 19 3533 8
u3532 2 3533 19 3534 1
u3533 2 3534 4 3535 8
u3534 2 3535 13 3536 2
u3535 2 3536 8 3537 -1
u3536 2 3537 15 3538 3
u3537 2 3538 12 3539 3
u3538 2 3539 17 3540 18
u3539 2 3540 7 3541 4
u3540 2 3541 6 3542 4
u3541 2 3542 2 3543 19
u3542 2 3543 20 3544 17
u3543 2 3544 8 3545 16
u3544 2 3545 14 3546 19
u3545 2 3546 18 3547 18
u3546 2 3547 12 3548 11
u3547 2 3548 8 3549 20
u3548 2 3549 7 3550 6
u3549 2 3550 18 3551 10
u3550 2 3551 18 3552 5
u3551 2 3552 4 3553 9
u3552 2 3553 18 3554 2
u3553 2 3554 3 3555 18
u3554 2 3555 19 3556 5
u3555 2 3556 6 3557 7
u3556 2 3557 16 3558 7
u3557 2 3558 9 3559 20
u3558 2 3559 12 3560 14
u3559 2 3560 1 3561 20
u3560 2 3561 11 3562 19
u3561 2 3562 2 3563 13
u3562 2 3563 13 3564 19
u3563 2 3564 19 3565 16
u3564 2 3565 8 3566 11
u3565 2 3566 18 3567 14
u3566 2 3567 1 3568 8
u3567 2 3568 10 3569 8
u3568 2 3569 18 3570 19
u3569 2 3570 3 3571 20
u3570 2 3571 11 3572 2
u3571 2 3572 1 3573 14
u3572 2 3573 12 3574 14
u3573 2 3574 13 3575 8
u3574 2 3575 5 3576 19
u3575 2 3576 11 3577 14
u3576 2 3577 19 3578 18
u3577 2 3578 14 3579 19
u3578 2 3579 16 3580 6
u3579 2 3580 16 3581 14
u3580 2 3581 2 3582 11
u3581 2 3582 7 3583 10
u3582 2 3583 12 3584 18
u3583 2 3584 16 3585 10
u3584 2 3585 16 3586 12
u3585 2 3586 12 3587 6
u3586 2 3587 20 3588 19
u3587 2 3588 10 3589 16
u3588 2 3589 9 3590 15
u3589 2 3590 7 3591 16
u3590 2 3591 19 3592 6
u3591 2 3592 10 3593 16
u3592 2 3593 3 3594 13
u3593 2 3594 8 3595 5
u3594 2 3595 19 3596 1
u3595 2 3596 13 3597 12
u3596 2 3597 2 3598 2
u3597 2 3598 13 3599 5
u3598 2 3599 5 3600 11
u3599 2 3600 16 3601 16
u3600 2 3601 7 3602 12
u3601 2 3602 14 3603 7
u3602 2 3603 14 3604 11
u3603 2 3604 12 3605 1
u3604 2 3605 12 3606 8
u3605 2 3606 13 3607 3
u3606 2 3607 14 3608 1
u3607 2 3608 6 3609 5
u3608 2 3609 5 3610 3
u3609 2 3610 19 3611 1
u3610 2 3611 8 3612 14
u3611 2 3612 -20 3613 9
u3612 2 3613 19 3614 9
u3613 2 3614 16 3615 8
u3614 2 3615 3 3616 12
u3615 2 3616 13 3617 1
u3616 2 3617 11 3618 20
u3617 2 3618 2 3619 11
u3618 2 3619 13 3620 6
u3619 2 3620 16 3621 2
u3620 2 3621 3 3622 20
u3621 2 3622 10 3623 1
u3622 2 3623 7 3624 15
u3623 2 3624 20 3625 14
u3624 2 3625 15 3626 16
u3625 2 3626 3 3627 9
u3626 2 3627 18 3628 3
u3627 2 3628 12 3629 9
u3628 2 3629 17 3630 11
u3629 2 3630 9 3631 17
u3630 2 3631 15 3632 19
u3631 2 3632 7 3633 17
u3632 2 3633 13 3634 6
u3633 2 3634 11 3635 3
u3634 2 3635 14 3636 13
u3635 2 3636 12 3637 18
u3636 2 3637 16 3638 12
u3637 2 3638 19 3639 18
u3638 2 3639 13 3640 4
u3639 2 3640 15 3641 1
u3640 2 3641 16 3642 4
u3641 2 3642 9 3643 20
u3642 2 3643 5 3644 11
u3643 2 3644 -13 3645 5
u3644 2 3645 12 3646 8
u3645 2 3646 -19 3647 2
u3646 2 3647 15 3648 18
u3647 2 3648 15 3649 4
u3648 2 3649 4 3650 16
u3649 2 3650 9 3651 13
u3650 2 3651 16 3652 7
u3651 2 3652 6 3653 1
u3652 2 3653 6 3654 18
u3653 2 3654 13 3655 10
u3654 2 3655 16 3656 13
u3655 2 3656 15 3657 4
u3656 2 3657 5 3658 15
u3657 2 3658 8 3659 10
u3658 2 3659 18 3660 7
u3659 2 3660 11 3661 11
u3660 2 3661 13 3662 8
u3661 2 3662 14 3663 2
u3662 2 3663 13 3664 5
u3663 2 3664 4 3665 7
u3664 2 3665 16 3666 9
u3665 2 3666 17 3667 11
u3666 2 3667 19 3668 20
u3667 2 3668 9 3669 7
u3668 2 3669 17 3670 12
u3669 2 3670 1 3671 6
u3670 2 3671 1 3672 1
u3671 2 3672 5 3673 7
u3672 2 3673 11 3674 2
u3673 2 3674 16 3675 8
u3674 2 3675 8 3676 1
u3675 2 3676 3 3677 17
u3676 2 3677 15 3678 20
u3677 2 3678 2 3679 14
u3678 2 3679 16 3680 6
u3679 2 3680 10 3681 20
u3680 2 3681 5 3682 10
u3681 2 3682 9 3683 8
u3682 2 3683 7 3684 4
u3683 2 3684 17 3685 13
u3684 2 3685 2 3686 18
u3685 2 3686 2 3687 5
u3686 2 3687 11 3688 16
u3687 2 3688 19 3689 8
u3688 2 3689 11 3690 8
u3689 2 3690 1 3691 17
u3690 2 3691 15 3692 3
u3691 2 3692 4 3693 10
u3692 2 3693 2 3694 6
u3693 2 3694 8 3695 4
u3694 2 3695 12 3696 11
u3695 2 3696 13 3697 -17
u3696 2 3697 11 3698 -17
u3697 2 3698 7 3699 13
u3698 2 3699 5 3700 11
u3699 2 3700 3 3701 2
u3700 2 3701 8 3702 14
u3701 2 3702 16 3703 11
u3702 2 3703 1 3704 10
u3703 2 3704 15 3705 5
u3704 2 3705 8 3706 9
u3705 2 3706 -8 3707 9
u3706 2 3707 19 3708 4
u3707 2 3708 10 3709 19
u3708 2 3709 15 3710 12
u3709 2 3710 19 3711 6
u3710 2 3711 -14 3712 19
u3711 2 3712 10 3713 -14
u3712 2 3713 7 3714 16
u3713 2 3714 7 3715 9
u3714 2 3715 4 3716 -6
u3715 2 3716 10 3717 2
u3716 2 3717 15 3718 10
u3717 2 3718 12 3719 5
u3718 2 3719 10 3720 20
u3719 2 3720 16 3721 1
u3720 2 3721 7 3722 10
u3721 2 3722 20 3723 20
u3722 2 3723 12 3724 13
u3723 2 3724 18 3725 11
u3724 2 3725 16 3726 -6
u3725 2 3726 3 3727 15
u3726 2 3727 5 3728 14
u3727 2 3728 7 3729 13
u3728 2 3729 8 3730 14
u3729 2 3730 15 3731 7
u3730 2 3731 8 3732 8
u3731 2 3732 2 3733 17
u3732 2 3733 19 3734 13
u3733 2 3734 9 3735 14
u3734 2 3735 15 3736 5
u3735 2 3736 7 3737 8
u3736 2 3737 14 3738 14
u3737 2 3738 5 3739 7
u3738 2 3739 7 3740 20
u3739 2 3740 15 3741 14
u3740 2 3741 7 3742 2
u3741 2 3742 4 3743 12
u3742 2 3743 17 3744 16
u3743 2 3744 2 3745 20
u3744 2 3745 14 3746 -8
u3745 2 3746 13 3747 18
u3746 2 3747 1 3748 -5
u3747 2 3748 15 3749 12
u3748 2 3749 13 3750 3
u3749 2 3750 7 3751 14
u3750 2 3751 -18 3752 13
u3751 2 3752 -2 3753 6
u3752 2 3753 -15 3754 17
u3753 2 3754 7 3755 4
u3754 2 3755 3 3756 7
u3755 2 3756 5 3757 16
u3756 2 3757 19 3758 6
u3757 2 3758 3 3759 11
u3758 2 3759 10 3760 18
u3759 2 3760 3 3761 18
u3760 2 3761 10 3762 8
u3761 2 3762 8 3763 3
u3762 2 3763 16 3764 14
u3763 2 3764 -10 3765 6
u3764 2 3765 3 3766 16
u3765 2 3766 14 3767 13
u3766 2 3767 18 3768 16
u3767 2 3768 19 3769 8
u3768 2 3769 13 3770 -19
u3769 2 3770 -15 3771 6
u3770 2 3771 20 3772 13
u3771 2 3772 4 3773 5
u3772 2 3773 13 3774 13
u3773 2 3774 3 3775 6
u3774 2 3775 9 3776 19
u3775 2 3776 16 3777 19
u3776 2 3777 14 3778 16
u3777 2 3778 16 3779 16
u3778 2 3779 16 3780 10
u3779 2 3780 2 3781 7
u3780 2 3781 11 3782 1
u3781 2 3782 10 3783 3
u3782 2 3783 3 3784 7
u3783 2 3784 9 3785 17
u3784 2 3785 17 3786 12
u3785 2 3786 19 3787 2
u3786 2 3787 11 3788 7
u3787 2 3788 20 3789 18
u3788 2 3789 11 3790 11
u3789 2 3790 12 3791 12
u3790 2 3791 5 3792 11
u3791 2 3792 3 3793 12
u3792 2 3793 16 3794 11
u3793 2 3794 -17 3795 16
u3794 2 3795 5 3796 5
u3795 2 3796 11 3797 7
u3796 2 3797 13 3798 17
u3797 2 3798 4 3799 13
u3798 2 3799 18 3800 20
u3799 2 3800 1 3801 -1
u3800 2 3801 17 3802 13
u3801 2 3802 1 3803 13
u3802 2 3803 15 3804 19
u3803 2 3804 18 3805 -14
u3804 2 3805 3 3806 13
u3805 2 3806 18 3807 10
u3806 2 3807 10 3808 19
u3807 2 3808 15 3809 16
u3808 2 3809 16 3810 2
u3809 2 3810 -8 3811 3
u3810 2 3811 8 3812 15
u3811 2 3812 17 3813 19
u3812 2 3813 19 3814 12
u3813 2 3814 7 3815 10
u3814 2 3815 5 3816 2
u3815 2 3816 18 3817 16
u3816 2 3817 3 3818 13
u3817 2 3818 1 3819 16
u3818 2 3819 4 3820 11
u3819 2 3820 17 3821 9
u3820 2 3821 5 3822 18
u3821 2 3822 18 3823 6
u3822 2 3823 4 3824 17
u3823 2 3824 4 3825 11
u3824 2 3825 4 3826 3
u3825 2 3826 8 3827 13
u3826 2 3827 -15 3828 17
u3827 2 3828 9 3829 10
u3828 2 3829 19 3830 14
u3829 2 3830 15 3831 18
u3830 2 3831 18 3832 14
u3831 2 3832 11 3833 19
u3832 2 3833 18 3834 12
u3833 2 3834 17 3835 10
u3834 2 3835 18 3836 2
u3835 2 3836 -9 3837 16
u3836 2 3837 3 3838 18
u3837 2 3838 7 3839 10
u3838 2 3839 4 3840 3
u3839 2 3840 15 3841 5
u3840 2 3841 14 3842 12
u3841 2 3842 5 3843 3
u3842 2 3843 12 3844 17
u3843 2 3844 14 3845 12
u3844 2 3845 12 3846 20
u3845 2 3846 13 3847 2
u3846 2 3847 -16 3848 9
u3847 2 3848 3 3849 17
u3848 2 3849 19 3850 7
u3849 2 3850 15 3851 20
u3850 2 3851 18 3852 13
u3851 2 3852 3 3853 17
u3852 2 3853 3 3854 1
u3853 2 3854 13 3855 9
u3854 2 3855 8 3856 4
u3855 2 3856 7 3857 6
u3856 2 3857 13 3858 8
u3857 2 3858 8 3859 8
u3858 2 3859 10 3860 5
u3859 2 3860 12 3861 5
u3860 2 3861 15 3862 1
u3861 2 3862 4 3863 13
u3862 2 3863 20 3864 12
u3863 2 3864 3 3865 6
u3864 2 3865 8 3866 20
u3865 2 3866 10 3867 4
u3866 2 3867 14 3868 3
u3867 2 3868 13 3869 2
u3868 2 3869 12 3870 12
u3869 2 3870 12 3871 16
u3870 2 3871 11 3872 -17
u3871 2 3872 16 3873 7
u3872 2 3873 17 3874 16
u3873 2 3874 11 3875 20
u3874 2 3875 6 3876 9
u3875 2 3876 19 3877 10
u3876 2 3877 10 3878 13
u3877 2 3878 20 3879 11
u3878 2 3879 17 3880 18
u3879 2 3880 9 3881 2
u3880 2 3881 3 3882 17
u3881 2 3882 7 3883 20
u3882 2 3883 -20 3884 11
u3883 2 3884 9 3885 11
u3884 2 3885 14 3886 5
u3885 2 3886 1 3887 13
u3886 2 3887 2 3888 17
u3887 2 3888 10 3889 -3
u3888 2 3889 3 3890 2
u3889 2 3890 16 3891 16
u3890 2 3891 18 3892 15
u3891 2 3892 8 3893 5
u3892 2 3893 11 3894 5
u3893 2 3894 1 3895 4
u3894 2 3895 -19 3896 20
u3895 2 3896 12 3897 14
u3896 2 3897 -19 3898 2
u3897 2 3898 12 3899 15
u3898 2 3899 16 3900 20
u3899 2 3900 3 3901 10
u3900 2 3901 1 3902 18
u3901 2 3902 19 3903 14
u3902 2 3903 6 3904 8
u3903 2 3904 18 3905 19
u3904 2 3905 1 3906 4
u3905 2 3906 2 3907 18
u3906 2 3907 4 3908 1
u3907 2 3908 14 3909 4
u3908 2 3909 13 3910 3
u3909 2 3910 15 3911 20
u3910 2 3911 14 3912 12
u3911 2 3912 12 3913 17
u3912 2 3913 9 3914 1
u3913 2 3914 19 3915 13
u3914 2 3915 8 3916 7
u3915 2 3916 13 3917 5
u3916 2 3917 6 3918 19
u3917 2 3918 18 3919 -2
u3918 2 3919 4 3920 2
u3919 2 3920 6 3921 5
u3920 2 3921 17 3922 1
u3921 2 3922 2 3923 4
u3922 2 3923 7 3924 6
u3923 2 3924 9 3925 15
u3924 2 3925 12 3926 1
u3925 2 3926 3 3927 4
u3926 2 3927 2 3928 -8
u3927 2 3928 9 3929 19
u3928 2 3929 11 3930 16
u3929 2 3930 19 3931 7
u3930 2 3931 14 3932 6
u3931 2 3932 5 3933 19
u3932 2 3933 16 3934 10
u3933 2 3934 11 3935 -14
u3934 2 3935 19 3936 19
u3935 2 3936 20 3937 19
u3936 2 3937 3 3938 5
u3937 2 3938 11 3939 5
u3938 2 3939 8 3940 -6
u3939 2 3940 17 3941 8
u3940 2 3941 17 3942 10
u3941 2 3942 12 3943 11
u3942 2 3943 12 3944 -11
u3943 2 3944 4 3945 12
u3944 2 3945 19 3946 14
u3945 2 3946 20 3947 20
u3946 2 3947 -1 3948 -3
u3947 2 3948 6 3949 4
u3948 2 3949 15 3950 17
u3949 2 3950 8 3951 8
u3950 2 3951 20 3952 20
u3951 2 3952 20 3953 4
u3952 2 3953 9 3954 9
u3953 2 3954 9 3955 2
u3954 2 3955 1 3956 10
u3955 2 3956 11 3957 5
u3956 2 3957 -7 3958 15
u3957 2 3958 2 3959 9
u3958 2 3959 7 3960 14
u3959 2 3960 4 3961 9
u3960 2 3961 -20 3962 7
u3961 2 3962 15 3963 12
u3962 2 3963 1 3964 1
u3963 2 3964 12 3965 12
u3964 2 3965 15 3966 7
u3965 2 3966 11 3967 2
u3966 2 3967 13 3968 20
u3967 2 3968 12 3969 -4
u3968 2 3969 1 3970 16
u3969 2 3970 20 3971 14
u3970 2 3971 12 3972 20
u3971 2 3972 18 3973 17
u3972 2 3973 2 3974 18
u3973 2 3974 6 3975 11
u3974 2 3975 11 3976 -3
u3975 2 3976 1 3977 13
u3976 2 3977 15 3978 12
u3977 2 3978 3 3979 19
u3978 2 3979 3 3980 17
u3979 2 3980 7 3981 20
u3980 2 3981 17 3982 4
u3981 2 3982 15 3983 7
u3982 2 3983 8 3984 15
u3983 2 3984 6 3985 4
u3984 2 3985 2 3986 14
u3985 2 3986 20 3987 8
u3986 2 3987 20 3988 2
u3987 2 3988 18 3989 13
u3988 2 3989 18 3990 13
u3989 2 3990 19 3991 16
u3990 2 3991 9 3992 20
u3991 2 3992 7 3993 -12
u3992 2 3993 14 3994 11
u3993 2 3994 4 3995 18
u3994 2 3995 9 3996 17
u3995 2 3996 -20 3997 7
u3996 2 3997 12 3998 5
u3997 2 3998 9 3999 20
u3998 2 3999 8 4000 2
u3999 2 4000 5 4001 6
u4000 2 4001 20 4002 19
u4001 2 4002 18 4003 19
u4002 2 4003 14 4004 20
u4003 2 4004 7 4005 3
u4004 2 4005 20 4006 4
u4005 2 4006 1 4007 20
u4006 2 4007 15 4008 -12
u4007 2 4008 7 4009 3
u4008 2 4009 19 4010 10
u4009 2 4010 10 4011 15
u4010 2 4011 2 4012 4
u4011 2 4012 6 4013 17
u4012 2 4013 12 4014 17
u4013 2 4014 15 4015 19
u4014 2 4015 14 4016 15
u4015 2 4016 9 4017 9
u4016 2 4017 4 4018 -12
u4017 2 4018 1 4019 20
u4018 2 4019 12 4020 20
u4019 2 4020 6 4021 9
u4020 2 4021 10 4022 1
u4021 2 4022 20 4023 7
u4022 2 4023 15 4024 19
u4023 2 4024 16 4025 20
u4024 2 4025 17 4026 13
u4025 2 4026 10 4027 1
u4026 2 4027 19 4028 2
u4027 2 4028 1 4029 3
u4028 2 4029 10 4030 4
u4029 2 4030 3 4031 2
u4030 2 4031 8 4032 4
u4031 2 4032 15 4033 10
u4032 2 4033 20 4034 4
u4033 2 4034 17 4035 9
u4034 2 4035 20 4036 12
u4035 2 4036 13 4037 10
u4036 2 4037 2 4038 10
u4037 2 4038 20 4039 -13
u4038 2 4039 4 4040 18
u4039 2 4040 10 4041 13
u4040 2 4041 13 4042 14
u4041 2 4042 19 4043 9
u4042 2 4043 13 4044 19
u4043 2 4044 2 4045 8
u4044 2 4045 4 4046 2
u4045 2 4046 20 4047 12
u4046 2 4047 4 4048 4
u4047 2 4048 -2 4049 -18
u4048 2 4049 18 4050 7
u4049 2 4050 14 4051 9
u4050 2 4051 2 4052 3
u4051 2 4052 7 4053 7
u4052 2 4053 4 4054 14
u4053 2 4054 6 4055 15
u4054 2 4055 15 4056 20
u4055 2 4056 2 4057 17
u4056 2 4057 13 4058 19
u4057 2 4058 1 4059 20
u4058 2 4059 17 4060 20
u4059 2 4060 4 4061 3
u4060 2 4061 8 4062 16
u4061 2 4062 3 4063 10
u4062 2 4063 5 4064 20
u4063 2 4064 6 4065 6
u4064 2 4065 6 4066 13
u4065 2 4066 13 4067 12
u4066 2 4067 8 4068 17
u4067 2 4068 -5 4069 10
u4068 2 4069 14 4070 5
u4069 2 4070 9 4071 20
u4070 2 4071 15 4072 1
u4071 2 4072 18 4073 9
u4072 2 4073 19 4074 -11
u4073 2 4074 -12 4075 -19
u4074 2 4075 6 4076 20
u4075 2 4076 15 4077 15
u4076 2 4077 13 4078 5
u4077 2 4078 6 4079 2
u4078 2 4079 7 4080 19
u4079 2 4080 3 4081 1
u4080 2 4081 18 4082 15
u4081 2 4082 17 4083 18
u4082 2 4083 16 4084 19
u4083 2 4084 9 4085 9
u4084 2 4085 10 4086 7
u4085 2 4086 18 4087 4
u4086 2 4087 4 4088 13
u4087 2 4088 12 4089 15
u4088 2 4089 10 4090 14
u4089 2 4090 -9 4091 5
u4090 2 4091 8 4092 11
u4091 2 4092 7 4093 13
u4092 2 4093 20 4094 9
u4093 2 4094 11 4095 10
u4094 2 4095 11 4096 9
u4095 2 4096 14 4097 11
u4096 2 4097 16 4098 4
u4097 2 4098 18 4099 8
u4098 2 4099 16 4100 20
u4099 2 4100 5 4101 7
u4100 2 4101 3 4102 13
u4101 2 4102 3 4103 20
u4102 2 4103 2 4104 13
u4103 2 4104 11 4105 1
u4104 2 4105 19 4106 4
u4105 2 4106 14 4107 3
u4106 2 4107 8 4108 1
u4107 2 4108 12 4109 3
u4108 2 4109 -4 4110 8
u4109 2 4110 9 4111 9
u4110 2 4111 12 4112 14
u4111 2 4112 13 4113 17
u4112 2 4113 15 4114 12
u4113 2 4114 13 4115 9
u4114 2 4115 3 4116 20
u4115 2 4116 3 4117 12
u4116 2 4117 1 4118 18
u4117 2 4118 14 4119 19
u4118 2 4119 9 4120 12
u4119 2 4120 8 4121 6
u4120 2 4121 4 4122 6
u4121 2 4122 5 4123 3
u4122 2 4123 1 4124 3
u4123 2 4124 3 4125 4
u4124 2 4125 9 4126 6
u4125 2 4126 13 4127 -12
u4126 2 4127 14 4128 10
u4127 2 4128 18 4129 6
u4128 2 4129 15 4130 3
u4129 2 4130 20 4131 13
u4130 2 4131 18 4132 7
u4131 2 4132 -19 4133 5
u4132 2 4133 5 4134 2
u4133 2 4134 18 4135 1
u4134 2 4135 14 4136 14
u4135 2 4136 9 4137 7
u4136 2 4137 15 4138 3
u4137 2 4138 10 4139 -19
u4138 2 4139 15 4140 16
u4139 2 4140 7 4141 4
u4140 2 4141 15 4142 12
u4141 2 4142 1 4143 13
u4142 2 4143 -1 4144 6
u4143 2 4144 1 4145 18
u4144 2 4145 1 4146 14
u4145 2 4146 17 4147 9
u4146 2 4147 7 4148 17
u4147 2 4148 15 4149 5
u4148 2 4149 10 4150 1
u4149 2 4150 3 4151 18
u4150 2 4151 8 4152 3
u4151 2 4152 8 4153 7
u4152 2 4153 3 4154 19
u4153 2 4154 11 4155 -2
u4154 2 4155 2 4156 20
u4155 2 4156 8 4157 12
u4156 2 4157 6 4158 17
u4157 2 4158 19 4159 2
u4158 2 4159 14 4160 17
u4159 2 4160 12 4161 5
u4160 2 4161 3 4162 4
u4161 2 4162 12 4163 7
u4162 2 4163 5 4164 11
u4163 2 4164 9 4165 16
u4164 2 4165 20 4166 16
u4165 2 4166 14 4167 10
u4166 2 4167 7 4168 4
u4167 2 4168 12 4169 5
u4168 2 4169 9 4170 11
u4169 2 4170 -14 4171 16
u4170 2 4171 3 4172 15
u4171 2 4172 -15 4173 2
u4172 2 4173 19 4174 10
u4173 2 4174 10 4175 18
u4174 2 4175 4 4176 11
u4175 2 4176 13 4177 12
u4176 2 4177 7 4178 9
u4177 2 4178 3 4179 17
u4178 2 4179 20 4180 4
u4179 2 4180 20 4181 14
u4180 2 4181 19 4182 2
u4181 2 4182 5 4183 10
u4182 2 4183 8 4184 19
u4183 2 4184 14 4185 20
u4184 2 4185 11 4186 10
u4185 2 4186 -6 4187 2
u4186 2 4187 -20 4188 2
u4187 2 4188 2 4189 16
u4188 2 4189 13 4190 5
u4189 2 4190 11 4191 2
u4190 2 4191 7 4192 1
u4191 2 4192 11 4193 1
u4192 2 4193 5 4194 13
u4193 2 4194 8 4195 -18
u4194 2 4195 20 4196 12
u4195 2 4196 5 4197 4
u4196 2 4197 20 4198 3
u4197 2 4198 18 4199 17
u4198 2 4199 1 4200 14
u4199 2 4200 1 4201 13
u4200 2 4201 3 4202 4
u4201 2 4202 12 4203 3
u4202 2 4203 11 4204 20
u4203 2 4204 19 4205 9
u4204 2 4205 20 4206 8
u4205 2 4206 16 4207 16
u4206 2 4207 19 4208 5
u4207 2 4208 14 4209 18
u4208 2 4209 7 4210 9
u4209 2 4210 6 4211 11
u4210 2 4211 6 4212 -16
u4211 2 4212 2 4213 13
u4212 2 4213 9 4214 20
u4213 2 4214 1 4215 3
u4214 2 4215 12 4216 13
u4215 2 4216 4 4217 14
u4216 2 4217 12 4218 13
u4217 2 4218 18 4219 19
u4218 2 4219 20 4220 9
u4219 2 4220 18 4221 14
u4220 2 4221 20 4222 6
u4221 2 4222 7 4223 6
u4222 2 4223 17 4224 9
u4223 2 4224 7 4225 7
u4224 2 4225 19 4226 8
u4225 2 4226 13 4227 15
u4226 2 4227 13 4228 11
u4227 2 4228 13 4229 13
u4228 2 4229 9 4230 15
u4229 2 4230 16 4231 -9
u4230 2 4231 20 4232 18
u4231 2 4232 2 4233 10
u4232 2 4233 19 4234 17
u4233 2 4234 18 4235 14
u4234 2 4235 5 4236 9
u4235 2 4236 17 4237 2
u4236 2 4237 -10 4238 3
u4237 2 4238 15 4239 15
u4238 2 4239 20 4240 -20
u4239 2 4240 1 4241 2
u4240 2 4241 12 4242 2
u4241 2 4242 9 4243 9
u4242 2 4243 1 4244 17
u4243 2 4244 5 4245 12
u4244 2 4245 13 4246 14
u4245 2 4246 17 4247 -6
u4246 2 4247 14 4248 11
u4247 2 4248 16 4249 9
u4248 2 4249 14 4250 17
u4249 2 4250 19 4251 13
u4250 2 4251 -20 4252 13
u4251 2 4252 10 4253 5
u4252 2 4253 -13 4254 16
u4253 2 4254 5 4255 16
u4254 2 4255 4 4256 15
u4255 2 4256 8 4257 17
u4256 2 4257 10 4258 3
u4257 2 4258 11 4259 16
u4258 2 4259 18 4260 10
u4259 2 4260 7 4261 3
u4260 2 4261 14 4262 12
u4261 2 4262 11 4263 6
u4262 2 4263 1 4264 11
u4263 2 4264 16 4265 3
u4264 2 4265 19 4266 8
u4265 2 4266 5 4267 -2
u4266 2 4267 12 4268 16
u4267 2 4268 8 4269 11
u4268 2 4269 9 4270 20
u4269 2 4270 15 4271 11
u4270 2 4271 17 4272 9
u4271 2 4272 12 4273 7
u4272 2 4273 6 4274 12
u4273 2 4274 18 4275 9
u4274 2 4275 5 4276 18
u4275 2 4276 17 4277 17
u4276 2 4277 1 4278 18
u4277 2 4278 18 4279 17
u4278 2 4279 5 4280 19
u4279 2 4280 13 4281 13
u4280 2 4281 13 4282 14
u4281 2 4282 13 4283 20
u4282 2 4283 5 4284 14
u4283 2 4284 3 4285 16
u4284 2 4285 3 4286 19
u4285 2 4286 7 4287 -6
u4286 2 4287 4 4288 17
u4287 2 4288 6 4289 12
u4288 2 4289 18 4290 4
u4289 2 4290 18 4291 6
u4290 2 4291 5 4292 18
u4291 2 4292 13 4293 2
u4292 2 4293 13 4294 6
u4293 2 4294 7 4295 3
u4294 2 4295 14 4296 9
u4295 2 4296 3 4297 14
u4296 2 4297 17 4298 20
u4297 2 4298 18 4299 16
u4298 2 4299 20 4300 11
u4299 2 4300 4 4301 9
u4300 2 4301 9 4302 13
u4301 2 4302 16 4303 4
u4302 2 4303 15 4304 10
u4303 2 4304 8 4305 13
u4304 2 4305 16 4306 7
u4305 2 4306 8 4307 2
u4306 2 4307 2 4308 9
u4307 2 4308 6 4309 18
u4308 2 4309 19 4310 10
u4309 2 4310 8 4311 5
u4310 2 4311 16 4312 15
u4311 2 4312 10 4313 2
u4312 2 4313 17 4314 1
u4313 2 4314 8 4315 19
u4314 2 4315 15 4316 12
u4315 2 4316 13 4317 17
u4316 2 4317 9 4318 14
u4317 2 4318 11 4319 18
u4318 2 4319 -4 4320 9
u4319 2 4320 16 4321 1
u4320 2 4321 7 4322 17
u4321 2 4322 6 4323 17
u4322 2 4323 20 4324 8
u4323 2 4324 13 4325 10
u4324 2 4325 -17 4326 5
u4325 2 4326 7 4327 2
u4326 2 4327 12 4328 -12
u4327 2 4328 3 4329 5
u4328 2 4329 11 4330 13
u4329 2 4330 -3 4331 10
u4330 2 4331 5 4332 4
u4331 2 4332 20 4333 20
u4332 2 4333 14 4334 11
u4333 2 4334 14 4335 2
u4334 2 4335 11 4336 16
u4335 2 4336 10 4337 8
u4336 2 4337 20 4338 3
u4337 2 4338 2 4339 11
u4338 2 4339 12 4340 1
u4339 2 4340 12 4341 13
u4340 2 4341 5 4342 12
u4341 2 4342 12 4343 6
u4342 2 4343 13 4344 20
u4343 2 4344 1 4345 20
u4344 2 4345 2 4346 16
u4345 2 4346 16 4347 12
u4346 2 4347 7 4348 19
u4347 2 4348 20 4349 15
u4348 2 4349 5 4350 15
u4349 2 4350 7 4351 10
u4350 2 4351 10 4352 10
u4351 2 4352 4 4353 10
u4352 2 4353 10 4354 8
u4353 2 4354 11 4355 17
u4354 2 4355 1 4356 6
u4355 2 4356 13 4357 11
u4356 2 4357 14 4358 6
u4357 2 4358 1 4359 10
u4358 2 4359 15 4360 8
u4359 2 4360 12 4361 10
u4360 2 4361 7 4362 18
u4361 2 4362 13 4363 14
u4362 2 4363 2 4364 5
u4363 2 4364 2 4365 8
u4364 2 4365 16 4366 7
u4365 2 4366 5 4367 13
u4366 2 4367 3 4368 15
u4367 2 4368 16 4369 3
u4368 2 4369 -5 4370 12
u4369 2 4370 14 4371 10
u4370 2 4371 19 4372 14
u4371 2 4372 7 4373 12
u4372 2 4373 12 4374 6
u4373 2 4374 4 4375 1
u4374 2 4375 11 4376 15
u4375 2 4376 12 4377 7
u4376 2 4377 -8 4378 12
u4377 2 4378 1 4379 14
u4378 2 4379 15 4380 15
u4379 2 4380 17 4381 1
u4380 2 4381 13 4382 -9
u4381 2 4382 5 4383 8
u4382 2 4383 13 4384 11
u4383 2 4384 13 4385 16
u4384 2 4385 5 4386 11
u4385 2 4386 10 4387 2
u4386 2 4387 2 4388 9
u4387 2 4388 6 4389 9
u4388 2 4389 20 4390 -11
u4389 2 4390 20 4391 15
u4390 2 4391 7 4392 9
u4391 2 4392 6 4393 3
u4392 2 4393 3 4394 13
u4393 2 4394 5 4395 6
u4394 2 4395 13 4396 8
u4395 2 4396 13 4397 18
u4396 2 4397 16 4398 19
u4397 2 4398 1 4399 17
u4398 2 4399 9 4400 11
u4399 2 4400 15 4401 20
u4400 2 4401 6 4402 14
u4401 2 4402 3 4403 14
u4402 2 4403 3 4404 20
u4403 2 4404 7 4405 20
u4404 2 4405 5 4406 18
u4405 2 4406 17 4407 16
u4406 2 4407 9 4408 10
u4407 2 4408 5 4409 19
u4408 2 4409 7 4410 5
u4409 2 4410 18 4411 13
u4410 2 4411 -8 4412 12
u4411 2 4412 18 4413 17
u4412 2 4413 7 4414 20
u4413 2 4414 15 4415 2
u4414 2 4415 17 4416 14
u4415 2 4416 7 4417 4
u4416 2 4417 17 4418 4
u4417 2 4418 13 4419 4
u4418 2 4419 5 4420 13
u4419 2 4420 13 4421 8
u4420 2 4421 15 4422 17
u4421 2 4422 8 4423 -12
u4422 2 4423 1 4424 7
u4423 2 4424 9 4425 18
u4424 2 4425 5 4426 5
u4425 2 4426 1 4427 7
u4426 2 4427 1 4428 19
u4427 2 4428 16 4429 8
u4428 2 4429 16 4430 -20
u4429 2 4430 18 4431 10
u4430 2 4431 15 4432 12
u4431 2 4432 8 4433 14
u4432 2 4433 5 4434 13
u4433 2 4434 8 4435 10
u4434 2 4435 8 4436 10
u4435 2 4436 4 4437 10
u4436 2 4437 10 4438 7
u4437 2 4438 7 4439 12
u4438 2 4439 13 4440 7
u4439 2 4440 19 4441 8
u4440 2 4441 11 4442 3
u4441 2 4442 1 4443 17
u4442 2 4443 15 4444 -10
u4443 2 4444 4 4445 10
u4444 2 4445 6 4446 16
u4445 2 4446 3 4447 10
u4446 2 4447 18 4448 18
u4447 2 4448 14 4449 4
u4448 2 4449 18 4450 -13
u4449 2 4450 17 4451 7
u4450 2 4451 13 4452 3
u4451 2 4452 8 4453 7
u4452 2 4453 3 4454 12
u4453 2 4454 20 4455 15
u4454 2 4455 7 4456 10
u4455 2 4456 1 4457 5
u4456 2 4457 3 4458 17
u4457 2 4458 15 4459 2
u4458 2 4459 6 4460 12
u4459 2 4460 1 4461 15
u4460 2 4461 17 4462 11
u4461 2 4462 12 4463 20
u4462 2 4463 7 4464 10
u4463 2 4464 13 4465 9
u4464 2 4465 13 4466 -5
u4465 2 4466 7 4467 20
u4466 2 4467 14 4468 2
u4467 2 4468 18 4469 12
u4468 2 4469 16 4470 4
u4469 2 4470 11 4471 13
u4470 2 4471 2 4472 16
u4471 2 4472 1 4473 10
u4472 2 4473 4 4474 19
u4473 2 4474 9 4475 18
u4474 2 4475 18 4476 9
u4475 2 4476 19 4477 19
u4476 2 4477 13 4478 -9
u4477 2 4478 15 4479 10
u4478 2 4479 4 4480 14
u4479 2 4480 2 4481 1
u4480 2 4481 9 4482 11
u4481 2 4482 6 4483 4
u4482 2 4483 13 4484 5
u4483 2 4484 17 4485 16
u4484 2 4485 3 4486 20
u4485 2 4486 10 4487 11
u4486 2 4487 6 4488 2
u4487 2 4488 14 4489 2
u4488 2 4489 19 4490 7
u4489 2 4490 5 4491 -9
u4490 2 4491 11 4492 18
u4491 2 4492 7 4493 3
u4492 2 4493 3 4494 2
u4493 2 4494 15 4495 7
u4494 2 4495 -3 4496 18
u4495 2 4496 11 4497 17
u4496 2 4497 2 4498 14
u4497 2 4498 2 4499 10
u4498 2 4499 17 4500 11
u4499 2 4500 5 4501 4
u4500 2 4501 20 4502 19
u4501 2 4502 19 4503 12
u4502 2 4503 11 4504 18
u4503 2 4504 5 4505 13
u4504 2 4505 14 4506 11
u4505 2 4506 10 4507 20
u4506 2 4507 18 4508 1
u4507 2 4508 7 4509 10
u4508 2 4509 2 4510 19
u4509 2 4510 13 4511 20
u4510 2 4511 15 4512 4
u4511 2 4512 14 4513 8
u4512 2 4513 12 4514 7
u4513 2 4514 4 4515 17
u4514 2 4515 3 4516 4
u4515 2 4516 2 4517 2
u4516 2 4517 9 4518 9
u4517 2 4518 5 4519 4
u4518 2 4519 14 4520 3
u4519 2 4520 8 4521 8
u4520 2 4521 15 4522 10
u4521 2 4522 20 4523 9
u4522 2 4523 6 4524 16
u4523 2 4524 1 4525 4
u4524 2 4525 14 4526 10
u4525 2 4526 3 4527 7
u4526 2 4527 20 4528 14
u4527 2 4528 11 4529 2
u4528 2 4529 15 4530 20
u4529 2 4530 19 4531 10
u4530 2 4531 13 4532 5
u4531 2 4532 9 4533 8
u4532 2 4533 16 4534 6
u4533 2 4534 8 4535 15
u4534 2 4535 18 4536 6
u4535 2 4536 17 4537 5
u4536 2 4537 17 4538 4
u4537 2 4538 4 4539 3
u4538 2 4539 12 4540 6
u4539 2 4540 1 4541 6
u4540 2 4541 11 4542 9
u4541 2 4542 3 4543 10
u4542 2 4543 3 4544 19
u4543 2 4544 -16 4545 19
u4544 2 4545 20 4546 15
u4545 2 4546 7 4547 11
u4546 2 4547 1 4548 9
u4547 2 4548 9 4549 1
u4548 2 4549 4 4550 11
u4549 2 4550 17 4551 17
u4550 2 4551 19 4552 -12
u4551 2 4552 19 4553 18
u4552 2 4553 4 4554 2
u4553 2 4554 1 4555 19
u4554 2 4555 18 4556 -20
u4555 2 4556 5 4557 11
u4556 2 4557 -6 4558 4
u4557 2 4558 8 4559 12
u4558 2 4559 15 4560 19
u4559 2 4560 11 4561 15
u4560 2 4561 2 4562 15
u4561 2 4562 5 4563 15
u4562 2 4563 18 4564 16
u4563 2 4564 6 4565 6
u4564 2 4565 17 4566 11
u4565 2 4566 3 4567 19
u4566 2 4567 10 4568 6
u4567 2 4568 19 4569 18
u4568 2 4569 13 4570 14
u4569 2 4570 11 4571 2
u4570 2 4571 14 4572 -16
u4571 2 4572 19 4573 19
u4572 2 4573 6 4574 17
u4573 2 4574 11 4575 6
u4574 2 4575 8 4576 6
u4575 2 4576 11 4577 -15
u4576 2 4577 13 4578 1
u4577 2 4578 19 4579 18
u4578 2 4579 13 4580 10
u4579 2 4580 16 4581 9
u4580 2 4581 8 4582 14
u4581 2 4582 2 4583 16
u4582 2 4583 5 4584 11
u4583 2 4584 19 4585 6
u4584 2 4585 7 4586 18
u4585 2 4586 18 4587 17
u4586 2 4587 15 4588 16
u4587 2 4588 18 4589 18
u4588 2 4589 7 4590 18
u4589 2 4590 11 4591 18
u4590 2 4591 -14 4592 13
u4591 2 4592 12 4593 2
u4592 2 4593 18 4594 7
u4593 2 4594 -19 4595 16
u4594 2 4595 4 4596 3
u4595 2 4596 8 4597 20
u4596 2 4597 4 4598 9
u4597 2 4598 6 4599 16
u4598 2 4599 2 4600 12
u4599 2 4600 17 4601 -4
u4600 2 4601 14 4602 6
u4601 2 4602 19 4603 3
u4602 2 4603 13 4604 11
u4603 2 4604 10 4605 4
u4604 2 4605 -6 4606 18
u4605 2 4606 7 4607 18
u4606 2 4607 18 4608 -11
u4607 2 4608 15 4609 20
u4608 2 4609 16 4610 11
u4609 2 4610 5 4611 2
u4610 2 4611 17 4612 8
u4611 2 4612 1 4613 14
u4612 2 4613 5 4614 14
u4613 2 4614 3 4615 12
u4614 2 4615 5 4616 3
u4615 2 4616 9 4617 14
u4616 2 4617 18 4618 4
u4617 2 4618 17 4619 13
u4618 2 4619 1 4620 18
u4619 2 4620 20 4621 6
u4620 2 4621 9 4622 5
u4621 2 4622 18 4623 13
u4622 2 4623 7 4624 20
u4623 2 4624 15 4625 6
u4624 2 4625 3 4626 19
u4625 2 4626 11 4627 11
u4626 2 4627 3 4628 8
u4627 2 4628 3 4629 8
u4628 2 4629 7 4630 7
u4629 2 4630 14 4631 11
u4630 2 4631 4 4632 14
u4631 2 4632 5 4633 7
u4632 2 4633 4 4634 6
u4633 2 4634 20 4635 17
u4634 2 4635 17 4636 11
u4635 2 4636 14 4637 3
u4636 2 4637 6 4638 16
u4637 2 4638 1 4639 4
u4638 2 4639 17 4640 13
u4639 2 4640 20 4641 11
u4640 2 4641 19 4642 11
u4641 2 4642 7 4643 7
u4642 2 4643 19 4644 -15
u4643 2 4644 2 4645 12
u4644 2 4645 15 4646 15
u4645 2 4646 18 4647 9
u4646 2 4647 9 4648 4
u4647 2 4648 -15 4649 16
u4648 2 4649 7 4650 7
u4649 2 4650 12 4651 13
u4650 2 4651 3 4652 16
u4651 2 4652 10 4653 11
u4652 2 4653 -8 4654 6
u4653 2 4654 10 4655 5
u4654 2 4655 16 4656 -8
u4655 2 4656 18 4657 19
u4656 2 4657 20 4658 9
u4657 2 4658 12 4659 -19
u4658 2 4659 3 4660 2
u4659 2 4660 11 4661 8
u4660 2 4661 12 4662 19
u4661 2 4662 11 4663 2
u4662 2 4663 3 4664 14
u4663 2 4664 10 4665 12
u4664 2 4665 3 4666 19
u4665 2 4666 2 4667 16
u4666 2 4667 3 4668 16
u4667 2 4668 11 4669 11
u4668 2 4669 16 4670 19
u4669 2 4670 3 4671 10
u4670 2 4671 13 4672 19
u4671 2 4672 13 4673 6
u4672 2 4673 15 4674 7
u4673 2 4674 2 4675 5
u4674 2 4675 5 4676 12
u4675 2 4676 5 4677 7
u4676 2 4677 10 4678 -6
u4677 2 4678 6 4679 6
u4678 2 4679 18 4680 18
u4679 2 4680 18 4681 6
u4680 2 4681 4 4682 2
u4681 2 4682 8 4683 14
u4682 2 4683 3 4684 12
u4683 2 4684 18 4685 5
u4684 2 4685 -13 4686 3
u4685 2 4686 7 4687 14
u4686 2 4687 14 4688 18
u4687 2 4688 18 4689 17
u4688 2 4689 19 4690 12
u4689 2 4690 17 4691 15
u4690 2 4691 5 4692 5
u4691 2 4692 12 4693 17
u4692 2 4693 17 4694 3
u4693 2 4694 2 4695 10
u4694 2 4695 2 4696 10
u4695 2 4696 11 4697 9
u4696 2 4697 3 4698 13
u4697 2 4698 4 4699 8
u4698 2 4699 17 4700 10
u4699 2 4700 2 4701 19
u4700 2 4701 7 4702 11
u4701 2 4702 19 4703 -18
u4702 2 4703 14 4704 15
u4703 2 4704 16 4705 10
u4704 2 4705 4 4706 13
u4705 2 4706 14 4707 -20
u4706 2 4707 5 4708 9
u4707 2 4708 12 4709 11
u4708 2 4709 13 4710 9
u4709 2 4710 7 4711 5
u4710 2 4711 20 4712 17
u4711 2 4712 6 4713 6
u4712 2 4713 7 4714 3
u4713 2 4714 2 4715 9
u4714 2 4715 12 4716 4
u4715 2 4716 3 4717 12
u4716 2 4717 14 4718 1
u4717 2 4718 17 4719 16
u4718 2 4719 14 4720 12
u4719 2 4720 20 4721 7
u4720 2 4721 15 4722 16
u4721 2 4722 12 4723 1
u4722 2 4723 -19 4724 8
u4723 2 4724 14 4725 16
u4724 2 4725 7 4726 5
u4725 2 4726 9 4727 11
u4726 2 4727 3 4728 7
u4727 2 4728 18 4729 15
u4728 2 4729 16 4730 4
u4729 2 4730 16 4731 9
u4730 2 4731 4 4732 1
u4731 2 4732 5 4733 1
u4732 2 4733 14 4734 19
u4733 2 4734 15 4735 2
u4734 2 4735 8 4736 20
u4735 2 4736 20 4737 20
u4736 2 4737 3 4738 7
u4737 2 4738 7 4739 5
u4738 2 4739 13 4740 -15
u4739 2 4740 16 4741 8
u4740 2 4741 6 4742 13
u4741 2 4742 20 4743 13
u4742 2 4743 19 4744 17
u4743 2 4744 3 4745 19
u4744 2 4745 2 4746 1
u4745 2 4746 12 4747 12
u4746 2 4747 2 4748 14
u4747 2 4748 4 4749 17
u4748 2 4749 8 4750 1
u4749 2 4750 12 4751 11
u4750 2 4751 -14 4752 -19
u4751 2 4752 18 4753 19
u4752 2 4753 -20 4754 13
u4753 2 4754 20 4755 4
u4754 2 4755 18 4756 5
u4755 2 4756 9 4757 11
u4756 2 4757 3 4758 8
u4757 2 4758 9 4759 6
u4758 2 4759 1 4760 2
u4759 2 4760 1 4761 10
u4760 2 4761 6 4762 -5
u4761 2 4762 9 4763 19
u4762 2 4763 5 4764 13
u4763 2 4764 9 4765 12
u4764 2 4765 7 4766 9
u4765 2 4766 5 4767 16
u4766 2 4767 10 4768 13
u4767 2 4768 1 4769 2
u4768 2 4769 18 4770 3
u4769 2 4770 17 4771 -6
u4770 2 4771 19 4772 2
u4771 2 4772 18 4773 10
u4772 2 4773 12 4774 2
u4773 2 4774 15 4775 6
u4774 2 4775 3 4776 14
u4775 2 4776 13 4777 8
u4776 2 4777 7 4778 16
u4777 2 4778 20 4779 5
u4778 2 4779 5 4780 4
u4779 2 4780 3 4781 10
u4780 2 4781 3 4782 13
u4781 2 4782 20 4783 19
u4782 2 4783 12 4784 3
u4783 2 4784 5 4785 4
u4784 2 4785 1 4786 3
u4785 2 4786 16 4787 19
u4786 2 4787 18 4788 11
u4787 2 4788 5 4789 12
u4788 2 4789 7 4790 19
u4789 2 4790 6 4791 9
u4790 2 4791 11 4792 17
u4791 2 4792 10 4793 18
u4792 2 4793 13 4794 14
u4793 2 4794 11 4795 18
u4794 2 4795 14 4796 2
u4795 2 4796 -2 4797 11
u4796 2 4797 8 4798 -16
u4797 2 4798 3 4799 2
u4798 2 4799 -6 4800 8
u4799 2 4800 19 4801 17
u4800 2 4801 14 4802 7
u4801 2 4802 16 4803 20
u4802 2 4803 18 4804 3
u4803 2 4804 4 4805 1
u4804 2 4805 3 4806 12
u4805 2 4806 15 4807 3
u4806 2 4807 1 4808 16
u4807 2 4808 20 4809 19
u4808 2 4809 8 4810 15
u4809 2 4810 16 4811 2
u4810 2 4811 12 4812 4
u4811 2 4812 7 4813 4
u4812 2 4813 3 4814 14
u4813 2 4814 1 4815 4
u4814 2 4815 14 4816 20
u4815 2 4816 10 4817 6
u4816 2 4817 16 4818 18
u4817 2 4818 6 4819 20
u4818 2 4819 -3 4820 10
u4819 2 4820 10 4821 5
u4820 2 4821 20 4822 4
u4821 2 4822 5 4823 13
u4822 2 4823 -3 4824 2
u4823 2 4824 15 4825 3
u4824 2 4825 9 4826 4
u4825 2 4826 2 4827 9
u4826 2 4827 20 4828 13
u4827 2 4828 9 4829 16
u4828 2 4829 19 4830 16
u4829 2 4830 3 4831 14
u4830 2 4831 -7 4832 4
u4831 2 4832 14 4833 2
u4832 2 4833 11 4834 17
u4833 2 4834 -13 4835 15
u4834 2 4835 17 4836 8
u4835 2 4836 16 4837 5
u4836 2 4837 19 4838 19
u4837 2 4838 12 4839 2
u4838 2 4839 7 4840 3
u4839 2 4840 12 4841 2
u4840 2 4841 11 4842 16
u4841 2 4842 13 4843 4
u4842 2 4843 9 4844 -4
u4843 2 4844 16 4845 -15
u4844 2 4845 20 4846 5
u4845 2 4846 3 4847 6
u4846 2 4847 18 4848 6
u4847 2 4848 11 4849 -5
u4848 2 4849 16 4850 6
u4849 2 4850 13 4851 1
u4850 2 4851 13 4852 14
u4851 2 4852 15 4853 12
u4852 2 4853 7 4854 9
u4853 2 4854 20 4855 2
u4854 2 4855 4 4856 11
u4855 2 4856 14 4857 9
u4856 2 4857 18 4858 3
u4857 2 4858 10 4859 6
u4858 2 4859 20 4860 4
u4859 2 4860 4 4861 10
u4860 2 4861 -15 4862 5
u4861 2 4862 20 4863 6
u4862 2 4863 17 4864 20
u4863 2 4864 17 4865 15
u4864 2 4865 6 4866 7
u4865 2 4866 6 4867 3
u4866 2 4867 14 4868 14
u4867 2 4868 4 4869 -6
u4868 2 4869 4 4870 19
u4869 2 4870 13 4871 14
u4870 2 4871 10 4872 19
u4871 2 4872 17 4873 15
u4872 2 4873 14 4874 14
u4873 2 4874 12 4875 20
u4874 2 4875 -3 4876 18
u4875 2 4876 9 4877 15
u4876 2 4877 6 4878 4
u4877 2 4878 10 4879 5
u4878 2 4879 18 4880 18
u4879 2 4880 1 4881 9
u4880 2 4881 9 4882 11
u4881 2 4882 20 4883 4
u4882 2 4883 12 4884 10
u4883 2 4884 2 4885 15
u4884 2 4885 6 4886 20
u4885 2 4886 16 4887 17
u4886 2 4887 9 4888 9
u4887 2 4888 6 4889 8
u4888 2 4889 20 4890 20
u4889 2 4890 19 4891 4
u4890 2 4891 -20 4892 8
u4891 2 4892 8 4893 12
u4892 2 4893 3 4894 7
u4893 2 4894 9 4895 8
u4894 2 4895 4 4896 10
u4895 2 4896 6 4897 5
u4896 2 4897 17 4898 3
u4897 2 4898 4 4899 8
u4898 2 4899 15 4900 18
u4899 2 4900 6 4901 4
u4900 2 4901 18 4902 8
u4901 2 4902 20 4903 15
u4902 2 4903 18 4904 11
u4903 2 4904 7 4905 4
u4904 2 4905 15 4906 4
u4905 2 4906 11 4907 16
u4906 2 4907 10 4908 12
u4907 2 4908 8 4909 17
u4908 2 4909 1 4910 13
u4909 2 4910 14 4911 17
u4910 2 4911 15 4912 18
u4911 2 4912 5 4913 5
u4912 2 4913 10 4914 1
u4913 2 4914 5 4915 4
u4914 2 4915 12 4916 12
u4915 2 4916 6 4917 19
u4916 2 4917 2 4918 4
u4917 2 4918 5 4919 16
u4918 2 4919 16 4920 13
u4919 2 4920 2 4921 4
u4920 2 4921 -7 4922 13
u4921 2 4922 1 4923 3
u4922 2 4923 5 4924 5
u4923 2 4924 1 4925 20
u4924 2 4925 9 4926 2
u4925 2 4926 4 4927 18
u4926 2 4927 4 4928 5
u4927 2 4928 12 4929 1
u4928 2 4929 5 4930 19
u4929 2 4930 11 4931 2
u4930 2 4931 18 4932 14
u4931 2 4932 12 4933 15
u4932 2 4933 -12 4934 2
u4933 2 4934 12 4935 12
u4934 2 4935 15 4936 13
u4935 2 4936 10 4937 19
u4936 2 4937 12 4938 -12
u4937 2 4938 20 4939 1
u4938 2 4939 18 4940 20
u4939 2 4940 20 4941 15
u4940 2 4941 1 4942 14
u4941 2 4942 3 4943 2
u4942 2 4943 14 4944 7
u4943 2 4944 5 4945 3
u4944 2 4945 13 4946 20
u4945 2 4946 -10 4947 20
u4946 2 4947 5 4948 11
u4947 2 4948 11 4949 9
u4948 2 4949 16 4950 12
u4949 2 4950 16 4951 16
u4950 2 4951 4 4952 1
u4951 2 4952 12 4953 9
u4952 2 4953 3 4954 15
u4953 2 4954 4 4955 19
u4954 2 4955 7 4956 3
u4955 2 4956 15 4957 5
u4956 2 4957 3 4958 1
u4957 2 4958 19 4959 -14
u4958 2 4959 5 4960 20
u4959 2 4960 3 4961 9
u4960 2 4961 14 4962 5
u4961 2 4962 11 4963 1
u4962 2 4963 9 4964 7
u4963 2 4964 -12 4965 2
u4964 2 4965 4 4966 5
u4965 2 4966 9 4967 -7
u4966 2 4967 9 4968 12
u4967 2 4968 14 4969 11
u4968 2 4969 7 4970 5
u4969 2 4970 9 4971 4
u4970 2 4971 2 4972 1
u4971 2 4972 16 4973 2
u4972 2 4973 -15 4974 4
u4973 2 4974 9 4975 8
u4974 2 4975 1 4976 5
u4975 2 4976 10 4977 14
u4976 2 4977 17 4978 4
u4977 2 4978 1 4979 2
u4978 2 4979 11 4980 15
u4979 2 4980 13 4981 -3
u4980 2 4981 2 4982 6
u4981 2 4982 19 4983 17
u4982 2 4983 16 4984 3
u4983 2 4984 2 4985 19
u4984 2 4985 20 4986 6
u4985 2 4986 20 4987 4
u4986 2 4987 19 4988 18
u4987 2 4988 7 4989 18
u4988 2 4989 19 4990 14
u4989 2 4990 20 4991 14
u4990 2 4991 15 4992 13
u4991 2 4992 7 4993 18
u4992 2 4993 8 4994 3
u4993 2 4994 20 4995 14
u4994 2 4995 6 4996 17
u4995 2 4996 4 4997 7
u4996 2 4997 1 4998 13
u4997 2 4998 19 4999 7
u4998 2 4999 9 5000 4
u4999 2 5000 4 5001 11
u5000 2 5001 2 5002 7
u5001 2 5002 3 5003 3
u5002 2 5003 4 5004 18
u5003 2 5004 14 5005 10
u5004 2 5005 5 5006 20
u5005 2 5006 8 5007 11
u5006 2 5007 -6 5008 4
u5007 2 5008 13 5009 10
u5008 2 5009 13 5010 9
u5009 2 5010 13 5011 5
u5010 2 5011 6 5012 7
u5011 2 5012 4 5013 -11
u5012 2 5013 18 5014 8
u5013 2 5014 11 5015 16
u5014 2 5015 2 5016 9
u5015 2 5016 18 5017 14
u5016 2 5017 6 5018 18
u5017 2 5018 16 5019 2
u5018 2 5019 11 5020 6
u5019 2 5020 15 5021 17
u5020 2 5021 8 5022 12
u5021 2 5022 1 5023 20
u5022 2 5023 10 5024 3
u5023 2 5024 8 5025 1
u5024 2 5025 16 5026 10
u5025 2 5026 18 5027 -19
u5026 2 5027 15 5028 17
u5027 2 5028 10 5029 5
u5028 2 5029 15 5030 -15
u5029 2 5030 13 5031 8
u5030 2 5031 1 5032 5
u5031 2 5032 14 5033 5
u5032 2 5033 3 5034 5
u5033 2 5034 19 5035 16
u5034 2 5035 7 5036 9
u5035 2 5036 5 5037 15
u5036 2 5037 -4 5038 4
u5037 2 5038 4 5039 3
u5038 2 5039 15 5040 4
u5039 2 5040 16 5041 15
u5040 2 5041 7 5042 3
u5041 2 5042 17 5043 -20
u5042 2 5043 6 5044 17
u5043 2 5044 12 5045 11
u5044 2 5045 10 5046 4
u5045 2 5046 17 5047 11
u5046 2 5047 9 5048 4
u5047 2 5048 3 5049 10
u5048 2 5049 9 5050 12
u5049 2 5050 14 5051 5
u5050 2 5051 16 5052 11
u5051 2 5052 20 5053 13
u5052 2 5053 1 5054 -7
u5053 2 5054 16 5055 14
u5054 2 5055 6 5056 17
u5055 2 5056 1 5057 -16
u5056 2 5057 20 5058 3
u5057 2 5058 6 5059 13
u5058 2 5059 6 5060 -13
u5059 2 5060 16 5061 8
u5060 2 5061 -2 5062 13
u5061 2 5062 17 5063 9
u5062 2 5063 10 5064 19
u5063 2 5064 5 5065 15
u5064 2 5065 16 5066 13
u5065 2 5066 11 5067 13
u5066 2 5067 19 5068 16
u5067 2 5068 8 5069 10
u5068 2 5069 4 5070 17
u5069 2 5070 1 5071 20
u5070 2 5071 14 5072 5
u5071 2 5072 4 5073 12
u5072 2 5073 18 5074 18
u5073 2 5074 11 5075 5
u5074 2 5075 11 5076 16
u5075 2 5076 5 5077 9
u5076 2 5077 7 5078 1
u5077 2 5078 11 5079 11
u5078 2 5079 20 5080 5
u5079 2 5080 20 5081 7
u5080 2 5081 5 5082 14
u5081 2 5082 9 5083 8
u5082 2 5083 7 5084 1
u5083 2 5084 2 5085 10
u5084 2 5085 20 5086 19
u5085 2 5086 19 5087 10
u5086 2 5087 11 5088 9
u5087 2 5088 20 5089 12
u5088 2 5089 13 5090 4
u5089 2 5090 14 5091 8
u5090 2 5091 2 5092 10
u5091 2 5092 15 5093 20
u5092 2 5093 18 5094 4
u5093 2 5094 18 5095 20
u5094 2 5095 16 5096 6
u5095 2 5096 17 5097 15
u5096 2 5097 7 5098 10
u5097 2 5098 13 5099 19
u5098 2 5099 16 5100 1
u5099 2 5100 13 5101 5
u5100 2 5101 5 5102 12
u5101 2 5102 15 5103 10
u5102 2 5103 9 5104 12
u5103 2 5104 18 5105 15
u5104 2 5105 10 5106 2
u5105 2 5106 10 5107 18
u5106 2 5107 5 5108 4
u5107 2 5108 7 5109 15
u5108 2 5109 14 5110 2
u5109 2 5110 6 5111 4
u5110 2 5111 9 5112 14
u5111 2 5112 19 5113 13
u5112 2 5113 10 5114 13
u5113 2 5114 17 5115 1
u5114 2 5115 14 5116 20
u5115 2 5116 1 5117 11
u5116 2 5117 19 5118 16
u5117 2 5118 16 5119 2
u5118 2 5119 13 5120 18
u5119 2 5120 20 5121 9
u5120 2 5121 7 5122 15
u5121 2 5122 7 5123 8
u5122 2 5123 2 5124 17
u5123 2 5124 16 5125 5
u5124 2 5125 11 5126 4
u5125 2 5126 8 5127 8
u5126 2 5127 15 5128 6
u5127 2 5128 10 5129 7
u5128 2 5129 18 5130 8
u5129 2 5130 19 5131 15
u5130 2 5131 17 5132 14
u5131 2 5132 19 5133 5
u5132 2 5133 3 5134 3
u5133 2 5134 18 5135 1
u5134 2 5135 9 5136 19
u5135 2 5136 12 5137 7
u5136 2 5137 2 5138 11
u5137 2 5138 5 5139 17
u5138 2 5139 8 5140 13
u5139 2 5140 14 5141 7
u5140 2 5141 9 5142 17
u5141 2 5142 18 5143 11
u5142 2 5143 7 5144 1
u5143 2 5144 6 5145 9
u5144 2 5145 16 5146 1
u5145 2 5146 2 5147 3
u5146 2 5147 18 5148 16
u5147 2 5148 18 5149 18
u5148 2 5149 8 5150 5
u5149 2 5150 1 5151 12
u5150 2 5151 16 5152 -7
u5151 2 5152 5 5153 4
u5152 2 5153 15 5154 6
u5153 2 5154 1 5155 5
u5154 2 5155 12 5156 12
u5155 2 5156 17 5157 3
u5156 2 5157 9 5158 -9
u5157 2 5158 10 5159 13
u5158 2 5159 4 5160 19
u5159 2 5160 4 5161 17
u5160 2 5161 19 5162 6
u5161 2 5162 2 5163 7
u5162 2 5163 8 5164 5
u5163 2 5164 6 5165 14
u5164 2 5165 18 5166 19
u5165 2 5166 18 5167 5
u5166 2 5167 11 5168 11
u5167 2 5168 19 5169 20
u5168 2 5169 20 5170 9
u5169 2 5170 2 5171 9
u5170 2 5171 4 5172 14
u5171 2 5172 6 5173 15
u5172 2 5173 17 5174 20
u5173 2 5174 12 5175 6
u5174 2 5175 13 5176 -8
u5175 2 5176 15 5177 5
u5176 2 5177 3 5178 6
u5177 2 5178 8 5179 2
u5178 2 5179 8 5180 13
u5179 2 5180 7 5181 6
u5180 2 5181 -10 5182 20
u5181 2 5182 8 5183 14
u5182 2 5183 11 5184 6
u5183 2 5184 11 5185 7
u5184 2 5185 19 5186 15
u5185 2 5186 20 5187 3
u5186 2 5187 10 5188 12
u5187 2 5188 8 5189 2
u5188 2 5189 15 5190 15
u5189 2 5190 2 5191 -10
u5190 2 5191 9 5192 17
u5191 2 5192 15 5193 15
u5192 2 5193 12 5194 18
u5193 2 5194 11 5195 4
u5194 2 5195 16 5196 16
u5195 2 5196 -1 5197 4
u5196 2 5197 10 5198 5
u5197 2 5198 7 5199 6
u5198 2 5199 13 5200 20
u5199 2 5200 20 5201 10
u5200 2 5201 3 5202 4
u5201 2 5202 8 5203 5
u5202 2 5203 1 5204 5
u5203 2 5204 3 5205 12
u5204 2 5205 11 5206 5
u5205 2 5206 10 5207 18
u5206 2 5207 17 5208 16
u5207 2 5208 20 5209 10
u5208 2 5209 15 5210 13
u5209 2 5210 -11 5211 6
u5210 2 5211 6 5212 7
u5211 2 5212 13 5213 6
u5212 2 5213 8 5214 8
u5213 2 5214 3 5215 10
u5214 2 5215 12 5216 6
u5215 2 5216 18 5217 11
u5216 2 5217 8 5218 8
u5217 2 5218 8 5219 -6
u5218 2 5219 14 5220 1
u5219 2 5220 19 5221 2
u5220 2 5221 3 5222 6
u5221 2 5222 7 5223 1
u5222 2 5223 7 5224 12
u5223 2 5224 7 5225 19
u5224 2 5225 3 5226 11
u5225 2 5226 8 5227 7
u5226 2 5227 17 5228 17
u5227 2 5228 18 5229 12
u5228 2 5229 15 5230 15
u5229 2 5230 9 5231 12
u5230 2 5231 9 5232 2
u5231 2 5232 9 5233 16
u5232 2 5233 15 5234 20
u5233 2 5234 14 5235 3
u5234 2 5235 7 5236 1
u5235 2 5236 5 5237 15
u5236 2 5237 1 5238 11
u5237 2 5238 9 5239 7
u5238 2 5239 2 5240 14
u5239 2 5240 7 5241 4
u5240 2 5241 12 5242 20
u5241 2 5242 3 5243 11
u5242 2 5243 13 5244 14
u5243 2 5244 12 5245 4
u5244 2 5245 12 5246 13
u5245 2 5246 8 5247 6
u5246 2 5247 18 5248 6
u5247 2 5248 17 5249 1
u5248 2 5249 6 5250 11
u5249 2 5250 9 5251 7
u5250 2 5251 10 5252 16
u5251 2 5252 20 5253 7
u5252 2 5253 4 5254 10
u5253 2 5254 1 5255 1
u5254 2 5255 18 5256 11
u5255 2 5256 8 5257 16
u5256 2 5257 18 5258 8
u5257 2 5258 6 5259 2
u5258 2 5259 11 5260 18
u5259 2 5260 4 5261 16
u5260 2 5261 14 5262 18
u5261 2 5262 12 5263 15
u5262 2 5263 17 5264 -1
u5263 2 5264 11 5265 16
u5264 2 5265 7 5266 13
u5265 2 5266 18 5267 18
u5266 2 5267 18 5268 -10
u5267 2 5268 12 5269 14
u5268 2 5269 8 5270 1
u5269 2 5270 13 5271 2
u5270 2 5271 16 5272 4
u5271 2 5272 3 5273 19
u5272 2 5273 18 5274 8
u5273 2 5274 8 5275 9
u5274 2 5275 13 5276 10
u5275 2 5276 -16 5277 11
u5276 2 5277 17 5278 3
u5277 2 5278 9 5279 12
u5278 2 5279 5 5280 8
u5279 2 5280 6 5281 19
u5280 2 5281 6 5282 18
u5281 2 5282 20 5283 8
u5282 2 5283 4 5284 15
u5283 2 5284 9 5285 9
u5284 2 5285 18 5286 3
u5285 2 5286 3 5287 2
u5286 2 5287 14 5288 8
u5287 2 5288 -6 5289 5
u5288 2 5289 15 5290 19
u5289 2 5290 2 5291 7
u5290 2 5291 1 5292 1
u5291 2 5292 18 5293 13
u5292 2 5293 5 5294 7
u5293 2 5294 16 5295 11
u5294 2 5295 7 5296 10
u5295 2 5296 15 5297 -13
u5296 2 5297 1 5298 19
u5297 2 5298 2 5299 1
u5298 2 5299 2 5300 12
u5299 2 5300 12 5301 3
u5300 2 5301 17 5302 1
u5301 2 5302 19 5303 9
u5302 2 5303 6 5304 8
u5303 2 5304 15 5305 11
u5304 2 5305 5 5306 17
u5305 2 5306 -13 5307 16
u5306 2 5307 7 5308 19
u5307 2 5308 14 5309 2
u5308 2 5309 10 5310 2
u5309 2 5310 12 5311 6
u5310 2 5311 9 5312 3
u5311 2 5312 16 5313 18
u5312 2 5313 10 5314 -19
u5313 2 5314 15 5315 14
u5314 2 5315 14 5316 7
u5315 2 5316 16 5317 -4
u5316 2 5317 9 5318 9
u5317 2 5318 15 5319 7
u5318 2 5319 7 5320 14
u5319 2 5320 13 5321 4
u5320 2 5321 20 5322 15
u5321 2 5322 18 5323 20
u5322 2 5323 9 5324 16
u5323 2 5324 10 5325 15
u5324 2 5325 5 5326 8
u5325 2 5326 9 5327 20
u5326 2 5327 1 5328 15
u5327 2 5328 7 5329 7
u5328 2 5329 -8 5330 14
u5329 2 5330 12 5331 10
u5330 2 5331 15 5332 10
u5331 2 5332 5 5333 4
u5332 2 5333 18 5334 9
u5333 2 5334 5 5335 17
u5334 2 5335 10 5336 -12
u5335 2 5336 5 5337 4
u5336 2 5337 13 5338 4
u5337 2 5338 4 5339 19
u5338 2 5339 9 5340 1
u5339 2 5340 4 5341 19
u5340 2 5341 17 5342 18
u5341 2 5342 19 5343 6
u5342 2 5343 10 5344 2
u5343 2 5344 -7 5345 15
u5344 2 5345 7 5346 4
u5345 2 5346 15 5347 5
u5346 2 5347 6 5348 17
u5347 2 5348 11 5349 4
u5348 2 5349 9 5350 5
u5349 2 5350 8 5351 10
u5350 2 5351 2 5352 9
u5351 2 5352 17 5353 11
u5352 2 5353 -11 5354 8
u5353 2 5354 12 5355 10
u5354 2 5355 18 5356 5
u5355 2 5356 11 5357 14
u5356 2 5357 2 5358 18
u5357 2 5358 15 5359 18
u5358 2 5359 20 5360 -9
u5359 2 5360 8 5361 2
u5360 2 5361 12 5362 6
u5361 2 5362 11 5363 3
u5362 2 5363 6 5364 14
u5363 2 5364 11 5365 3
u5364 2 5365 4 5366 19
u5365 2 5366 12 5367 14
u5366 2 5367 15 5368 13
u5367 2 5368 11 5369 18
u5368 2 5369 14 5370 19
u5369 2 5370 12 5371 20
u5370 2 5371 16 5372 8
u5371 2 5372 15 5373 17
u5372 2 5373 20 5374 14
u5373 2 5374 16 5375 18
u5374 2 5375 12 5376 15
u5375 2 5376 7 5377 -8
u5376 2 5377 13 5378 3
u5377 2 5378 8 5379 9
u5378 2 5379 10 5380 11
u5379 2 5380 16 5381 13
u5380 2 5381 18 5382 5
u5381 2 5382 6 5383 6
u5382 2 5383 17 5384 13
u5383 2 5384 7 5385 16
u5384 2 5385 6 5386 17
u5385 2 5386 6 5387 18
u5386 2 5387 16 5388 18
u5387 2 5388 8 5389 6
u5388 2 5389 12 5390 2
u5389 2 5390 6 5391 13
u5390 2 5391 1 5392 4
u5391 2 5392 11 5393 2
u5392 2 5393 4 5394 7
u5393 2 5394 2 5395 10
u5394 2 5395 9 5396 15
u5395 2 5396 18 5397 2
u5396 2 5397 16 5398 18
u5397 2 5398 20 5399 1
u5398 2 5399 8 5400 8
u5399 2 5400 -15 5401 17
u5400 2 5401 12 5402 11
u5401 2 5402 13 5403 6
u5402 2 5403 17 5404 8
u5403 2 5404 11 5405 19
u5404 2 5405 9 5406 16
u5405 2 5406 17 5407 4
u5406 2 5407 3 5408 13
u5407 2 5408 4 5409 14
u5408 2 5409 9 5410 10
u5409 2 5410 18 5411 6
u5410 2 5411 20 5412 2
u5411 2 5412 5 5413 3
u5412 2 5413 11 5414 18
u5413 2 5414 4 5415 3
u5414 2 5415 5 5416 6
u5415 2 5416 13 5417 5
u5416 2 5417 19 5418 12
u5417 2 5418 5 5419 6
u5418 2 5419 11 5420 5
u5419 2 5420 3 5421 12
u5420 2 5421 15 5422 6
u5421 2 5422 10 5423 5
u5422 2 5423 18 5424 8
u5423 2 5424 10 5425 2
u5424 2 5425 18 5426 13
u5425 2 5426 15 5427 6
u5426 2 5427 13 5428 5
u5427 2 5428 18 5429 14
u5428 2 5429 16 5430 9
u5429 2 5430 18 5431 12
u5430 2 5431 15 5432 19
u5431 2 5432 15 5433 17
u5432 2 5433 19 5434 8
u5433 2 5434 3 5435 5
u5434 2 5435 18 5436 13
u5435 2 5436 16 5437 15
u5436 2 5437 19 5438 3
u5437 2 5438 16 5439 10
u5438 2 5439 -11 5440 7
u5439 2 5440 -1 5441 6
u5440 2 5441 5 5442 11
u5441 2 5442 17 5443 12
u5442 2 5443 15 5444 2
u5443 2 5444 12 5445 18
u5444 2 5445 18 5446 16
u5445 2 5446 -8 5447 20
u5446 2 5447 18 5448 12
u5447 2 5448 16 5449 -8
u5448 2 5449 20 5450 8
u5449 2 5450 6 5451 7
u5450 2 5451 6 5452 9
u5451 2 5452 3 5453 6
u5452 2 5453 3 5454 15
u5453 2 5454 19 5455 2
u5454 2 5455 1 5456 5
u5455 2 5456 18 5457 12
u5456 2 5457 -13 5458 4
u5457 2 5458 1 5459 10
u5458 2 5459 6 5460 19
u5459 2 5460 19 5461 12
u5460 2 5461 10 5462 10
u5461 2 5462 16 5463 8
u5462 2 5463 3 5464 8
u5463 2 5464 9 5465 10
u5464 2 5465 7 5466 2
u5465 2 5466 2 5467 13
u5466 2 5467 4 5468 15
u5467 2 5468 15 5469 4
u5468 2 5469 9 5470 19
u5469 2 5470 19 5471 6
u5470 2 5471 4 5472 7
u5471 2 5472 16 5473 14
u5472 2 5473 14 5474 12
u5473 2 5474 13 5475 15
u5474 2 5475 10 5476 12
u5475 2 5476 15 5477 10
u5476 2 5477 2 5478 7
u5477 2 5478 1 5479 7
u5478 2 5479 12 5480 19
u5479 2 5480 4 5481 12
u5480 2 5481 3 5482 8
u5481 2 5482 19 5483 18
u5482 2 5483 15 5484 17
u5483 2 5484 20 5485 13
u5484 2 5485 8 5486 18
u5485 2 5486 9 5487 12
u5486 2 5487 16 5488 4
u5487 2 5488 4 5489 7
u5488 2 5489 12 5490 20
u5489 2 5490 3 5491 4
u5490 2 5491 12 5492 15
u5491 2 5492 1 5493 10
u5492 2 5493 4 5494 7
u5493 2 5494 -11 5495 5
u5494 2 5495 19 5496 1
u5495 2 5496 20 5497 16
u5496 2 5497 16 5498 10
u5497 2 5498 -10 5499 2
u5498 2 5499 16 5500 2
u5499 2 5500 14 5501 14
u5500 2 5501 1 5502 8
u5501 2 5502 20 5503 18
u5502 2 5503 14 5504 16
u5503 2 5504 8 5505 15
u5504 2 5505 8 5506 11
u5505 2 5506 11 5507 16
u5506 2 5507 3 5508 10
u5507 2 5508 11 5509 14
u5508 2 5509 15 5510 7
u5509 2 5510 7 5511 19
u5510 2 5511 11 5512 19
u5511 2 5512 17 5513 8
u5512 2 5513 18 5514 14
u5513 2 5514 10 5515 9
u5514 2 5515 1 5516 -15
u5515 2 5516 13 5517 13
u5516 2 5517 2 5518 17
u5517 2 5518 4 5519 3
u5518 2 5519 9 5520 15
u5519 2 5520 18 5521 3
u5520 2 5521 17 5522 1
u5521 2 5522 19 5523 11
u5522 2 5523 19 5524 12
u5523 2 5524 12 5525 2
u5524 2 5525 3 5526 6
u5525 2 5526 8 5527 16
u5526 2 5527 1 5528 4
u5527 2 5528 15 5529 3
u5528 2 5529 10 5530 10
u5529 2 5530 19 5531 8
u5530 2 5531 16 5532 18
u5531 2 5532 2 5533 20
u5532 2 5533 9 5534 18
u5533 2 5534 1 5535 16
u5534 2 5535 5 5536 1
u5535 2 5536 17 5537 10
u5536 2 5537 19 5538 18
u5537 2 5538 1 5539 1
u5538 2 5539 12 5540 17
u5539 2 5540 5 5541 12
u5540 2 5541 9 5542 20
u5541 2 5542 2 5543 8
u5542 2 5543 16 5544 4
u5543 2 5544 3 5545 10
u5544 2 5545 11 5546 5
u5545 2 5546 5 5547 6
u5546 2 5547 20 5548 9
u5547 2 5548 20 5549 10
u5548 2 5549 18 5550 9
u5549 2 5550 8 5551 15
u5550 2 5551 18 5552 19
u5551 2 5552 17 5553 8
u5552 2 5553 11 5554 3
u5553 2 5554 12 5555 -2
u5554 2 5555 15 5556 18
u5555 2 5556 3 5557 18
u5556 2 5557 8 5558 2
u5557 2 5558 9 5559 3
u5558 2 5559 8 5560 15
u5559 2 5560 4 5561 3
u5560 2 5561 -1 5562 15
u5561 2 5562 13 5563 19
u5562 2 5563 17 5564 11
u5563 2 5564 19 5565 16
u5564 2 5565 15 5566 12
u5565 2 5566 -20 5567 6
u5566 2 5567 17 5568 8
u5567 2 5568 3 5569 5
u5568 2 5569 12 5570 14
u5569 2 5570 12 5571 19
u5570 2 5571 3 5572 6
u5571 2 5572 3 5573 19
u5572 2 5573 4 5574 14
u5573 2 5574 9 5575 17
u5574 2 5575 1 5576 10
u5575 2 5576 14 5577 20
u5576 2 5577 20 5578 13
u5577 2 5578 9 5579 7
u5578 2 5579 12 5580 -13
u5579 2 5580 12 5581 1
u5580 2 5581 18 5582 19
u5581 2 5582 5 5583 4
u5582 2 5583 20 5584 8
u5583 2 5584 14 5585 17
u5584 2 5585 6 5586 18
u5585 2 5586 5 5587 7
u5586 2 5587 8 5588 5
u5587 2 5588 4 5589 16
u5588 2 5589 13 5590 10
u5589 2 5590 11 5591 19
u5590 2 5591 11 5592 -7
u5591 2 5592 17 5593 8
u5592 2 5593 9 5594 1
u5593 2 5594 15 5595 14
u5594 2 5595 11 5596 5
u5595 2 5596 17 5597 17
u5596 2 5597 2 5598 20
u5597 2 5598 11 5599 10
u5598 2 5599 13 5600 3
u5599 2 5600 -6 5601 9
u5600 2 5601 5 5602 4
u5601 2 5602 16 5603 18
u5602 2 5603 14 5604 7
u5603 2 5604 15 5605 7
u5604 2 5605 16 5606 13
u5605 2 5606 -14 5607 20
u5606 2 5607 15 5608 12
u5607 2 5608 10 5609 12
u5608 2 5609 19 5610 17
u5609 2 5610 15 5611 1
u5610 2 5611 12 5612 5
u5611 2 5612 8 5613 16
u5612 2 5613 11 5614 5
u5613 2 5614 3 5615 18
u5614 2 5615 4 5616 2
u5615 2 5616 7 5617 16
u5616 2 5617 13 5618 6
u5617 2 5618 16 5619 20
u5618 2 5619 2 5620 4
u5619 2 5620 6 5621 14
u5620 2 5621 19 5622 8
u5621 2 5622 18 5623 20
u5622 2 5623 4 5624 9
u5623 2 5624 4 5625 2
u5624 2 5625 18 5626 5
u5625 2 5626 3 5627 3
u5626 2 5627 19 5628 16
u5627 2 5628 5 5629 10
u5628 2 5629 17 5630 5
u5629 2 5630 8 5631 14
u5630 2 5631 15 5632 8
u5631 2 5632 13 5633 19
u5632 2 5633 11 5634 2
u5633 2 5634 17 5635 6
u5634 2 5635 19 5636 1
u5635 2 5636 11 5637 20
u5636 2 5637 4 5638 5
u5637 2 5638 12 5639 4
u5638 2 5639 14 5640 20
u5639 2 5640 7 5641 20
u5640 2 5641 18 5642 19
u5641 2 5642 17 5643 17
u5642 2 5643 6 5644 19
u5643 2 5644 6 5645 8
u5644 2 5645 13 5646 20
u5645 2 5646 2 5647 9
u5646 2 5647 12 5648 1
u5647 2 5648 13 5649 16
u5648 2 5649 14 5650 19
u5649 2 5650 16 5651 3
u5650 2 5651 17 5652 17
u5651 2 5652 13 5653 -2
u5652 2 5653 7 5654 18
u5653 2 5654 15 5655 7
u5654 2 5655 10 5656 11
u5655 2 5656 4 5657 18
u5656 2 5657 20 5658 13
u5657 2 5658 12 5659 13
u5658 2 5659 3 5660 20
u5659 2 5660 9 5661 5
u5660 2 5661 18 5662 15
u5661 2 5662 5 5663 16
u5662 2 5663 6 5664 6
u5663 2 5664 6 5665 17
u5664 2 5665 2 5666 6
u5665 2 5666 3 5667 3
u5666 2 5667 20 5668 8
u5667 2 5668 1 5669 10
u5668 2 5669 10 5670 2
u5669 2 5670 15 5671 5
u5670 2 5671 6 5672 5
u5671 2 5672 17 5673 18
u5672 2 5673 3 5674 2
u5673 2 5674 1 5675 13
u5674 2 5675 5 5676 13
u5675 2 5676 9 5677 1
u5676 2 5677 4 5678 13
u5677 2 5678 10 5679 1
u5678 2 5679 6 5680 10
u5679 2 5680 17 5681 1
u5680 2 5681 12 5682 5
u5681 2 5682 12 5683 3
u5682 2 5683 9 5684 3
u5683 2 5684 1 5685 6
u5684 2 5685 11 5686 10
u5685 2 5686 4 5687 14
u5686 2 5687 16 5688 7
u5687 2 5688 4 5689 10
u5688 2 5689 15 5690 18
u5689 2 5690 2 5691 20
u5690 2 5691 16 5692 5
u5691 2 5692 2 5693 13
u5692 2 5693 3 5694 2
u5693 2 5694 16 5695 14
u5694 2 5695 6 5696 4
u5695 2 5696 12 5697 16
u5696 2 5697 3 5698 18
u5697 2 5698 14 5699 5
u5698 2 5699 19 5700 9
u5699 2 5700 3 5701 1
u5700 2 5701 9 5702 5
u5701 2 5702 10 5703 2
u5702 2 5703 7 5704 19
u5703 2 5704 20 5705 17
u5704 2 5705 12 5706 10
u5705 2 5706 1 5707 18
u5706 2 5707 13 5708 9
u5707 2 5708 5 5709 19
u5708 2 5709 16 5710 18
u5709 2 5710 19 5711 14
u5710 2 5711 20 5712 3
u5711 2 5712 -5 5713 3
u5712 2 5713 19 5714 19
u5713 2 5714 18 5715 7
u5714 2 5715 14 5716 14
u5715 2 5716 6 5717 -3
u5716 2 5717 20 5718 19
u5717 2 5718 2 5719 14
u5718 2 5719 20 5720 3
u5719 2 5720 18 5721 19
u5720 2 5721 19 5722 8
u5721 2 5722 13 5723 16
u5722 2 5723 11 5724 3
u5723 2 5724 12 5725 17
u5724 2 5725 6 5726 6
u5725 2 5726 8 5727 10
u5726 2 5727 19 5728 8
u5727 2 5728 15 5729 20
u5728 2 5729 12 5730 20
u5729 2 5730 19 5731 13
u5730 2 5731 6 5732 14
u5731 2 5732 7 5733 17
u5732 2 5733 9 5734 16
u5733 2 5734 11 5735 13
u5734 2 5735 14 5736 18
u5735 2 5736 4 5737 20
u5736 2 5737 18 5738 2
u5737 2 5738 10 5739 9
u5738 2 5739 18 5740 17
u5739 2 5740 13 5741 15
u5740 2 5741 -13 5742 20
u5741 2 5742 5 5743 16
u5742 2 5743 11 5744 17
u5743 2 5744 14 5745 -5
u5744 2 5745 6 5746 7
u5745 2 5746 16 5747 5
u5746 2 5747 20 5748 2
u5747 2 5748 16 5749 18
u5748 2 5749 11 5750 8
u5749 2 5750 13 5751 11
u5750 2 5751 9 5752 4
u5751 2 5752 -12 5753 1
u5752 2 5753 20 5754 11
u5753 2 5754 5 5755 5
u5754 2 5755 6 5756 2
u5755 2 5756 19 5757 19
u5756 2 5757 18 5758 19
u5757 2 5758 12 5759 6
u5758 2 5759 17 5760 13
u5759 2 5760 11 5761 2
u5760 2 5761 2 5762 10
u5761 2 5762 20 5763 1
u5762 2 5763 19 5764 16
u5763 2 5764 3 5765 10
u5764 2 5765 6 5766 20
u5765 2 5766 1 5767 9
u5766 2 5767 5 5768 18
u5767 2 5768 9 5769 5
u5768 2 5769 14 5770 12
u5769 2 5770 17 5771 4
u5770 2 5771 3 5772 19
u5771 2 5772 11 5773 11
u5772 2 5773 -3 5774 16
u5773 2 5774 4 5775 7
u5774 2 5775 20 5776 -8
u5775 2 5776 1 5777 13
u5776 2 5777 15 5778 16
u5777 2 5778 4 5779 16
u5778 2 5779 3 5780 2
u5779 2 5780 15 5781 -1
u5780 2 5781 10 5782 15
u5781 2 5782 2 5783 6
u5782 2 5783 10 5784 11
u5783 2 5784 8 5785 8
u5784 2 5785 2 5786 20
u5785 2 5786 14 5787 11
u5786 2 5787 18 5788 7
u5787 2 5788 4 5789 6
u5788 2 5789 -10 5790 8
u5789 2 5790 6 5791 16
u5790 2 5791 8 5792 14
u5791 2 5792 20 5793 4
u5792 2 5793 17 5794 10
u5793 2 5794 2 5795 2
u5794 2 5795 13 5796 16
u5795 2 5796 -1 5797 4
u5796 2 5797 8 5798 5
u5797 2 5798 16 5799 14
u5798 2 5799 -5 5800 7
u5799 2 5800 16 5801 18
u5800 2 5801 2 5802 7
u5801 2 5802 -12 5803 1
u5802 2 5803 2 5804 5
u5803 2 5804 2 5805 20
u5804 2 5805 2 5806 12
u5805 2 5806 16 5807 3
u5806 2 5807 9 5808 20
u5807 2 5808 8 5809 10
u5808 2 5809 1 5810 10
u5809 2 5810 5 5811 15
u5810 2 5811 3 5812 12
u5811 2 5812 19 5813 18
u5812 2 5813 15 5814 14
u5813 2 5814 11 5815 5
u5814 2 5815 1 5816 10
u5815 2 5816 12 5817 4
u5816 2 5817 17 5818 9
u5817 2 5818 16 5819 6
u5818 2 5819 4 5820 16
u5819 2 5820 13 5821 17
u5820 2 5821 8 5822 19
u5821 2 5822 12 5823 6
u5822 2 5823 20 5824 1
u5823 2 5824 1 5825 11
u5824 2 5825 -18 5826 14
u5825 2 5826 -9 5827 20
u5826 2 5827 3 5828 20
u5827 2 5828 19 5829 3
u5828 2 5829 11 5830 7
u5829 2 5830 19 5831 19
u5830 2 5831 2 5832 17
u5831 2 5832 11 5833 9
u5832 2 5833 4 5834 2
u5833 2 5834 1 5835 10
u5834 2 5835 18 5836 5
u5835 2 5836 13 5837 18
u5836 2 5837 11 5838 2
u5837 2 5838 9 5839 12
u5838 2 5839 20 5840 13
u5839 2 5840 8 5841 16
u5840 2 5841 12 5842 17
u5841 2 5842 14 5843 -4
u5842 2 5843 4 5844 -19
u5843 2 5844 8 5845 19
u5844 2 5845 12 5846 3
u5845 2 5846 17 5847 9
u5846 2 5847 17 5848 7
u5847 2 5848 10 5849 13
u5848 2 5849 17 5850 -7
u5849 2 5850 15 5851 14
u5850 2 5851 2 5852 10
u5851 2 5852 7 5853 18
u5852 2 5853 11 5854 19
u5853 2 5854 8 5855 14
u5854 2 5855 1 5856 13
u5855 2 5856 4 5857 16
u5856 2 5857 15 5858 16
u5857 2 5858 5 5859 7
u5858 2 5859 -11 5860 13
u5859 2 5860 6 5861 19
u5860 2 5861 2 5862 10
u5861 2 5862 16 5863 14
u5862 2 5863 16 5864 8
u5863 2 5864 7 5865 -8
u5864 2 5865 2 5866 3
u5865 2 5866 18 5867 20
u5866 2 5867 11 5868 13
u5867 2 5868 14 5869 17
u5868 2 5869 12 5870 12
u5869 2 5870 19 5871 14
u5870 2 5871 15 5872 7
u5871 2 5872 10 5873 7
u5872 2 5873 11 5874 1
u5873 2 5874 5 5875 17
u5874 2 5875 14 5876 15
u5875 2 5876 -14 5877 10
u5876 2 5877 18 5878 8
u5877 2 5878 4 5879 14
u5878 2 5879 5 5880 20
u5879 2 5880 5 5881 15
u5880 2 5881 2 5882 18
u5881 2 5882 3 5883 -18
u5882 2 5883 17 5884 9
u5883 2 5884 18 5885 20
u5884 2 5885 2 5886 4
u5885 2 5886 4 5887 18
u5886 2 5887 15 5888 1
u5887 2 5888 20 5889 13
u5888 2 5889 1 5890 14
u5889 2 5890 6 5891 19
u5890 2 5891 11 5892 15
u5891 2 5892 15 5893 16
u5892 2 5893 19 5894 2
u5893 2 5894 14 5895 14
u5894 2 5895 20 5896 20
u5895 2 5896 12 5897 9
u5896 2 5897 18 5898 5
u5897 2 5898 20 5899 16
u5898 2 5899 13 5900 15
u5899 2 5900 16 5901 2
u5900 2 5901 6 5902 -11
u5901 2 5902 6 5903 9
u5902 2 5903 4 5904 3
u5903 2 5904 4 5905 7
u5904 2 5905 12 5906 6
u5905 2 5906 -5 5907 8
u5906 2 5907 9 5908 7
u5907 2 5908 13 5909 13
u5908 2 5909 14 5910 3
u5909 2 5910 9 5911 1
u5910 2 5911 3 5912 10
u5911 2 5912 8 5913 6
u5912 2 5913 8 5914 -11
u5913 2 5914 7 5915 -20
u5914 2 5915 9 5916 17
u5915 2 5916 2 5917 18
u5916 2 5917 11 5918 -18
u5917 2 5918 6 5919 8
u5918 2 5919 2 5920 7
u5919 2 5920 17 5921 11
u5920 2 5921 -20 5922 14
u5921 2 5922 8 5923 16
u5922 2 5923 9 5924 7
u5923 2 5924 4 5925 6
u5924 2 5925 1 5926 7
u5925 2 5926 1 5927 19
u5926 2 5927 4 5928 -17
u5927 2 5928 6 5929 14
u5928 2 5929 2 5930 4
u5929 2 5930 8 5931 8
u5930 2 5931 3 5932 18
u5931 2 5932 6 5933 11
u5932 2 5933 5 5934 12
u5933 2 5934 18 5935 1
u5934 2 5935 1 5936 3
u5935 2 5936 19 5937 -15
u5936 2 5937 6 5938 12
u5937 2 5938 13 5939 20
u5938 2 5939 9 5940 13
u5939 2 5940 17 5941 2
u5940 2 5941 18 5942 15
u5941 2 5942 2 5943 4
u5942 2 5943 10 5944 18
u5943 2 5944 13 5945 10
u5944 2 5945 3 5946 8
u5945 2 5946 1 5947 19
u5946 2 5947 3 5948 10
u5947 2 5948 12 5949 6
u5948 2 5949 12 5950 17
u5949 2 5950 -20 5951 10
u5950 2 5951 18 5952 2
u5951 2 5952 7 5953 11
u5952 2 5953 5 5954 18
u5953 2 5954 -12 5955 14
u5954 2 5955 15 5956 19
u5955 2 5956 11 5957 5
u5956 2 5957 8 5958 1
u5957 2 5958 9 5959 4
u5958 2 5959 1 5960 14
u5959 2 5960 -17 5961 9
u5960 2 5961 20 5962 7
u5961 2 5962 8 5963 5
u5962 2 5963 11 5964 5
u5963 2 5964 6 5965 13
u5964 2 5965 1 5966 1
u5965 2 5966 7 5967 10
u5966 2 5967 7 5968 16
u5967 2 5968 15 5969 9
u5968 2 5969 13 5970 11
u5969 2 5970 19 5971 4
u5970 2 5971 18 5972 8
u5971 2 5972 -6 5973 19
u5972 2 5973 7 5974 7
u5973 2 5974 8 5975 16
u5974 2 5975 -9 5976 6
u5975 2 5976 14 5977 19
u5976 2 5977 11 5978 6
u5977 2 5978 20 5979 19
u5978 2 5979 5 5980 4
u5979 2 5980 14 5981 7
u5980 2 5981 19 5982 16
u5981 2 5982 20 5983 14
u5982 2 5983 19 5984 5
u5983 2 5984 6 5985 19
u5984 2 5985 14 5986 16
u5985 2 5986 4 5987 14
u5986 2 5987 15 5988 12
u5987 2 5988 6 5989 13
u5988 2 5989 16 5990 20
u5989 2 5990 5 5991 3
u5990 2 5991 3 5992 9
u5991 2 5992 17 5993 5
u5992 2 5993 10 5994 8
u5993 2 5994 6 5995 16
u5994 2 5995 12 5996 14
u5995 2 5996 15 5997 16
u5996 2 5997 18 5998 3
u5997 2 5998 1 5999 4
u5998 2 5999 19 6000 14
u5999 2 6000 13 6001 12
u6000 2 6001 8 6002 11
u6001 2 6002 14 6003 18
u6002 2 6003 5 6004 4
u6003 2 6004 16 6005 9
u6004 2 6005 2 6006 9
u6005 2 6006 16 6007 1
u6006 2 6007 2 6008 4
u6007 2 6008 13 6009 5
u6008 2 6009 3 6010 9
u6009 2 6010 16 6011 12
u6010 2 6011 4 6012 -7
u6011 2 6012 1 6013 13
u6012 2 6013 11 6014 13
u6013 2 6014 20 6015 6
u6014 2 6015 12 6016 10
u6015 2 6016 13 6017 20
u6016 2 6017 20 6018 2
u6017 2 6018 9 6019 2
u6018 2 6019 -15 6020 19
u6019 2 6020 11 6021 5
u6020 2 6021 -5 6022 1
u6021 2 6022 19 6023 19
u6022 2 6023 -14 6024 17
u6023 2 6024 14 6025 5
u6024 2 6025 6 6026 6
u6025 2 6026 16 6027 15
u6026 2 6027 2 6028 19
u6027 2 6028 1 6029 8
u6028 2 6029 16 6030 15
u6029 2 6030 12 6031 3
u6030 2 6031 11 6032 17
u6031 2 6032 19 6033 4
u6032 2 6033 13 6034 8
u6033 2 6034 13 6035 1
u6034 2 6035 16 6036 5
u6035 2 6036 11 6037 5
u6036 2 6037 13 6038 15
u6037 2 6038 16 6039 12
u6038 2 6039 -20 6040 2
u6039 2 6040 9 6041 12
u6040 2 6041 13 6042 17
u6041 2 6042 9 6043 6
u6042 2 6043 17 6044 19
u6043 2 6044 9 6045 7
u6044 2 6045 19 6046 3
u6045 2 6046 14 6047 8
u6046 2 6047 7 6048 16
u6047 2 6048 2 6049 11
u6048 2 6049 15 6050 14
u6049 2 6050 11 6051 7
u6050 2 6051 13 6052 6
u6051 2 6052 12 6053 15
u6052 2 6053 7 6054 18
u6053 2 6054 14 6055 4
u6054 2 6055 10 6056 2
u6055 2 6056 20 6057 3
u6056 2 6057 10 6058 12
u6057 2 6058 19 6059 16
u6058 2 6059 9 6060 18
u6059 2 6060 15 6061 1
u6060 2 6061 19 6062 3
u6061 2 6062 4 6063 15
u6062 2 6063 1 6064 5
u6063 2 6064 14 6065 9
u6064 2 6065 7 6066 6
u6065 2 6066 14 6067 8
u6066 2 6067 8 6068 6
u6067 2 6068 7 6069 9
u6068 2 6069 13 6070 11
u6069 2 6070 13 6071 3
u6070 2 6071 14 6072 1
u6071 2 6072 1 6073 16
u6072 2 6073 12 6074 3
u6073 2 6074 7 6075 17
u6074 2 6075 10 6076 12
u6075 2 6076 11 6077 3
u6076 2 6077 17 6078 2
u6077 2 6078 -8 6079 14
u6078 2 6079 7 6080 2
u6079 2 6080 20 6081 2
u6080 2 6081 15 6082 14
u6081 2 6082 14 6083 17
u6082 2 6083 16 6084 18
u6083 2 6084 11 6085 14
u6084 2 6085 6 6086 8
u6085 2 6086 6 6087 13
u6086 2 6087 12 6088 4
u6087 2 6088 19 6089 13
u6088 2 6089 -4 6090 16
u6089 2 6090 4 6091 13
u6090 2 6091 8 6092 17
u6091 2 6092 15 6093 8
u6092 2 6093 7 6094 -4
u6093 2 6094 13 6095 16
u6094 2 6095 7 6096 3
u6095 2 6096 19 6097 2
u6096 2 6097 5 6098 13
u6097 2 6098 8 6099 1
u6098 2 6099 17 6100 1
u6099 2 6100 16 6101 7
u6100 2 6101 7 6102 20
u6101 2 6102 15 6103 15
u6102 2 6103 2 6104 2
u6103 2 6104 11 6105 17
u6104 2 6105 12 6106 13
u6105 2 6106 10 6107 5
u6106 2 6107 20 6108 6
u6107 2 6108 13 6109 16
u6108 2 6109 7 6110 14
u6109 2 6110 16 6111 18
u6110 2 6111 12 6112 10
u6111 2 6112 15 6113 6
u6112 2 6113 17 6114 19
u6113 2 6114 14 6115 20
u6114 2 6115 19 6116 3
u6115 2 6116 6 6117 18
u6116 2 6117 9 6118 15
u6117 2 6118 14 6119 8
u6118 2 6119 14 6120 3
u6119 2 6120 7 6121 9
u6120 2 6121 10 6122 1
u6121 2 6122 5 6123 15
u6122 2 6123 1 6124 18
u6123 2 6124 12 6125 11
u6124 2 6125 13 6126 11
u6125 2 6126 3 6127 6
u6126 2 6127 15 6128 5
u6127 2 6128 20 6129 17
u6128 2 6129 17 6130 13
u6129 2 6130 10 6131 6
u6130 2 6131 3 6132 13
u6131 2 6132 14 6133 9
u6132 2 6133 1 6134 1
u6133 2 6134 3 6135 4
u6134 2 6135 19 6136 7
u6135 2 6136 5 6137 20
u6136 2 6137 5 6138 12
u6137 2 6138 18 6139 17
u6138 2 6139 16 6140 13
u6139 2 6140 16 6141 5
u6140 2 6141 3 6142 7
u6141 2 6142 12 6143 2
u6142 2 6143 18 6144 3
u6143 2 6144 19 6145 8
u6144 2 6145 15 6146 6
u6145 2 6146 15 6147 16
u6146 2 6147 12 6148 14
u6147 2 6148 7 6149 19
u6148 2 6149 14 6150 7
u6149 2 6150 20 6151 16
u6150 2 6151 13 6152 11
u6151 2 6152 8 6153 1
u6152 2 6153 2 6154 15
u6153 2 6154 3 6155 -3
u6154 2 6155 11 6156 11
u6155 2 6156 5 6157 15
u6156 2 6157 19 6158 -10
u6157 2 6158 18 6159 1
u6158 2 6159 3 6160 8
u6159 2 6160 10 6161 5
u6160 2 6161 18 6162 2
u6161 2 6162 6 6163 1
u6162 2 6163 10 6164 10
u6163 2 6164 5 6165 9
u6164 2 6165 13 6166 20
u6165 2 6166 3 6167 11
u6166 2 6167 20 6168 6
u6167 2 6168 5 6169 7
u6168 2 6169 3 6170 8
u6169 2 6170 19 6171 3
u6170 2 6171 12 6172 13
u6171 2 6172 12 6173 8
u6172 2 6173 12 6174 5
u6173 2 6174 2 6175 8
u6174 2 6175 13 6176 8
u6175 2 6176 12 6177 10
u6176 2 6177 2 6178 1
u6177 2 6178 2 6179 13
u6178 2 6179 1 6180 1
u6179 2 6180 4 6181 1
u6180 2 6181 8 6182 8
u6181 2 6182 3 6183 13
u6182 2 6183 17 6184 16
u6183 2 6184 7 6185 7
u6184 2 6185 18 6186 1
u6185 2 6186 7 6187 11
u6186 2 6187 6 6188 18
u6187 2 6188 4 6189 12
u6188 2 6189 6 6190 -18
u6189 2 6190 14 6191 13
u6190 2 6191 8 6192 20
u6191 2 6192 10 6193 10
u6192 2 6193 16 6194 16
u6193 2 6194 18 6195 9
u6194 2 6195 6 6196 11
u6195 2 6196 17 6197 1
u6196 2 6197 1 6198 11
u6197 2 6198 8 6199 2
u6198 2 6199 7 6200 17
u6199 2 6200 9 6201 11
u6200 2 6201 -18 6202 6
u6201 2 6202 16 6203 10
u6202 2 6203 17 6204 -18
u6203 2 6204 17 6205 16
u6204 2 6205 1 6206 15
u6205 2 6206 16 6207 2
u6206 2 6207 13 6208 7
u6207 2 6208 9 6209 -5
u6208 2 6209 18 6210 10
u6209 2 6210 17 6211 7
u6210 2 6211 12 6212 5
u6211 2 6212 6 6213 16
u6212 2 6213 7 6214 6
u6213 2 6214 11 6215 18
u6214 2 6215 14 6216 14
u6215 2 6216 10 6217 6
u6216 2 6217 12 6218 9
u6217 2 6218 19 6219 12
u6218 2 6219 14 6220 9
u6219 2 6220 8 6221 -6
u6220 2 6221 18 6222 12
u6221 2 6222 15 6223 10
u6222 2 6223 7 6224 1
u6223 2 6224 14 6225 16
u6224 2 6225 6 6226 11
u6225 2 6226 4 6227 1
u6226 2 6227 19 6228 10
u6227 2 6228 18 6229 18
u6228 2 6229 18 6230 20
u6229 2 6230 6 6231 6
u6230 2 6231 3 6232 6
u6231 2 6232 19 6233 8
u6232 2 6233 2 6234 20
u6233 2 6234 3 6235 18
u6234 2 6235 7 6236 16
u6235 2 6236 12 6237 -12
u6236 2 6237 8 6238 3
u6237 2 6238 16 6239 6
u6238 2 6239 14 6240 3
u6239 2 6240 16 6241 9
u6240 2 6241 8 6242 15
u6241 2 6242 9 6243 11
u6242 2 6243 3 6244 7
u6243 2 6244 14 6245 16
u6244 2 6245 3 6246 13
u6245 2 6246 15 6247 13
u6246 2 6247 8 6248 1
u6247 2 6248 6 6249 13
u6248 2 6249 6 6250 10
u6249 2 6250 13 6251 11
u6250 2 6251 10 6252 6
u6251 2 6252 17 6253 -2
u6252 2 6253 15 6254 6
u6253 2 6254 13 6255 16
u6254 2 6255 14 6256 -3
u6255 2 6256 15 6257 15
u6256 2 6257 -18 6258 3
u6257 2 6258 15 6259 11
u6258 2 6259 17 6260 18
u6259 2 6260 7 6261 5
u6260 2 6261 17 6262 6
u6261 2 6262 18 6263 11
u6262 2 6263 15 6264 19
u6263 2 6264 2 6265 18
u6264 2 6265 19 6266 19
u6265 2 6266 15 6267 3
u6266 2 6267 11 6268 11
u6267 2 6268 7 6269 2
u6268 2 6269 19 6270 4
u6269 2 6270 20 6271 14
u6270 2 6271 4 6272 15
u6271 2 6272 8 6273 3
u6272 2 6273 10 6274 6
u6273 2 6274 18 6275 7
u6274 2 6275 12 6276 5
u6275 2 6276 6 6277 9
u6276 2 6277 4 6278 9
u6277 2 6278 13 6279 1
u6278 2 6279 20 6280 8
u6279 2 6280 15 6281 10
u6280 2 6281 -2 6282 11
u6281 2 6282 15 6283 6
u6282 2 6283 12 6284 7
u6283 2 6284 10 6285 10
u6284 2 6285 1 6286 5
u6285 2 6286 8 6287 15
u6286 2 6287 11 6288 19
u6287 2 6288 14 6289 10
u6288 2 6289 7 6290 16
u6289 2 6290 18 6291 14
u6290 2 6291 12 6292 15
u6291 2 6292 18 6293 -4
u6292 2 6293 20 6294 8
u6293 2 6294 10 6295 6
u6294 2 6295 13 6296 9
u6295 2 6296 17 6297 17
u6296 2 6297 17 6298 15
u6297 2 6298 8 6299 13
u6298 2 6299 15 6300 11
u6299 2 6300 11 6301 5
u6300 2 6301 12 6302 14
u6301 2 6302 6 6303 8
u6302 2 6303 11 6304 5
u6303 2 6304 17 6305 9
u6304 2 6305 9 6306 17
u6305 2 6306 20 6307 8
u6306 2 6307 13 6308 12
u6307 2 6308 12 6309 3
u6308 2 6309 6 6310 -18
u6309 2 6310 -20 6311 6
u6310 2 6311 4 6312 9
u6311 2 6312 17 6313 3
u6312 2 6313 14 6314 2
u6313 2 6314 18 6315 19
u6314 2 6315 -7 6316 18
u6315 2 6316 17 6317 3
u6316 2 6317 16 6318 6
u6317 2 6318 8 6319 19
u6318 2 6319 12 6320 15
u6319 2 6320 17 6321 7
u6320 2 6321 1 6322 18
u6321 2 6322 7 6323 -1
u6322 2 6323 8 6324 1
u6323 2 6324 6 6325 17
u6324 2 6325 8 6326 8
u6325 2 6326 7 6327 9
u6326 2 6327 12 6328 17
u6327 2 6328 18 6329 17
u6328 2 6329 20 6330 16
u6329 2 6330 6 6331 20
u6330 2 6331 4 6332 8
u6331 2 6332 12 6333 16
u6332 2 6333 14 6334 9
u6333 2 6334 16 6335 2
u6334 2 6335 11 6336 12
u6335 2 6336 19 6337 12
u6336 2 6337 5 6338 6
u6337 2 6338 11 6339 18
u6338 2 6339 8 6340 20
u6339 2 6340 10 6341 6
u6340 2 6341 8 6342 5
u6341 2 6342 16 6343 19
u6342 2 6343 17 6344 11
u6343 2 6344 4 6345 14
u6344 2 6345 20 6346 -14
u6345 2 6346 11 6347 12
u6346 2 6347 3 6348 13
u6347 2 6348 17 6349 17
u6348 2 6349 4 6350 15
u6349 2 6350 13 6351 12
u6350 2 6351 15 6352 4
u6351 2 6352 13 6353 17
u6352 2 6353 15 6354 5
u6353 2 6354 17 6355 18
u6354 2 6355 -5 6356 15
u6355 2 6356 -3 6357 -18
u6356 2 6357 14 6358 20
u6357 2 6358 2 6359 17
u6358 2 6359 19 6360 13
u6359 2 6360 -19 6361 2
u6360 2 6361 20 6362 7
u6361 2 6362 1 6363 8
u6362 2 6363 19 6364 14
u6363 2 6364 2 6365 9
u6364 2 6365 20 6366 13
u6365 2 6366 8 6367 10
u6366 2 6367 20 6368 15
u6367 2 6368 17 6369 -17
u6368 2 6369 3 6370 3
u6369 2 6370 3 6371 1
u6370 2 6371 -19 6372 10
u6371 2 6372 2 6373 18
u6372 2 6373 4 6374 8
u6373 2 6374 9 6375 14
u6374 2 6375 19 6376 10
u6375 2 6376 -12 6377 5
u6376 2 6377 14 6378 15
u6377 2 6378 12 6379 10
u6378 2 6379 16 6380 18
u6379 2 6380 9 6381 16
u6380 2 6381 18 6382 17
u6381 2 6382 -15 6383 -10
u6382 2 6383 -6 6384 18
u6383 2 6384 7 6385 4
u6384 2 6385 11 6386 1
u6385 2 6386 19 6387 3
u6386 2 6387 7 6388 11
u6387 2 6388 17 6389 -1
u6388 2 6389 8 6390 18
u6389 2 6390 1 6391 10
u6390 2 6391 4 6392 19
u6391 2 6392 14 6393 4
u6392 2 6393 1 6394 6
u6393 2 6394 1 6395 8
u6394 2 6395 2 6396 9
u6395 2 6396 2 6397 19
u6396 2 6397 20 6398 5
u6397 2 6398 4 6399 14
u6398 2 6399 18 6400 20
u6399 2 6400 9 6401 6
u6400 2 6401 13 6402 -2
u6401 2 6402 5 6403 1
u6402 2 6403 -4 6404 8
u6403 2 6404 -6 6405 3
u6404 2 6405 17 6406 20
u6405 2 6406 2 6407 18
u6406 2 6407 2 6408 10
u6407 2 6408 1 6409 10
u6408 2 6409 10 6410 8
u6409 2 6410 19 6411 18
u6410 2 6411 13 6412 12
u6411 2 6412 15 6413 1
u6412 2 6413 4 6414 1
u6413 2 6414 19 6415 9
u6414 2 6415 14 6416 5
u6415 2 6416 5 6417 20
u6416 2 6417 20 6418 14
u6417 2 6418 3 6419 18
u6418 2 6419 14 6420 20
u6419 2 6420 8 6421 8
u6420 2 6421 15 6422 -1
u6421 2 6422 9 6423 17
u6422 2 6423 10 6424 5
u6423 2 6424 17 6425 15
u6424 2 6425 11 6426 -6
u6425 2 6426 18 6427 18
u6426 2 6427 14 6428 13
u6427 2 6428 6 6429 14
u6428 2 6429 1 6430 7
u6429 2 6430 18 6431 8
u6430 2 6431 8 6432 6
u6431 2 6432 6 6433 20
u6432 2 6433 16 6434 1
u6433 2 6434 15 6435 6
u6434 2 6435 14 6436 19
u6435 2 6436 -12 6437 5
u6436 2 6437 7 6438 17
u6437 2 6438 1 6439 19
u6438 2 6439 18 6440 19
u6439 2 6440 3 6441 3
u6440 2 6441 18 6442 3
u6441 2 6442 18 6443 14
u6442 2 6443 12 6444 6
u6443 2 6444 2 6445 6
u6444 2 6445 -11 6446 17
u6445 2 6446 19 6447 1
u6446 2 6447 4 6448 9
u6447 2 6448 4 6449 20
u6448 2 6449 14 6450 16
u6449 2 6450 20 6451 6
u6450 2 6451 10 6452 10
u6451 2 6452 8 6453 5
u6452 2 6453 16 6454 20
u6453 2 6454 18 6455 4
u6454 2 6455 4 6456 12
u6455 2 6456 14 6457 3
u6456 2 6457 6 6458 3
u6457 2 6458 8 6459 5
u6458 2 6459 12 6460 6
u6459 2 6460 7 6461 13
u6460 2 6461 14 6462 10
u6461 2 6462 16 6463 6
u6462 2 6463 12 6464 20
u6463 2 6464 16 6465 4
u6464 2 6465 16 6466 2
u6465 2 6466 -14 6467 8
u6466 2 6467 20 6468 15
u6467 2 6468 10 6469 16
u6468 2 6469 -6 6470 7
u6469 2 6470 9 6471 16
u6470 2 6471 4 6472 1
u6471 2 6472 14 6473 18
u6472 2 6473 20 6474 3
u6473 2 6474 10 6475 15
u6474 2 6475 8 6476 10
u6475 2 6476 9 6477 12
u6476 2 6477 7 6478 14
u6477 2 6478 -20 6479 14
u6478 2 6479 14 6480 10
u6479 2 6480 9 6481 18
u6480 2 6481 16 6482 7
u6481 2 6482 13 6483 18
u6482 2 6483 7 6484 5
u6483 2 6484 13 6485 2
u6484 2 6485 13 6486 17
u6485 2 6486 5 6487 12
u6486 2 6487 16 6488 -9
u6487 2 6488 12 6489 16
u6488 2 6489 6 6490 14
u6489 2 6490 14 6491 17
u6490 2 6491 10 6492 20
u6491 2 6492 5 6493 6
u6492 2 6493 5 6494 14
u6493 2 6494 4 6495 18
u6494 2 6495 13 6496 8
u6495 2 6496 19 6497 12
u6496 2 6497 14 6498 15
u6497 2 6498 2 6499 12
u6498 2 6499 4 6500 13
u6499 2 6500 10 6501 20
u6500 2 6501 18 6502 14
u6501 2 6502 2 6503 15
u6502 2 6503 2 6504 12
u6503 2 6504 6 6505 6
u6504 2 6505 18 6506 4
u6505 2 6506 12 6507 14
u6506 2 6507 1 6508 6
u6507 2 6508 10 6509 7
u6508 2 6509 16 6510 9
u6509 2 6510 6 6511 4
u6510 2 6511 10 6512 17
u6511 2 6512 6 6513 5
u6512 2 6513 16 6514 19
u6513 2 6514 12 6515 4
u6514 2 6515 -13 6516 12
u6515 2 6516 3 6517 4
u6516 2 6517 16 6518 2
u6517 2 6518 12 6519 5
u6518 2 6519 13 6520 10
u6519 2 6520 10 6521 2
u6520 2 6521 3 6522 5
u6521 2 6522 2 6523 14
u6522 2 6523 17 6524 7
u6523 2 6524 8 6525 16
u6524 2 6525 4 6526 19
u6525 2 6526 4 6527 2
u6526 2 6527 19 6528 9
u6527 2 6528 15 6529 5
u6528 2 6529 12 6530 2
u6529 2 6530 15 6531 8
u6530 2 6531 20 6532 15
u6531 2 6532 18 6533 1
u6532 2 6533 3 6534 6
u6533 2 6534 3 6535 7
u6534 2 6535 13 6536 20
u6535 2 6536 19 6537 2
u6536 2 6537 14 6538 13
u6537 2 6538 6 6539 5
u6538 2 6539 7 6540 4
u6539 2 6540 20 6541 19
u6540 2 6541 18 6542 -4
u6541 2 6542 13 6543 19
u6542 2 6543 10 6544 12
u6543 2 6544 4 6545 5
u6544 2 6545 9 6546 12
u6545 2 6546 8 6547 11
u6546 2 6547 16 6548 5
u6547 2 6548 18 6549 16
u6548 2 6549 11 6550 5
u6549 2 6550 16 6551 16
u6550 2 6551 18 6552 13
u6551 2 6552 6 6553 1
u6552 2 6553 9 6554 1
u6553 2 6554 15 6555 4
u6554 2 6555 1 6556 7
u6555 2 6556 17 6557 18
u6556 2 6557 13 6558 9
u6557 2 6558 10 6559 8
u6558 2 6559 18 6560 2
u6559 2 6560 11 6561 20
u6560 2 6561 3 6562 13
u6561 2 6562 17 6563 13
u6562 2 6563 18 6564 14
u6563 2 6564 7 6565 10
u6564 2 6565 12 6566 15
u6565 2 6566 10 6567 8
u6566 2 6567 -13 6568 5
u6567 2 6568 9 6569 8
u6568 2 6569 2 6570 4
u6569 2 6570 2 6571 18
u6570 2 6571 9 6572 14
u6571 2 6572 -19 6573 16
u6572 2 6573 17 6574 20
u6573 2 6574 13 6575 11
u6574 2 6575 3 6576 16
u6575 2 6576 16 6577 2
u6576 2 6577 15 6578 18
u6577 2 6578 4 6579 14
u6578 2 6579 12 6580 3
u6579 2 6580 10 6581 16
u6580 2 6581 15 6582 9
u6581 2 6582 1 6583 11
u6582 2 6583 13 6584 20
u6583 2 6584 2 6585 17
u6584 2 6585 8 6586 18
u6585 2 6586 1 6587 15
u6586 2 6587 7 6588 8
u6587 2 6588 10 6589 6
u6588 2 6589 15 6590 20
u6589 2 6590 8 6591 10
u6590 2 6591 18 6592 9
u6591 2 6592 1 6593 7
u6592 2 6593 19 6594 18
u6593 2 6594 16 6595 7
u6594 2 6595 20 6596 7
u6595 2 6596 18 6597 5
u6596 2 6597 11 6598 1
u6597 2 6598 2 6599 17
u6598 2 6599 10 6600 11
u6599 2 6600 1 6601 18
u6600 2 6601 12 6602 16
u6601 2 6602 18 6603 11
u6602 2 6603 1 6604 18
u6603 2 6604 18 6605 19
u6604 2 6605 13 6606 18
u6605 2 6606 2 6607 4
u6606 2 6607 2 6608 9
u6607 2 6608 8 6609 7
u6608 2 6609 5 6610 5
u6609 2 6610 18 6611 15
u6610 2 6611 1 6612 18
u6611 2 6612 15 6613 14
u6612 2 6613 5 6614 1
u6613 2 6614 12 6615 7
u6614 2 6615 1 6616 20
u6615 2 6616 8 6617 6
u6616 2 6617 8 6618 20
u6617 2 6618 20 6619 15
u6618 2 6619 13 6620 14
u6619 2 6620 8 6621 11
u6620 2 6621 1 6622 7
u6621 2 6622 4 6623 2
u6622 2 6623 3 6624 1
u6623 2 6624 20 6625 11
u6624 2 6625 1 6626 11
u6625 2 6626 13 6627 6
u6626 2 6627 20 6628 8
u6627 2 6628 5 6629 5
u6628 2 6629 19 6630 16
u6629 2 6630 19 6631 12
u6630 2 6631 1 6632 5
u6631 2 6632 9 6633 6
u6632 2 6633 14 6634 20
u6633 2 6634 11 6635 1
u6634 2 6635 14 6636 6
u6635 2 6636 7 6637 2
u6636 2 6637 2 6638 16
u6637 2 6638 16 6639 18
u6638 2 6639 17 6640 3
u6639 2 6640 -9 6641 6
u6640 2 6641 13 6642 17
u6641 2 6642 12 6643 12
u6642 2 6643 16 6644 9
u6643 2 6644 13 6645 16
u6644 2 6645 19 6646 7
u6645 2 6646 -11 6647 4
u6646 2 6647 1 6648 18
u6647 2 6648 11 6649 17
u6648 2 6649 5 6650 8
u6649 2 6650 20 6651 11
u6650 2 6651 16 6652 17
u6651 2 6652 19 6653 16
u6652 2 6653 13 6654 8
u6653 2 6654 9 6655 6
u6654 2 6655 1 6656 17
u6655 2 6656 12 6657 5
u6656 2 6657 11 6658 17
u6657 2 6658 2 6659 18
u6658 2 6659 8 6660 6
u6659 2 6660 14 6661 14
u6660 2 6661 20 6662 8
u6661 2 6662 20 6663 4
u6662 2 6663 20 6664 13
u6663 2 6664 6 6665 14
u6664 2 6665 6 6666 6
u6665 2 6666 18 6667 1
u6666 2 6667 20 6668 12
u6667 2 6668 5 6669 6
u6668 2 6669 1 6670 20
u6669 2 6670 7 6671 13
u6670 2 6671 14 6672 6
u6671 2 6672 4 6673 2
u6672 2 6673 2 6674 2
u6673 2 6674 12 6675 3
u6674 2 6675 7 6676 10
u6675 2 6676 16 6677 12
u6676 2 6677 2 6678 13
u6677 2 6678 15 6679 11
u6678 2 6679 11 6680 12
u6679 2 6680 2 6681 16
u6680 2 6681 19 6682 12
u6681 2 6682 13 6683 5
u6682 2 6683 5 6684 13
u6683 2 6684 3 6685 7
u6684 2 6685 13 6686 6
u6685 2 6686 10 6687 16
u6686 2 6687 20 6688 3
u6687 2 6688 13 6689 11
u6688 2 6689 2 6690 13
u6689 2 6690 8 6691 15
u6690 2 6691 6 6692 13
u6691 2 6692 19 6693 -16
u6692 2 6693 14 6694 14
u6693 2 6694 3 6695 9
u6694 2 6695 8 6696 10
u6695 2 6696 12 6697 16
u6696 2 6697 14 6698 9
u6697 2 6698 9 6699 13
u6698 2 6699 11 6700 2
u6699 2 6700 19 6701 19
u6700 2 6701 16 6702 16
u6701 2 6702 11 6703 5
u6702 2 6703 19 6704 3
u6703 2 6704 7 6705 19
u6704 2 6705 19 6706 -4
u6705 2 6706 13 6707 15
u6706 2 6707 -19 6708 8
u6707 2 6708 12 6709 12
u6708 2 6709 7 6710 13
u6709 2 6710 16 6711 14
u6710 2 6711 6 6712 12
u6711 2 6712 19 6713 -4
u6712 2 6713 14 6714 9
u6713 2 6714 15 6715 12
u6714 2 6715 14 6716 6
u6715 2 6716 13 6717 15
u6716 2 6717 15 6718 -9
u6717 2 6718 1 6719 18
u6718 2 6719 16 6720 14
u6719 2 6720 3 6721 14
u6720 2 6721 6 6722 5
u6721 2 6722 7 6723 13
u6722 2 6723 8 6724 10
u6723 2 6724 2 6725 3
u6724 2 6725 13 6726 8
u6725 2 6726 15 6727 14
u6726 2 6727 9 6728 20
u6727 2 6728 3 6729 15
u6728 2 6729 4 6730 13
u6729 2 6730 14 6731 -19
u6730 2 6731 18 6732 18
u6731 2 6732 11 6733 9
u6732 2 6733 16 6734 17
u6733 2 6734 12 6735 2
u6734 2 6735 2 6736 -12
u6735 2 6736 19 6737 17
u6736 2 6737 14 6738 19
u6737 2 6738 18 6739 7
u6738 2 6739 -20 6740 7
u6739 2 6740 9 6741 10
u6740 2 6741 20 6742 6
u6741 2 6742 3 6743 14
u6742 2 6743 14 6744 20
u6743 2 6744 4 6745 17
u6744 2 6745 10 6746 7
u6745 2 6746 2 6747 20
u6746 2 6747 20 6748 9
u6747 2 6748 3 6749 3
u6748 2 6749 10 6750 1
u6749 2 6750 16 6751 10
u6750 2 6751 17 6752 13
u6751 2 6752 13 6753 7
u6752 2 6753 3 6754 7
u6753 2 6754 15 6755 -1
u6754 2 6755 4 6756 15
u6755 2 6756 1 6757 11
u6756 2 6757 1 6758 3
u6757 2 6758 4 6759 9
u6758 2 6759 3 6760 3
u6759 2 6760 11 6761 14
u6760 2 6761 6 6762 13
u6761 2 6762 3 6763 5
u6762 2 6763 -7 6764 2
u6763 2 6764 -12 6765 -13
u6764 2 6765 5 6766 12
u6765 2 6766 6 6767 4
u6766 2 6767 5 6768 14
u6767 2 6768 1 6769 12
u6768 2 6769 -2 6770 3
u6769 2 6770 1 6771 9
u6770 2 6771 6 6772 15
u6771 2 6772 19 6773 8
u6772 2 6773 10 6774 3
u6773 2 6774 6 6775 7
u6774 2 6775 10 6776 5
u6775 2 6776 7 6777 7
u6776 2 6777 19 6778 11
u6777 2 6778 13 6779 1
u6778 2 6779 11 6780 16
u6779 2 6780 14 6781 17
u6780 2 6781 17 6782 10
u6781 2 6782 1 6783 18
u6782 2 6783 -11 6784 10
u6783 2 6784 -1 6785 12
u6784 2 6785 18 6786 17
u6785 2 6786 12 6787 5
u6786 2 6787 9 6788 1
u6787 2 6788 10 6789 12
u6788 2 6789 9 6790 19
u6789 2 6790 9 6791 13
u6790 2 6791 14 6792 11
u6791 2 6792 16 6793 7
u6792 2 6793 2 6794 -7
u6793 2 6794 1 6795 12
u6794 2 6795 13 6796 16
u6795 2 6796 10 6797 13
u6796 2 6797 15 6798 15
u6797 2 6798 5 6799 19
u6798 2 6799 -1 6800 9
u6799 2 6800 11 6801 15
u6800 2 6801 19 6802 11
u6801 2 6802 1 6803 16
u6802 2 6803 5 6804 3
u6803 2 6804 2 6805 19
u6804 2 6805 14 6806 14
u6805 2 6806 2 6807 2
u6806 2 6807 16 6808 12
u6807 2 6808 2 6809 6
u6808 2 6809 13 6810 7
u6809 2 6810 10 6811 19
u6810 2 6811 16 6812 4
u6811 2 6812 18 6813 -8
u6812 2 6813 2 6814 19
u6813 2 6814 18 6815 16
u6814 2 6815 2 6816 7
u6815 2 6816 18 6817 14
u6816 2 6817 1 6818 1
u6817 2 6818 6 6819 14
u6818 2 6819 10 6820 9
u6819 2 6820 3 6821 18
u6820 2 6821 19 6822 12
u6821 2 6822 16 6823 2
u6822 2 6823 11 6824 4
u6823 2 6824 6 6825 16
u6824 2 6825 6 6826 2
u6825 2 6826 5 6827 17
u6826 2 6827 16 6828 18
u6827 2 6828 12 6829 10
u6828 2 6829 18 6830 3
u6829 2 6830 5 6831 -15
u6830 2 6831 3 6832 1
u6831 2 6832 10 6833 12
u6832 2 6833 4 6834 1
u6833 2 6834 5 6835 19
u6834 2 6835 5 6836 5
u6835 2 6836 14 6837 20
u6836 2 6837 18 6838 13
u6837 2 6838 16 6839 9
u6838 2 6839 15 6840 7
u6839 2 6840 7 6841 -10
u6840 2 6841 16 6842 8
u6841 2 6842 12 6843 14
u6842 2 6843 9 6844 1
u6843 2 6844 3 6845 19
u6844 2 6845 3 6846 6
u6845 2 6846 13 6847 18
u6846 2 6847 9 6848 14
u6847 2 6848 12 6849 5
u6848 2 6849 5 6850 1
u6849 2 6850 10 6851 20
u6850 2 6851 5 6852 9
u6851 2 6852 2 6853 13
u6852 2 6853 2 6854 14
u6853 2 6854 4 6855 16
u6854 2 6855 20 6856 10
u6855 2 6856 1 6857 7
u6856 2 6857 8 6858 1
u6857 2 6858 -17 6859 18
u6858 2 6859 12 6860 10
u6859 2 6860 20 6861 -12
u6860 2 6861 14 6862 1
u6861 2 6862 10 6863 20
u6862 2 6863 9 6864 18
u6863 2 6864 7 6865 6
u6864 2 6865 11 6866 8
u6865 2 6866 15 6867 4
u6866 2 6867 2 6868 20
u6867 2 6868 19 6869 1
u6868 2 6869 19 6870 6
u6869 2 6870 10 6871 13
u6870 2 6871 14 6872 4
u6871 2 6872 5 6873 19
u6872 2 6873 8 6874 14
u6873 2 6874 15 6875 6
u6874 2 6875 7 6876 -19
u6875 2 6876 18 6877 16
u6876 2 6877 18 6878 6
u6877 2 6878 12 6879 2
u6878 2 6879 18 6880 14
u6879 2 6880 15 6881 18
u6880 2 6881 2 6882 19
u6881 2 6882 10 6883 15
u6882 2 6883 20 6884 2
u6883 2 6884 17 6885 1
u6884 2 6885 2 6886 5
u6885 2 6886 -13 6887 2
u6886 2 6887 10 6888 5
u6887 2 6888 1 6889 10
u6888 2 6889 10 6890 2
u6889 2 6890 2 6891 12
u6890 2 6891 16 6892 3
u6891 2 6892 5 6893 19
u6892 2 6893 7 6894 15
u6893 2 6894 4 6895 2
u6894 2 6895 -17 6896 1
u6895 2 6896 20 6897 9
u6896 2 6897 3 6898 8
u6897 2 6898 10 6899 2
u6898 2 6899 12 6900 8
u6899 2 6900 1 6901 16
u6900 2 6901 6 6902 20
u6901 2 6902 1 6903 15
u6902 2 6903 11 6904 -13
u6903 2 6904 7 6905 1
u6904 2 6905 1 6906 17
u6905 2 6906 -15 6907 10
u6906 2 6907 11 6908 18
u6907 2 6908 13 6909 10
u6908 2 6909 -14 6910 7
u6909 2 6910 17 6911 18
u6910 2 6911 8 6912 14
u6911 2 6912 15 6913 7
u6912 2 6913 13 6914 13
u6913 2 6914 19 6915 3
u6914 2 6915 13 6916 8
u6915 2 6916 17 6917 14
u6916 2 6917 11 6918 17
u6917 2 6918 15 6919 2
u6918 2 6919 5 6920 5
u6919 2 6920 6 6921 11
u6920 2 6921 5 6922 8
u6921 2 6922 17 6923 20
u6922 2 6923 18 6924 8
u6923 2 6924 2 6925 16
u6924 2 6925 9 6926 10
u6925 2 6926 3 6927 9
u6926 2 6927 13 6928 12
u6927 2 6928 18 6929 13
u6928 2 6929 20 6930 5
u6929 2 6930 17 6931 8
u6930 2 6931 3 6932 8
u6931 2 6932 16 6933 19
u6932 2 6933 5 6934 18
u6933 2 6934 1 6935 1
u6934 2 6935 5 6936 3
u6935 2 6936 3 6937 -4
u6936 2 6937 19 6938 6
u6937 2 6938 16 6939 16
u6938 2 6939 3 6940 -18
u6939 2 6940 -9 6941 5
u6940 2 6941 14 6942 9
u6941 2 6942 14 6943 4
u6942 2 6943 15 6944 16
u6943 2 6944 19 6945 5
u6944 2 6945 -12 6946 17
u6945 2 6946 1 6947 20
u6946 2 6947 10 6948 12
u6947 2 6948 11 6949 16
u6948 2 6949 9 6950 18
u6949 2 6950 13 6951 19
u6950 2 6951 13 6952 14
u6951 2 6952 4 6953 13
u6952 2 6953 6 6954 7
u6953 2 6954 4 6955 20
u6954 2 6955 13 6956 15
u6955 2 6956 17 6957 13
u6956 2 6957 13 6958 3
u6957 2 6958 3 6959 1
u6958 2 6959 15 6960 20
u6959 2 6960 6 6961 13
u6960 2 6961 13 6962 15
u6961 2 6962 2 6963 4
u6962 2 6963 3 6964 6
u6963 2 6964 7 6965 12
u6964 2 6965 10 6966 18
u6965 2 6966 7 6967 12
u6966 2 6967 7 6968 7
u6967 2 6968 3 6969 4
u6968 2 6969 2 6970 15
u6969 2 6970 2 6971 3
u6970 2 6971 4 6972 11
u6971 2 6972 2 6973 12
u6972 2 6973 12 6974 4
u6973 2 6974 17 6975 18
u6974 2 6975 15 6976 3
u6975 2 6976 1 6977 17
u6976 2 6977 8 6978 9
u6977 2 6978 12 6979 -14
u6978 2 6979 9 6980 8
u6979 2 6980 9 6981 11
u6980 2 6981 20 6982 -4
u6981 2 6982 5 6983 5
u6982 2 6983 14 6984 11
u6983 2 6984 16 6985 15
u6984 2 6985 11 6986 14
u6985 2 6986 9 6987 18
u6986 2 6987 -1 6988 14
u6987 2 6988 5 6989 7
u6988 2 6989 9 6990 20
u6989 2 6990 4 6991 -14
u6990 2 6991 17 6992 17
u6991 2 6992 6 6993 -3
u6992 2 6993 8 6994 6
u6993 2 6994 8 6995 16
u6994 2 6995 8 6996 17
u6995 2 6996 8 6997 9
u6996 2 6997 3 6998 6
u6997 2 6998 13 6999 4
u6998 2 6999 11 7000 15
u6999 2 7000 -5 7001 5
u7000 2 7001 2 7002 9
u7001 2 7002 5 7003 7
u7002 2 7003 19 7004 17
u7003 2 7004 4 7005 17
u7004 2 7005 19 7006 4
u7005 2 7006 20 7007 10
u7006 2 7007 16 7008 14
u7007 2 7008 8 7009 5
u7008 2 7009 5 7010 11
u7009 2 7010 16 7011 14
u7010 2 7011 16 7012 1
u7011 2 7012 13 7013 11
u7012 2 7013 3 7014 20
u7013 2 7014 2 7015 15
u7014 2 7015 1 7016 6
u7015 2 7016 20 7017 7
u7016 2 7017 18 7018 15
u7017 2 7018 14 7019 4
u7018 2 7019 6 7020 7
u7019 2 7020 13 7021 10
u7020 2 7021 18 7022 -14
u7021 2 7022 14 7023 20
u7022 2 7023 20 7024 3
u7023 2 7024 3 7025 6
u7024 2 7025 16 7026 2
u7025 2 7026 6 7027 2
u7026 2 7027 14 7028 17
u7027 2 7028 18 7029 3
u7028 2 7029 17 7030 -16
u7029 2 7030 12 7031 6
u7030 2 7031 12 7032 -9
u7031 2 7032 11 7033 19
u7032 2 7033 3 7034 16
u7033 2 7034 -5 7035 20
u7034 2 7035 14 7036 8
u7035 2 7036 16 7037 15
u7036 2 7037 6 7038 16
u7037 2 7038 9 7039 14
u7038 2 7039 6 7040 19
u7039 2 7040 20 7041 10
u7040 2 7041 8 7042 5
u7041 2 7042 9 7043 6
u7042 2 7043 9 7044 12
u7043 2 7044 17 7045 12
u7044 2 7045 4 7046 12
u7045 2 7046 12 7047 11
u7046 2 7047 12 7048 14
u7047 2 7048 17 7049 7
u7048 2 7049 13 7050 17
u7049 2 7050 16 7051 7
u7050 2 7051 -3 7052 16
u7051 2 7052 7 7053 14
u7052 2 7053 4 7054 6
u7053 2 7054 5 7055 3
u7054 2 7055 1 7056 10
u7055 2 7056 6 7057 14
u7056 2 7057 17 7058 19
u7057 2 7058 18 7059 13
u7058 2 7059 1 7060 14
u7059 2 7060 17 7061 19
u7060 2 7061 13 7062 7
u7061 2 7062 20 7063 16
u7062 2 7063 5 7064 7
u7063 2 7064 19 7065 10
u7064 2 7065 17 7066 1
u7065 2 7066 2 7067 6
u7066 2 7067 18 7068 4
u7067 2 7068 4 7069 13
u7068 2 7069 15 7070 6
u7069 2 7070 18 7071 4
u7070 2 7071 9 7072 1
u7071 2 7072 -17 7073 9
u7072 2 7073 3 7074 9
u7073 2 7074 4 7075 11
u7074 2 7075 15 7076 19
u7075 2 7076 15 7077 1
u7076 2 7077 14 7078 5
u7077 2 7078 6 7079 8
u7078 2 7079 16 7080 11
u7079 2 7080 15 7081 1
u7080 2 7081 14 7082 4
u7081 2 7082 20 7083 4
u7082 2 7083 6 7084 19
u7083 2 7084 14 7085 16
u7084 2 7085 11 7086 6
u7085 2 7086 5 7087 3
u7086 2 7087 2 7088 18
u7087 2 7088 1 7089 3
u7088 2 7089 2 7090 -13
u7089 2 7090 2 7091 12
u7090 2 7091 13 7092 7
u7091 2 7092 1 7093 7
u7092 2 7093 13 7094 10
u7093 2 7094 2 7095 3
u7094 2 7095 8 7096 11
u7095 2 7096 20 7097 10
u7096 2 7097 4 7098 18
u7097 2 7098 11 7099 -17
u7098 2 7099 7 7100 5
u7099 2 7100 1 7101 1
u7100 2 7101 20 7102 9
u7101 2 7102 1 7103 2
u7102 2 7103 5 7104 19
u7103 2 7104 7 7105 4
u7104 2 7105 15 7106 17
u7105 2 7106 15 7107 17
u7106 2 7107 1 7108 15
u7107 2 7108 5 7109 8
u7108 2 7109 13 7110 15
u7109 2 7110 2 7111 18
u7110 2 7111 17 7112 1
u7111 2 7112 6 7113 11
u7112 2 7113 7 7114 11
u7113 2 7114 8 7115 1
u7114 2 7115 6 7116 18
u7115 2 7116 2 7117 6
u7116 2 7117 7 7118 3
u7117 2 7118 14 7119 8
u7118 2 7119 17 7120 20
u7119 2 7120 1 7121 1
u7120 2 7121 5 7122 20
u7121 2 7122 16 7123 13
u7122 2 7123 18 7124 10
u7123 2 7124 14 7125 13
u7124 2 7125 10 7126 3
u7125 2 7126 20 7127 15
u7126 2 7127 8 7128 3
u7127 2 7128 9 7129 3
u7128 2 7129 16 7130 4
u7129 2 7130 18 7131 9
u7130 2 7131 10 7132 3
u7131 2 7132 -3 7133 18
u7132 2 7133 11 7134 1
u7133 2 7134 12 7135 -2
u7134 2 7135 10 7136 15
u7135 2 7136 1 7137 16
u7136 2 7137 16 7138 -7
u7137 2 7138 -7 7139 12
u7138 2 7139 13 7140 20
u7139 2 7140 17 7141 4
u7140 2 7141 5 7142 10
u7141 2 7142 3 7143 4
u7142 2 7143 15 7144 12
u7143 2 7144 18 7145 11
u7144 2 7145 10 7146 16
u7145 2 7146 6 7147 11
u7146 2 7147 11 7148 15
u7147 2 7148 2 7149 17
u7148 2 7149 16 7150 14
u7149 2 7150 12 7151 18
u7150 2 7151 16 7152 2
u7151 2 7152 15 7153 7
u7152 2 7153 1 7154 16
u7153 2 7154 3 7155 11
u7154 2 7155 4 7156 14
u7155 2 7156 12 7157 19
u7156 2 7157 5 7158 4
u7157 2 7158 11 7159 1
u7158 2 7159 12 7160 12
u7159 2 7160 -12 7161 14
u7160 2 7161 17 7162 7
u7161 2 7162 18 7163 9
u7162 2 7163 13 7164 18
u7163 2 7164 2 7165 19
u7164 2 7165 11 7166 10
u7165 2 7166 9 7167 18
u7166 2 7167 12 7168 8
u7167 2 7168 17 7169 2
u7168 2 7169 19 7170 13
u7169 2 7170 4 7171 4
u7170 2 7171 9 7172 7
u7171 2 7172 9 7173 1
u7172 2 7173 2 7174 2
u7173 2 7174 13 7175 20
u7174 2 7175 6 7176 8
u7175 2 7176 19 7177 3
u7176 2 7177 9 7178 14
u7177 2 7178 20 7179 19
u7178 2 7179 1 7180 20
u7179 2 7180 12 7181 13
u7180 2 7181 10 7182 1
u7181 2 7182 -19 7183 9
u7182 2 7183 13 7184 9
u7183 2 7184 1 7185 11
u7184 2 7185 6 7186 5
u7185 2 7186 6 7187 5
u7186 2 7187 7 7188 7
u7187 2 7188 7 7189 19
u7188 2 7189 20 7190 7
u7189 2 7190 7 7191 19
u7190 2 7191 10 7192 11
u7191 2 7192 3 7193 13
u7192 2 7193 7 7194 19
u7193 2 7194 15 7195 19
u7194 2 7195 1 7196 2
u7195 2 7196 7 7197 18
u7196 2 7197 11 7198 -8
u7197 2 7198 10 7199 12
u7198 2 7199 15 7200 9
u7199 2 7200 18 7201 4
u7200 2 7201 14 7202 20
u7201 2 7202 2 7203 9
u7202 2 7203 15 7204 -2
u7203 2 7204 3 7205 15
u7204 2 7205 4 7206 11
u7205 2 7206 7 7207 1
u7206 2 7207 7 7208 17
u7207 2 7208 1 7209 13
u7208 2 7209 2 7210 20
u7209 2 7210 11 7211 -15
u7210 2 7211 19 7212 3
u7211 2 7212 15 7213 18
u7212 2 7213 1 7214 1
u7213 2 7214 11 7215 1
u7214 2 7215 10 7216 9
u7215 2 7216 20 7217 16
u7216 2 7217 15 7218 15
u7217 2 7218 15 7219 5
u7218 2 7219 3 7220 -13
u7219 2 7220 7 7221 7
u7220 2 7221 8 7222 7
u7221 2 7222 17 7223 6
u7222 2 7223 13 7224 18
u7223 2 7224 4 7225 5
u7224 2 7225 10 7226 9
u7225 2 7226 13 7227 6
u7226 2 7227 3 7228 15
u7227 2 7228 8 7229 6
u7228 2 7229 17 7230 14
u7229 2 7230 17 7231 10
u7230 2 7231 19 7232 12
u7231 2 7232 20 7233 3
u7232 2 7233 14 7234 5
u7233 2 7234 5 7235 -19
u7234 2 7235 9 7236 10
u7235 2 7236 17 7237 6
u7236 2 7237 15 7238 9
u7237 2 7238 19 7239 -15
u7238 2 7239 4 7240 11
u7239 2 7240 12 7241 12
u7240 2 7241 15 7242 20
u7241 2 7242 16 7243 17
u7242 2 7243 7 7244 6
u7243 2 7244 6 7245 16
u7244 2 7245 2 7246 3
u7245 2 7246 12 7247 2
u7246 2 7247 4 7248 6
u7247 2 7248 1 7249 18
u7248 2 7249 2 7250 2
u7249 2 7250 1 7251 5
u7250 2 7251 12 7252 19
u7251 2 7252 12 7253 -13
u7252 2 7253 10 7254 19
u7253 2 7254 3 7255 10
u7254 2 7255 12 7256 7
u7255 2 7256 6 7257 14
u7256 2 7257 6 7258 19
u7257 2 7258 16 7259 -6
u7258 2 7259 -5 7260 17
u7259 2 7260 2 7261 18
u7260 2 7261 15 7262 10
u7261 2 7262 8 7263 10
u7262 2 7263 19 7264 4
u7263 2 7264 15 7265 16
u7264 2 7265 11 7266 6
u7265 2 7266 17 7267 3
u7266 2 7267 9 7268 12
u7267 2 7268 20 7269 10
u7268 2 7269 6 7270 4
u7269 2 7270 16 7271 13
u7270 2 7271 6 7272 2
u7271 2 7272 12 7273 15
u7272 2 7273 6 7274 13
u7273 2 7274 9 7275 11
u7274 2 7275 16 7276 19
u7275 2 7276 7 7277 8
u7276 2 7277 3 7278 9
u7277 2 7278 18 7279 8
u7278 2 7279 16 7280 16
u7279 2 7280 2 7281 9
u7280 2 7281 6 7282 18
u7281 2 7282 15 7283 7
u7282 2 7283 18 7284 19
u7283 2 7284 2 7285 15
u7284 2 7285 8 7286 13
u7285 2 7286 6 7287 12
u7286 2 7287 5 7288 16
u7287 2 7288 16 7289 12
u7288 2 7289 19 7290 10
u7289 2 7290 20 7291 11
u7290 2 7291 4 7292 20
u7291 2 7292 1 7293 16
u7292 2 7293 11 7294 7
u7293 2 7294 13 7295 10
u7294 2 7295 5 7296 8
u7295 2 7296 19 7297 1
u7296 2 7297 17 7298 5
u7297 2 7298 15 7299 15
u7298 2 7299 9 7300 6
u7299 2 7300 13 7301 19
u7300 2 7301 19 7302 20
u7301 2 7302 10 7303 9
u7302 2 7303 17 7304 18
u7303 2 7304 1 7305 12
u7304 2 7305 1 7306 19
u7305 2 7306 4 7307 18
u7306 2 7307 18 7308 12
u7307 2 7308 17 7309 20
u7308 2 7309 5 7310 16
u7309 2 7310 13 7311 12
u7310 2 7311 20 7312 16
u7311 2 7312 -4 7313 20
u7312 2 7313 10 7314 -3
u7313 2 7314 19 7315 10
u7314 2 7315 2 7316 12
u7315 2 7316 5 7317 10
u7316 2 7317 16 7318 19
u7317 2 7318 7 7319 18
u7318 2 7319 7 7320 6
u7319 2 7320 -4 7321 3
u7320 2 7321 1 7322 2
u7321 2 7322 9 7323 17
u7322 2 7323 1 7324 4
u7323 2 7324 6 7325 7
u7324 2 7325 16 7326 17
u7325 2 7326 2 7327 20
u7326 2 7327 12 7328 14
u7327 2 7328 15 7329 7
u7328 2 7329 17 7330 8
u7329 2 7330 -9 7331 4
u7330 2 7331 11 7332 13
u7331 2 7332 14 7333 5
u7332 2 7333 9 7334 5
u7333 2 7334 5 7335 -6
u7334 2 7335 17 7336 10
u7335 2 7336 19 7337 9
u7336 2 7337 18 7338 17
u7337 2 7338 7 7339 7
u7338 2 7339 9 7340 7
u7339 2 7340 7 7341 1
u7340 2 7341 4 7342 -9
u7341 2 7342 1 7343 16
u7342 2 7343 14 7344 12
u7343 2 7344 20 7345 9
u7344 2 7345 8 7346 -1
u7345 2 7346 12 7347 17
u7346 2 7347 6 7348 10
u7347 2 7348 13 7349 19
u7348 2 7349 4 7350 19
u7349 2 7350 16 7351 5
u7350 2 7351 13 7352 10
u7351 2 7352 20 7353 11
u7352 2 7353 12 7354 16
u7353 2 7354 7 7355 12
u7354 2 7355 6 7356 1
u7355 2 7356 3 7357 18
u7356 2 7357 1 7358 16
u7357 2 7358 13 7359 18
u7358 2 7359 16 7360 13
u7359 2 7360 1 7361 14
u7360 2 7361 17 7362 5
u7361 2 7362 8 7363 2
u7362 2 7363 5 7364 5
u7363 2 7364 5 7365 4
u7364 2 7365 4 7366 4
u7365 2 7366 16 7367 20
u7366 2 7367 3 7368 12
u7367 2 7368 14 7369 20
u7368 2 7369 15 7370 5
u7369 2 7370 11 7371 4
u7370 2 7371 12 7372 15
u7371 2 7372 3 7373 19
u7372 2 7373 20 7374 6
u7373 2 7374 18 7375 13
u7374 2 7375 12 7376 5
u7375 2 7376 12 7377 15
u7376 2 7377 19 7378 -8
u7377 2 7378 1 7379 2
u7378 2 7379 11 7380 12
u7379 2 7380 2 7381 8
u7380 2 7381 13 7382 3
u7381 2 7382 10 7383 5
u7382 2 7383 5 7384 18
u7383 2 7384 14 7385 8
u7384 2 7385 16 7386 6
u7385 2 7386 9 7387 4
u7386 2 7387 12 7388 19
u7387 2 7388 13 7389 7
u7388 2 7389 20 7390 12
u7389 2 7390 8 7391 2
u7390 2 7391 17 7392 4
u7391 2 7392 8 7393 19
u7392 2 7393 2 7394 6
u7393 2 7394 12 7395 13
u7394 2 7395 5 7396 15
u7395 2 7396 12 7397 8
u7396 2 7397 16 7398 3
u7397 2 7398 9 7399 18
u7398 2 7399 9 7400 3
u7399 2 7400 7 7401 15
u7400 2 7401 6 7402 14
u7401 2 7402 1 7403 6
u7402 2 7403 1 7404 15
u7403 2 7404 20 7405 6
u7404 2 7405 5 7406 20
u7405 2 7406 16 7407 11
u7406 2 7407 8 7408 7
u7407 2 7408 5 7409 2
u7408 2 7409 15 7410 20
u7409 2 7410 8 7411 12
u7410 2 7411 1 7412 20
u7411 2 7412 16 7413 7
u7412 2 7413 8 7414 1
u7413 2 7414 1 7415 15
u7414 2 7415 18 7416 8
u7415 2 7416 4 7417 6
u7416 2 7417 13 7418 5
u7417 2 7418 9 7419 12
u7418 2 7419 3 7420 2
u7419 2 7420 16 7421 17
u7420 2 7421 15 7422 9
u7421 2 7422 13 7423 -18
u7422 2 7423 19 7424 1
u7423 2 7424 4 7425 20
u7424 2 7425 16 7426 13
u7425 2 7426 -9 7427 9
u7426 2 7427 6 7428 9
u7427 2 7428 9 7429 9
u7428 2 7429 1 7430 15
u7429 2 7430 -19 7431 10
u7430 2 7431 16 7432 11
u7431 2 7432 16 7433 12
u7432 2 7433 1 7434 3
u7433 2 7434 -3 7435 6
u7434 2 7435 7 7436 1
u7435 2 7436 2 7437 3
u7436 2 7437 11 7438 20
u7437 2 7438 11 7439 6
u7438 2 7439 12 7440 10
u7439 2 7440 20 7441 6
u7440 2 7441 11 7442 13
u7441 2 7442 12 7443 2
u7442 2 7443 16 7444 17
u7443 2 7444 11 7445 14
u7444 2 7445 11 7446 8
u7445 2 7446 6 7447 13
u7446 2 7447 7 7448 14
u7447 2 7448 12 7449 1
u7448 2 7449 7 7450 1
u7449 2 7450 2 7451 6
u7450 2 7451 16 7452 10
u7451 2 7452 20 7453 8
u7452 2 7453 16 7454 -2
u7453 2 7454 2 7455 20
u7454 2 7455 10 7456 11
u7455 2 7456 9 7457 2
u7456 2 7457 8 7458 16
u7457 2 7458 3 7459 14
u7458 2 7459 -11 7460 20
u7459 2 7460 10 7461 3
u7460 2 7461 19 7462 20
u7461 2 7462 18 7463 15
u7462 2 7463 8 7464 12
u7463 2 7464 2 7465 10
u7464 2 7465 14 7466 6
u7465 2 7466 19 7467 18
u7466 2 7467 10 7468 19
u7467 2 7468 12 7469 16
u7468 2 7469 10 7470 20
u7469 2 7470 7 7471 18
u7470 2 7471 13 7472 2
u7471 2 7472 11 7473 6
u7472 2 7473 5 7474 11
u7473 2 7474 12 7475 14
u7474 2 7475 20 7476 19
u7475 2 7476 19 7477 15
u7476 2 7477 19 7478 7
u7477 2 7478 19 7479 16
u7478 2 7479 10 7480 5
u7479 2 7480 5 7481 5
u7480 2 7481 18 7482 -10
u7481 2 7482 12 7483 1
u7482 2 7483 9 7484 11
u7483 2 7484 18 7485 7
u7484 2 7485 6 7486 9
u7485 2 7486 9 7487 10
u7486 2 7487 18 7488 9
u7487 2 7488 11 7489 10
u7488 2 7489 12 7490 -5
u7489 2 7490 18 7491 12
u7490 2 7491 2 7492 9
u7491 2 7492 1 7493 2
u7492 2 7493 9 7494 2
u7493 2 7494 1 7495 9
u7494 2 7495 13 7496 14
u7495 2 7496 13 7497 4
u7496 2 7497 15 7498 2
u7497 2 7498 15 7499 12
u7498 2 7499 6 7500 15
u7499 2 7500 8 7501 6
u7500 2 7501 6 7502 6
u7501 2 7502 20 7503 3
u7502 2 7503 12 7504 8
u7503 2 7504 19 7505 20
u7504 2 7505 4 7506 2
u7505 2 7506 18 7507 14
u7506 2 7507 13 7508 10
u7507 2 7508 16 7509 -20
u7508 2 7509 1 7510 16
u7509 2 7510 13 7511 12
u7510 2 7511 6 7512 14
u7511 2 7512 14 7513 2
u7512 2 7513 2 7514 9
u7513 2 7514 15 7515 9
u7514 2 7515 19 7516 1
u7515 2 7516 16 7517 4
u7516 2 7517 8 7518 13
u7517 2 7518 20 7519 18
u7518 2 7519 19 7520 13
u7519 2 7520 1 7521 6
u7520 2 7521 9 7522 2
u7521 2 7522 19 7523 16
u7522 2 7523 13 7524 18
u7523 2 7524 4 7525 18
u7524 2 7525 17 7526 5
u7525 2 7526 14 7527 11
u7526 2 7527 7 7528 17
u7527 2 7528 9 7529 8
u7528 2 7529 10 7530 3
u7529 2 7530 4 7531 6
u7530 2 7531 2 7532 7
u7531 2 7532 9 7533 17
u7532 2 7533 8 7534 -12
u7533 2 7534 2 7535 -13
u7534 2 7535 19 7536 14
u7535 2 7536 17 7537 19
u7536 2 7537 16 7538 2
u7537 2 7538 20 7539 12
u7538 2 7539 11 7540 9
u7539 2 7540 6 7541 18
u7540 2 7541 15 7542 -1
u7541 2 7542 -4 7543 14
u7542 2 7543 10 7544 19
u7543 2 7544 9 7545 16
u7544 2 7545 7 7546 12
u7545 2 7546 3 7547 6
u7546 2 7547 15 7548 16
u7547 2 7548 3 7549 6
u7548 2 7549 12 7550 14
u7549 2 7550 9 7551 14
u7550 2 7551 1 7552 14
u7551 2 7552 9 7553 15
u7552 2 7553 11 7554 5
u7553 2 7554 20 7555 8
u7554 2 7555 2 7556 4
u7555 2 7556 5 7557 15
u7556 2 7557 14 7558 17
u7557 2 7558 12 7559 11
u7558 2 7559 11 7560 13
u7559 2 7560 10 7561 12
u7560 2 7561 5 7562 16
u7561 2 7562 15 7563 9
u7562 2 7563 16 7564 5
u7563 2 7564 6 7565 5
u7564 2 7565 18 7566 15
u7565 2 7566 1 7567 4
u7566 2 7567 8 7568 13
u7567 2 7568 11 7569 15
u7568 2 7569 4 7570 3
u7569 2 7570 4 7571 7
u7570 2 7571 18 7572 10
u7571 2 7572 5 7573 18
u7572 2 7573 2 7574 16
u7573 2 7574 5 7575 4
u7574 2 7575 20 7576 -14
u7575 2 7576 8 7577 7
u7576 2 7577 5 7578 -4
u7577 2 7578 4 7579 20
u7578 2 7579 19 7580 8
u7579 2 7580 3 7581 4
u7580 2 7581 13 7582 4
u7581 2 7582 19 7583 8
u7582 2 7583 20 7584 3
u7583 2 7584 6 7585 18
u7584 2 7585 3 7586 20
u7585 2 7586 6 7587 13
u7586 2 7587 7 7588 11
u7587 2 7588 2 7589 17
u7588 2 7589 -12 7590 14
u7589 2 7590 7 7591 16
u7590 2 7591 7 7592 2
u7591 2 7592 16 7593 14
u7592 2 7593 18 7594 7
u7593 2 7594 6 7595 10
u7594 2 7595 15 7596 11
u7595 2 7596 9 7597 19
u7596 2 7597 1 7598 4
u7597 2 7598 17 7599 4
u7598 2 7599 -13 7600 17
u7599 2 7600 2 7601 12
u7600 2 7601 2 7602 5
u7601 2 7602 17 7603 2
u7602 2 7603 6 7604 12
u7603 2 7604 5 7605 2
u7604 2 7605 7 7606 20
u7605 2 7606 14 7607 15
u7606 2 7607 -3 7608 5
u7607 2 7608 1 7609 -11
u7608 2 7609 20 7610 13
u7609 2 7610 10 7611 19
u7610 2 7611 12 7612 9
u7611 2 7612 20 7613 12
u7612 2 7613 10 7614 19
u7613 2 7614 17 7615 2
u7614 2 7615 12 7616 2
u7615 2 7616 8 7617 9
u7616 2 7617 11 7618 13
u7617 2 7618 9 7619 11
u7618 2 7619 14 7620 12
u7619 2 7620 12 7621 7
u7620 2 7621 3 7622 20
u7621 2 7622 14 7623 14
u7622 2 7623 4 7624 4
u7623 2 7624 7 7625 4
u7624 2 7625 7 7626 3
u7625 2 7626 7 7627 3
u7626 2 7627 15 7628 7
u7627 2 7628 17 7629 5
u7628 2 7629 -17 7630 9
u7629 2 7630 10 7631 1
u7630 2 7631 19 7632 14
u7631 2 7632 11 7633 6
u7632 2 7633 9 7634 4
u7633 2 7634 10 7635 3
u7634 2 7635 19 7636 3
u7635 2 7636 14 7637 8
u7636 2 7637 12 7638 16
u7637 2 7638 20 7639 11
u7638 2 7639 14 7640 17
u7639 2 7640 7 7641 1
u7640 2 7641 4 7642 3
u7641 2 7642 5 7643 3
u7642 2 7643 11 7644 19
u7643 2 7644 -19 7645 13
u7644 2 7645 17 7646 6
u7645 2 7646 5 7647 10
u7646 2 7647 17 7648 2
u7647 2 7648 -7 7649 -1
u7648 2 7649 -12 7650 -18
u7649 2 7650 9 7651 10
u7650 2 7651 9 7652 1
u7651 2 7652 16 7653 19
u7652 2 7653 7 7654 3
u7653 2 7654 11 7655 12
u7654 2 7655 10 7656 3
u7655 2 7656 19 7657 16
u7656 2 7657 6 7658 7
u7657 2 7658 8 7659 1
u7658 2 7659 12 7660 11
u7659 2 7660 18 7661 16
u7660 2 7661 6 7662 19
u7661 2 7662 8 7663 7
u7662 2 7663 7 7664 16
u7663 2 7664 4 7665 16
u7664 2 7665 9 7666 12
u7665 2 7666 9 7667 13
u7666 2 7667 5 7668 6
u7667 2 7668 12 7669 6
u7668 2 7669 7 7670 2
u7669 2 7670 3 7671 5
u7670 2 7671 3 7672 11
u7671 2 7672 17 7673 19
u7672 2 7673 9 7674 3
u7673 2 7674 16 7675 19
u7674 2 7675 2 7676 18
u7675 2 7676 6 7677 18
u7676 2 7677 4 7678 11
u7677 2 7678 9 7679 18
u7678 2 7679 10 7680 10
u7679 2 7680 11 7681 19
u7680 2 7681 6 7682 5
u7681 2 7682 14 7683 10
u7682 2 7683 2 7684 15
u7683 2 7684 4 7685 4
u7684 2 7685 -20 7686 16
u7685 2 7686 9 7687 12
u7686 2 7687 1 7688 6
u7687 2 7688 16 7689 5
u7688 2 7689 17 7690 17
u7689 2 7690 18 7691 1
u7690 2 7691 5 7692 17
u7691 2 7692 -11 7693 4
u7692 2 7693 4 7694 11
u7693 2 7694 11 7695 6
u7694 2 7695 19 7696 15
u7695 2 7696 2 7697 8
u7696 2 7697 13 7698 17
u7697 2 7698 9 7699 19
u7698 2 7699 20 7700 15
u7699 2 7700 18 7701 2
u7700 2 7701 14 7702 20
u7701 2 7702 16 7703 3
u7702 2 7703 17 7704 13
u7703 2 7704 1 7705 10
u7704 2 7705 7 7706 3
u7705 2 7706 5 7707 5
u7706 2 7707 10 7708 19
u7707 2 7708 10 7709 5
u7708 2 7709 17 7710 1
u7709 2 7710 15 7711 16
u7710 2 7711 9 7712 12
u7711 2 7712 19 7713 5
u7712 2 7713 6 7714 4
u7713 2 7714 4 7715 15
u7714 2 7715 8 7716 11
u7715 2 7716 6 7717 18
u7716 2 7717 1 7718 17
u7717 2 7718 4 7719 1
u7718 2 7719 5 7720 7
u7719 2 7720 14 7721 2
u7720 2 7721 10 7722 8
u7721 2 7722 10 7723 9
u7722 2 7723 12 7724 3
u7723 2 7724 10 7725 13
u7724 2 7725 3 7726 19
u7725 2 7726 3 7727 6
u7726 2 7727 9 7728 20
u7727 2 7728 18 7729 5
u7728 2 7729 3 7730 15
u7729 2 7730 5 7731 15
u7730 2 7731 4 7732 5
u7731 2 7732 2 7733 6
u7732 2 7733 6 7734 -20
u7733 2 7734 1 7735 2
u7734 2 7735 19 7736 9
u7735 2 7736 5 7737 6
u7736 2 7737 18 7738 12
u7737 2 7738 19 7739 12
u7738 2 7739 15 7740 12
u7739 2 7740 3 7741 13
u7740 2 7741 3 7742 8
u7741 2 7742 5 7743 18
u7742 2 7743 1 7744 15
u7743 2 7744 13 7745 20
u7744 2 7745 14 7746 12
u7745 2 7746 12 7747 10
u7746 2 7747 14 7748 11
u7747 2 7748 20 7749 13
u7748 2 7749 12 7750 11
u7749 2 7750 8 7751 -15
u7750 2 7751 19 7752 5
u7751 2 7752 5 7753 1
u7752 2 7753 11 7754 16
u7753 2 7754 6 7755 7
u7754 2 7755 8 7756 -11
u7755 2 7756 10 7757 7
u7756 2 7757 11 7758 8
u7757 2 7758 16 7759 19
u7758 2 7759 7 7760 13
u7759 2 7760 6 7761 19
u7760 2 7761 14 7762 10
u7761 2 7762 19 7763 15
u7762 2 7763 9 7764 20
u7763 2 7764 3 7765 12
u7764 2 7765 16 7766 5
u7765 2 7766 3 7767 2
u7766 2 7767 11 7768 17
u7767 2 7768 3 7769 11
u7768 2 7769 -6 7770 18
u7769 2 7770 10 7771 4
u7770 2 7771 14 7772 6
u7771 2 7772 13 7773 -17
u7772 2 7773 17 7774 12
u7773 2 7774 5 7775 18
u7774 2 7775 2 7776 10
u7775 2 7776 20 7777 13
u7776 2 7777 11 7778 10
u7777 2 7778 -20 7779 17
u7778 2 7779 -18 7780 8
u7779 2 7780 8 7781 13
u7780 2 7781 8 7782 14
u7781 2 7782 8 7783 13
u7782 2 7783 17 7784 12
u7783 2 7784 10 7785 4
u7784 2 7785 18 7786 16
u7785 2 7786 3 7787 1
u7786 2 7787 1 7788 11
u7787 2 7788 2 7789 19
u7788 2 7789 4 7790 7
u7789 2 7790 14 7791 1
u7790 2 7791 15 7792 3
u7791 2 7792 7 7793 6
u7792 2 7793 14 7794 10
u7793 2 7794 18 7795 9
u7794 2 7795 7 7796 12
u7795 2 7796 13 7797 14
u7796 2 7797 14 7798 2
u7797 2 7798 11 7799 12
u7798 2 7799 8 7800 11
u7799 2 7800 9 7801 9
u7800 2 7801 3 7802 14
u7801 2 7802 14 7803 13
u7802 2 7803 13 7804 13
u7803 2 7804 1 7805 11
u7804 2 7805 1 7806 5
u7805 2 7806 17 7807 18
u7806 2 7807 20 7808 19
u7807 2 7808 12 7809 10
u7808 2 7809 9 7810 16
u7809 2 7810 5 7811 5
u7810 2 7811 14 7812 18
u7811 2 7812 16 7813 10
u7812 2 7813 17 7814 2
u7813 2 7814 10 7815 5
u7814 2 7815 20 7816 8
u7815 2 7816 3 7817 17
u7816 2 7817 13 7818 6
u7817 2 7818 6 7819 8
u7818 2 7819 7 7820 5
u7819 2 7820 16 7821 11
u7820 2 7821 3 7822 6
u7821 2 7822 5 7823 20
u7822 2 7823 7 7824 -14
u7823 2 7824 14 7825 5
u7824 2 7825 6 7826 11
u7825 2 7826 5 7827 4
u7826 2 7827 2 7828 8
u7827 2 7828 8 7829 17
u7828 2 7829 13 7830 17
u7829 2 7830 15 7831 18
u7830 2 7831 5 7832 5
u7831 2 7832 9 7833 20
u7832 2 7833 1 7834 6
u7833 2 7834 15 7835 -15
u7834 2 7835 9 7836 5
u7835 2 7836 13 7837 18
u7836 2 7837 17 7838 15
u7837 2 7838 19 7839 12
u7838 2 7839 11 7840 13
u7839 2 7840 17 7841 20
u7840 2 7841 20 7842 4
u7841 2 7842 11 7843 6
u7842 2 7843 4 7844 6
u7843 2 7844 6 7845 8
u7844 2 7845 15 7846 11
u7845 2 7846 5 7847 18
u7846 2 7847 -12 7848 13
u7847 2 7848 17 7849 2
u7848 2 7849 2 7850 9
u7849 2 7850 17 7851 9
u7850 2 7851 13 7852 4
u7851 2 7852 11 7853 8
u7852 2 7853 18 7854 6
u7853 2 7854 1 7855 16
u7854 2 7855 20 7856 14
u7855 2 7856 13 7857 14
u7856 2 7857 12 7858 17
u7857 2 7858 6 7859 19
u7858 2 7859 2 7860 2
u7859 2 7860 20 7861 2
u7860 2 7861 6 7862 4
u7861 2 7862 20 7863 9
u7862 2 7863 4 7864 16
u7863 2 7864 -10 7865 12
u7864 2 7865 20 7866 19
u7865 2 7866 9 7867 10
u7866 2 7867 19 7868 10
u7867 2 7868 -14 7869 2
u7868 2 7869 -15 7870 17
u7869 2 7870 13 7871 6
u7870 2 7871 3 7872 11
u7871 2 7872 15 7873 16
u7872 2 7873 9 7874 12
u7873 2 7874 2 7875 16
u7874 2 7875 -2 7876 10
u7875 2 7876 16 7877 19
u7876 2 7877 10 7878 5
u7877 2 7878 1 7879 20
u7878 2 7879 13 7880 7
u7879 2 7880 12 7881 13
u7880 2 7881 15 7882 13
u7881 2 7882 14 7883 2
u7882 2 7883 9 7884 7
u7883 2 7884 18 7885 2
u7884 2 7885 14 7886 12
u7885 2 7886 18 7887 5
u7886 2 7887 15 7888 15
u7887 2 7888 5 7889 12
u7888 2 7889 7 7890 3
u7889 2 7890 4 7891 12
u7890 2 7891 3 7892 13
u7891 2 7892 17 7893 11
u7892 2 7893 3 7894 1
u7893 2 7894 2 7895 5
u7894 2 7895 16 7896 5
u7895 2 7896 19 7897 5
u7896 2 7897 4 7898 1
u7897 2 7898 8 7899 14
u7898 2 7899 9 7900 20
u7899 2 7900 8 7901 2
u7900 2 7901 10 7902 17
u7901 2 7902 17 7903 18
u7902 2 7903 12 7904 7
u7903 2 7904 5 7905 8
u7904 2 7905 14 7906 2
u7905 2 7906 14 7907 3
u7906 2 7907 14 7908 3
u7907 2 7908 8 7909 19
u7908 2 7909 18 7910 20
u7909 2 7910 9 7911 10
u7910 2 7911 19 7912 14
u7911 2 7912 8 7913 20
u7912 2 7913 2 7914 13
u7913 2 7914 7 7915 4
u7914 2 7915 -18 7916 16
u7915 2 7916 15 7917 17
u7916 2 7917 19 7918 10
u7917 2 7918 20 7919 7
u7918 2 7919 14 7920 18
u7919 2 7920 19 7921 7
u7920 2 7921 18 7922 7
u7921 2 7922 14 7923 14
u7922 2 7923 5 7924 13
u7923 2 7924 19 7925 2
u7924 2 7925 17 7926 3
u7925 2 7926 6 7927 3
u7926 2 7927 12 7928 18
u7927 2 7928 18 7929 3
u7928 2 7929 17 7930 8
u7929 2 7930 20 7931 19
u7930 2 7931 8 7932 7
u7931 2 7932 19 7933 16
u7932 2 7933 1 7934 2
u7933 2 7934 1 7935 6
u7934 2 7935 18 7936 20
u7935 2 7936 17 7937 1
u7936 2 7937 20 7938 16
u7937 2 7938 19 7939 15
u7938 2 7939 10 7940 6
u7939 2 7940 20 7941 20
u7940 2 7941 6 7942 4
u7941 2 7942 15 7943 6
u7942 2 7943 15 7944 2
u7943 2 7944 1 7945 1
u7944 2 7945 17 7946 15
u7945 2 7946 5 7947 -4
u7946 2 7947 20 7948 1
u7947 2 7948 1 7949 6
u7948 2 7949 9 7950 1
u7949 2 7950 11 7951 18
u7950 2 7951 19 7952 13
u7951 2 7952 13 7953 7
u7952 2 7953 3 7954 16
u7953 2 7954 2 7955 8
u7954 2 7955 13 7956 2
u7955 2 7956 6 7957 13
u7956 2 7957 13 7958 5
u7957 2 7958 -14 7959 1
u7958 2 7959 18 7960 9
u7959 2 7960 17 7961 18
u7960 2 7961 7 7962 -13
u7961 2 7962 5 7963 8
u7962 2 7963 13 7964 11
u7963 2 7964 4 7965 7
u7964 2 7965 14 7966 16
u7965 2 7966 11 7967 20
u7966 2 7967 13 7968 9
u7967 2 7968 2 7969 7
u7968 2 7969 7 7970 12
u7969 2 7970 14 7971 12
u7970 2 7971 16 7972 17
u7971 2 7972 9 7973 14
u7972 2 7973 12 7974 13
u7973 2 7974 14 7975 7
u7974 2 7975 11 7976 15
u7975 2 7976 3 7977 7
u7976 2 7977 14 7978 2
u7977 2 7978 1 7979 8
u7978 2 7979 19 7980 4
u7979 2 7980 16 7981 3
u7980 2 7981 16 7982 18
u7981 2 7982 15 7983 10
u7982 2 7983 12 7984 9
u7983 2 7984 20 7985 20
u7984 2 7985 -9 7986 2
u7985 2 7986 10 7987 16
u7986 2 7987 13 7988 -11
u7987 2 7988 18 7989 10
u7988 2 7989 17 7990 5
u7989 2 7990 3 7991 16
u7990 2 7991 1 7992 8
u7991 2 7992 14 7993 6
u7992 2 7993 18 7994 14
u7993 2 7994 10 7995 3
u7994 2 7995 10 7996 12
u7995 2 7996 13 7997 14
u7996 2 7997 7 7998 15
u7997 2 7998 13 7999 6
u7998 2 7999 9 8000 8
u7999 2 8000 16 8001 3
u8000 2 8001 8 8002 4
u8001 2 8002 13 8003 11
u8002 2 8003 6 8004 9
u8003 2 8004 20 8005 5
u8004 2 8005 15 8006 19
u8005 2 8006 2 8007 1
u8006 2 8007 20 8008 9
u8007 2 8008 14 8009 1
u8008 2 8009 11 8010 13
u8009 2 8010 9 8011 -10
u8010 2 8011 -14 8012 15
u8011 2 8012 -11 8013 9
u8012 2 8013 20 8014 11
u8013 2 8014 8 8015 19
u8014 2 8015 3 8016 2
u8015 2 8016 9 8017 5
u8016 2 8017 -20 8018 13
u8017 2 8018 16 8019 16
u8018 2 8019 2 8020 10
u8019 2 8020 3 8021 7
u8020 2 8021 14 8022 17
u8021 2 8022 5 8023 8
u8022 2 8023 8 8024 16
u8023 2 8024 7 8025 19
u8024 2 8025 2 8026 16
u8025 2 8026 -1 8027 3
u8026 2 8027 16 8028 -2
u8027 2 8028 15 8029 7
u8028 2 8029 14 8030 15
u8029 2 8030 1 8031 14
u8030 2 8031 10 8032 16
u8031 2 8032 11 8033 -19
u8032 2 8033 5 8034 18
u8033 2 8034 9 8035 2
u8034 2 8035 2 8036 2
u8035 2 8036 7 8037 9
u8036 2 8037 -7 8038 3
u8037 2 8038 18 8039 15
u8038 2 8039 14 8040 19
u8039 2 8040 2 8041 17
u8040 2 8041 2 8042 14
u8041 2 8042 3 8043 12
u8042 2 8043 3 8044 4
u8043 2 8044 4 8045 20
u8044 2 8045 13 8046 9
u8045 2 8046 14 8047 13
u8046 2 8047 18 8048 16
u8047 2 8048 6 8049 20
u8048 2 8049 7 8050 5
u8049 2 8050 11 8051 -14
u8050 2 8051 20 8052 2
u8051 2 8052 13 8053 6
u8052 2 8053 -9 8054 15
u8053 2 8054 9 8055 18
u8054 2 8055 17 8056 6
u8055 2 8056 10 8057 1
u8056 2 8057 19 8058 3
u8057 2 8058 -1 8059 4
u8058 2 8059 19 8060 13
u8059 2 8060 2 8061 13
u8060 2 8061 6 8062 11
u8061 2 8062 -9 8063 2
u8062 2 8063 4 8064 12
u8063 2 8064 6 8065 8
u8064 2 8065 19 8066 20
u8065 2 8066 18 8067 10
u8066 2 8067 19 8068 17
u8067 2 8068 4 8069 14
u8068 2 8069 20 8070 15
u8069 2 8070 -4 8071 19
u8070 2 8071 17 8072 3
u8071 2 8072 19 8073 17
u8072 2 8073 17 8074 20
u8073 2 8074 9 8075 15
u8074 2 8075 13 8076 13
u8075 2 8076 6 8077 8
u8076 2 8077 7 8078 17
u8077 2 8078 9 8079 20
u8078 2 8079 14 8080 19
u8079 2 8080 12 8081 4
u8080 2 8081 4 8082 14
u8081 2 8082 10 8083 13
u8082 2 8083 11 8084 15
u8083 2 8084 4 8085 9
u8084 2 8085 8 8086 10
u8085 2 8086 5 8087 -8
u8086 2 8087 15 8088 4
u8087 2 8088 10 8089 4
u8088 2 8089 5 8090 -16
u8089 2 8090 14 8091 14
u8090 2 8091 16 8092 1
u8091 2 8092 10 8093 19
u8092 2 8093 6 8094 1
u8093 2 8094 3 8095 8
u8094 2 8095 7 8096 10
u8095 2 8096 11 8097 7
u8096 2 8097 14 8098 8
u8097 2 8098 16 8099 15
u8098 2 8099 12 8100 4
u8099 2 8100 17 8101 -8
u8100 2 8101 6 8102 4
u8101 2 8102 19 8103 20
u8102 2 8103 6 8104 4
u8103 2 8104 13 8105 7
u8104 2 8105 13 8106 7
u8105 2 8106 20 8107 8
u8106 2 8107 8 8108 4
u8107 2 8108 4 8109 18
u8108 2 8109 7 8110 1
u8109 2 8110 5 8111 20
u8110 2 8111 20 8112 16
u8111 2 8112 20 8113 13
u8112 2 8113 2 8114 12
u8113 2 8114 19 8115 16
u8114 2 8115 3 8116 12
u8115 2 8116 8 8117 13
u8116 2 8117 9 8118 1
u8117 2 8118 18 8119 11
u8118 2 8119 5 8120 4
u8119 2 8120 6 8121 12
u8120 2 8121 20 8122 5
u8121 2 8122 16 8123 13
u8122 2 8123 1 8124 2
u8123 2 8124 12 8125 7
u8124 2 8125 8 8126 20
u8125 2 8126 5 8127 18
u8126 2 8127 18 8128 20
u8127 2 8128 13 8129 14
u8128 2 8129 11 8130 4
u8129 2 8130 3 8131 17
u8130 2 8131 11 8132 16
u8131 2 8132 20 8133 10
u8132 2 8133 17 8134 6
u8133 2 8134 11 8135 18
u8134 2 8135 11 8136 10
u8135 2 8136 12 8137 5
u8136 2 8137 7 8138 18
u8137 2 8138 13 8139 17
u8138 2 8139 8 8140 3
u8139 2 8140 20 8141 20
u8140 2 8141 11 8142 6
u8141 2 8142 6 8143 1
u8142 2 8143 10 8144 1
u8143 2 8144 4 8145 19
u8144 2 8145 13 8146 11
u8145 2 8146 -13 8147 13
u8146 2 8147 4 8148 3
u8147 2 8148 13 8149 19
u8148 2 8149 10 8150 10
u8149 2 8150 4 8151 15
u8150 2 8151 -9 8152 16
u8151 2 8152 20 8153 18
u8152 2 8153 4 8154 19
u8153 2 8154 19 8155 9
u8154 2 8155 15 8156 4
u8155 2 8156 14 8157 20
u8156 2 8157 19 8158 12
u8157 2 8158 1 8159 6
u8158 2 8159 -3 8160 12
u8159 2 8160 16 8161 6
u8160 2 8161 20 8162 18
u8161 2 8162 7 8163 20
u8162 2 8163 10 8164 2
u8163 2 8164 7 8165 18
u8164 2 8165 16 8166 17
u8165 2 8166 12 8167 8
u8166 2 8167 13 8168 5
u8167 2 8168 8 8169 1
u8168 2 8169 13 8170 3
u8169 2 8170 18 8171 3
u8170 2 8171 16 8172 16
u8171 2 8172 1 8173 19
u8172 2 8173 4 8174 9
u8173 2 8174 20 8175 11
u8174 2 8175 14 8176 3
u8175 2 8176 9 8177 13
u8176 2 8177 8 8178 11
u8177 2 8178 15 8179 15
u8178 2 8179 10 8180 19
u8179 2 8180 11 8181 9
u8180 2 8181 4 8182 19
u8181 2 8182 8 8183 17
u8182 2 8183 14 8184 1
u8183 2 8184 18 8185 16
u8184 2 8185 13 8186 2
u8185 2 8186 11 8187 10
u8186 2 8187 15 8188 7
u8187 2 8188 -17 8189 1
u8188 2 8189 14 8190 5
u8189 2 8190 5 8191 14
u8190 2 8191 9 8192 17
u8191 2 8192 -8 8193 16
u8192 2 8193 6 8194 20
u8193 2 8194 13 8195 8
u8194 2 8195 19 8196 -12
u8195 2 8196 12 8197 3
u8196 2 8197 13 8198 1
u8197 2 8198 17 8199 12
u8198 2 8199 16 8200 9
u8199 2 8200 10 8201 14
u8200 2 8201 5 8202 5
u8201 2 8202 5 8203 3
u8202 2 8203 6 8204 1
u8203 2 8204 11 8205 19
u8204 2 8205 6 8206 4
u8205 2 8206 19 8207 6
u8206 2 8207 6 8208 14
u8207 2 8208 12 8209 5
u8208 2 8209 1 8210 12
u8209 2 8210 19 8211 17
u8210 2 8211 9 8212 20
u8211 2 8212 18 8213 9
u8212 2 8213 -4 8214 14
u8213 2 8214 4 8215 15
u8214 2 8215 4 8216 20
u8215 2 8216 2 8217 7
u8216 2 8217 7 8218 -2
u8217 2 8218 12 8219 3
u8218 2 8219 15 8220 15
u8219 2 8220 13 8221 4
u8220 2 8221 7 8222 15
u8221 2 8222 11 8223 4
u8222 2 8223 12 8224 6
u8223 2 8224 5 8225 14
u8224 2 8225 1 8226 12
u8225 2 8226 3 8227 13
u8226 2 8227 4 8228 7
u8227 2 8228 -1 8229 -17
u8228 2 8229 3 8230 6
u8229 2 8230 12 8231 17
u8230 2 8231 12 8232 -2
u8231 2 8232 16 8233 19
u8232 2 8233 1 8234 11
u8233 2 8234 16 8235 15
u8234 2 8235 9 8236 12
u8235 2 8236 13 8237 12
u8236 2 8237 1 8238 16
u8237 2 8238 8 8239 18
u8238 2 8239 16 8240 2
u8239 2 8240 19 8241 2
u8240 2 8241 3 8242 18
u8241 2 8242 12 8243 9
u8242 2 8243 17 8244 6
u8243 2 8244 18 8245 9
u8244 2 8245 12 8246 14
u8245 2 8246 5 8247 6
u8246 2 8247 6 8248 3
u8247 2 8248 11 8249 7
u8248 2 8249 18 8250 4
u8249 2 8250 2 8251 18
u8250 2 8251 12 8252 16
u8251 2 8252 18 8253 4
u8252 2 8253 16 8254 -6
u8253 2 8254 5 8255 14
u8254 2 8255 -12 8256 9
u8255 2 8256 10 8257 17
u8256 2 8257 6 8258 16
u8257 2 8258 14 8259 20
u8258 2 8259 -11 8260 11
u8259 2 8260 16 8261 16
u8260 2 8261 6 8262 4
u8261 2 8262 20 8263 19
u8262 2 8263 1 8264 4
u8263 2 8264 7 8265 18
u8264 2 8265 15 8266 7
u8265 2 8266 4 8267 9
u8266 2 8267 5 8268 15
u8267 2 8268 13 8269 -3
u8268 2 8269 9 8270 6
u8269 2 8270 1 8271 3
u8270 2 8271 18 8272 3
u8271 2 8272 15 8273 20
u8272 2 8273 6 8274 5
u8273 2 8274 5 8275 17
u8274 2 8275 10 8276 20
u8275 2 8276 7 8277 15
u8276 2 8277 17 8278 10
u8277 2 8278 8 8279 2
u8278 2 8279 10 8280 12
u8279 2 8280 4 8281 8
u8280 2 8281 6 8282 2
u8281 2 8282 20 8283 14
u8282 2 8283 7 8284 2
u8283 2 8284 13 8285 20
u8284 2 8285 7 8286 13
u8285 2 8286 13 8287 2
u8286 2 8287 13 8288 9
u8287 2 8288 13 8289 18
u8288 2 8289 11 8290 17
u8289 2 8290 18 8291 3
u8290 2 8291 18 8292 -1
u8291 2 8292 15 8293 20
u8292 2 8293 6 8294 15
u8293 2 8294 5 8295 9
u8294 2 8295 8 8296 7
u8295 2 8296 11 8297 13
u8296 2 8297 9 8298 8
u8297 2 8298 6 8299 11
u8298 2 8299 10 8300 4
u8299 2 8300 18 8301 14
u8300 2 8301 2 8302 4
u8301 2 8302 15 8303 9
u8302 2 8303 1 8304 13
u8303 2 8304 9 8305 11
u8304 2 8305 1 8306 17
u8305 2 8306 8 8307 11
u8306 2 8307 8 8308 12
u8307 2 8308 5 8309 1
u8308 2 8309 16 8310 12
u8309 2 8310 7 8311 20
u8310 2 8311 19 8312 17
u8311 2 8312 11 8313 14
u8312 2 8313 7 8314 13
u8313 2 8314 4 8315 7
u8314 2 8315 14 8316 13
u8315 2 8316 8 8317 10
u8316 2 8317 19 8318 14
u8317 2 8318 5 8319 14
u8318 2 8319 3 8320 13
u8319 2 8320 1 8321 19
u8320 2 8321 1 8322 16
u8321 2 8322 3 8323 19
u8322 2 8323 3 8324 19
u8323 2 8324 19 8325 17
u8324 2 8325 11 8326 15
u8325 2 8326 14 8327 5
u8326 2 8327 11 8328 11
u8327 2 8328 20 8329 2
u8328 2 8329 17 8330 10
u8329 2 8330 4 8331 10
u8330 2 8331 19 8332 18
u8331 2 8332 -15 8333 18
u8332 2 8333 4 8334 19
u8333 2 8334 10 8335 16
u8334 2 8335 14 8336 17
u8335 2 8336 7 8337 18
u8336 2 8337 2 8338 2
u8337 2 8338 20 8339 2
u8338 2 8339 15 8340 13
u8339 2 8340 12 8341 16
u8340 2 8341 7 8342 14
u8341 2 8342 15 8343 6
u8342 2 8343 4 8344 7
u8343 2 8344 10 8345 17
u8344 2 8345 20 8346 13
u8345 2 8346 9 8347 17
u8346 2 8347 10 8348 1
u8347 2 8348 12 8349 5
u8348 2 8349 3 8350 4
u8349 2 8350 19 8351 12
u8350 2 8351 18 8352 15
u8351 2 8352 14 8353 13
u8352 2 8353 8 8354 -3
u8353 2 8354 9 8355 20
u8354 2 8355 12 8356 6
u8355 2 8356 17 8357 15
u8356 2 8357 17 8358 17
u8357 2 8358 9 8359 6
u8358 2 8359 7 8360 16
u8359 2 8360 2 8361 15
u8360 2 8361 17 8362 16
u8361 2 8362 16 8363 15
u8362 2 8363 14 8364 20
u8363 2 8364 6 8365 19
u8364 2 8365 7 8366 16
u8365 2 8366 6 8367 20
u8366 2 8367 19 8368 1
u8367 2 8368 2 8369 7
u8368 2 8369 20 8370 16
u8369 2 8370 8 8371 13
u8370 2 8371 11 8372 3
u8371 2 8372 8 8373 9
u8372 2 8373 15 8374 2
u8373 2 8374 16 8375 1
u8374 2 8375 11 8376 7
u8375 2 8376 3 8377 13
u8376 2 8377 19 8378 19
u8377 2 8378 19 8379 20
u8378 2 8379 3 8380 -6
u8379 2 8380 13 8381 9
u8380 2 8381 5 8382 -19
u8381 2 8382 17 8383 10
u8382 2 8383 18 8384 6
u8383 2 8384 4 8385 5
u8384 2 8385 13 8386 8
u8385 2 8386 4 8387 2
u8386 2 8387 11 8388 14
u8387 2 8388 19 8389 10
u8388 2 8389 4 8390 7
u8389 2 8390 17 8391 8
u8390 2 8391 4 8392 -5
u8391 2 8392 5 8393 14
u8392 2 8393 15 8394 8
u8393 2 8394 12 8395 12
u8394 2 8395 18 8396 8
u8395 2 8396 2 8397 9
u8396 2 8397 12 8398 9
u8397 2 8398 3 8399 13
u8398 2 8399 6 8400 18
u8399 2 8400 11 8401 1
u8400 2 8401 7 8402 15
u8401 2 8402 6 8403 6
u8402 2 8403 20 8404 -2
u8403 2 8404 12 8405 18
u8404 2 8405 9 8406 11
u8405 2 8406 7 8407 1
u8406 2 8407 7 8408 3
u8407 2 8408 8 8409 2
u8408 2 8409 15 8410 5
u8409 2 8410 6 8411 8
u8410 2 8411 2 8412 8
u8411 2 8412 3 8413 13
u8412 2 8413 15 8414 3
u8413 2 8414 17 8415 2
u8414 2 8415 19 8416 13
u8415 2 8416 19 8417 17
u8416 2 8417 18 8418 13
u8417 2 8418 13 8419 5
u8418 2 8419 19 8420 12
u8419 2 8420 3 8421 6
u8420 2 8421 3 8422 10
u8421 2 8422 10 8423 18
u8422 2 8423 6 8424 8
u8423 2 8424 13 8425 5
u8424 2 8425 1 8426 17
u8425 2 8426 1 8427 2
u8426 2 8427 19 8428 4
u8427 2 8428 18 8429 12
u8428 2 8429 1 8430 -8
u8429 2 8430 17 8431 19
u8430 2 8431 13 8432 20
u8431 2 8432 16 8433 20
u8432 2 8433 14 8434 3
u8433 2 8434 8 8435 8
u8434 2 8435 2 8436 13
u8435 2 8436 14 8437 1
u8436 2 8437 3 8438 16
u8437 2 8438 2 8439 -7
u8438 2 8439 7 8440 1
u8439 2 8440 7 8441 8
u8440 2 8441 20 8442 16
u8441 2 8442 18 8443 5
u8442 2 8443 9 8444 -19
u8443 2 8444 11 8445 11
u8444 2 8445 -15 8446 16
u8445 2 8446 2 8447 2
u8446 2 8447 5 8448 2
u8447 2 8448 6 8449 2
u8448 2 8449 16 8450 16
u8449 2 8450 6 8451 5
u8450 2 8451 19 8452 2
u8451 2 8452 19 8453 15
u8452 2 8453 20 8454 6
u8453 2 8454 15 8455 10
u8454 2 8455 13 8456 16
u8455 2 8456 10 8457 2
u8456 2 8457 17 8458 10
u8457 2 8458 16 8459 2
u8458 2 8459 5 8460 10
u8459 2 8460 20 8461 5
u8460 2 8461 15 8462 15
u8461 2 8462 4 8463 18
u8462 2 8463 14 8464 7
u8463 2 8464 14 8465 20
u8464 2 8465 7 8466 16
u8465 2 8466 20 8467 6
u8466 2 8467 1 8468 6
u8467 2 8468 13 8469 16
u8468 2 8469 11 8470 7
u8469 2 8470 14 8471 5
u8470 2 8471 -9 8472 7
u8471 2 8472 7 8473 15
u8472 2 8473 6 8474 20
u8473 2 8474 7 8475 2
u8474 2 8475 13 8476 19
u8475 2 8476 7 8477 10
u8476 2 8477 -8 8478 9
u8477 2 8478 15 8479 8
u8478 2 8479 16 8480 20
u8479 2 8480 19 8481 13
u8480 2 8481 -7 8482 3
u8481 2 8482 12 8483 2
u8482 2 8483 5 8484 13
u8483 2 8484 9 8485 9
u8484 2 8485 14 8486 -15
u8485 2 8486 14 8487 7
u8486 2 8487 2 8488 9
u8487 2 8488 20 8489 4
u8488 2 8489 13 8490 13
u8489 2 8490 11 8491 10
u8490 2 8491 3 8492 16
u8491 2 8492 11 8493 14
u8492 2 8493 18 8494 7
u8493 2 8494 8 8495 10
u8494 2 8495 19 8496 19
u8495 2 8496 6 8497 1
u8496 2 8497 13 8498 10
u8497 2 8498 17 8499 10
u8498 2 8499 17 8500 -12
u8499 2 8500 9 8501 1
u8500 2 8501 19 8502 14
u8501 2 8502 19 8503 4
u8502 2 8503 12 8504 14
u8503 2 8504 7 8505 7
u8504 2 8505 17 8506 1
u8505 2 8506 9 8507 17
u8506 2 8507 15 8508 20
u8507 2 8508 8 8509 9
u8508 2 8509 13 8510 20
u8509 2 8510 2 8511 -10
u8510 2 8511 20 8512 18
u8511 2 8512 -5 8513 16
u8512 2 8513 15 8514 20
u8513 2 8514 15 8515 13
u8514 2 8515 7 8516 -6
u8515 2 8516 19 8517 -4
u8516 2 8517 17 8518 9
u8517 2 8518 14 8519 9
u8518 2 8519 7 8520 7
u8519 2 8520 11 8521 18
u8520 2 8521 7 8522 13
u8521 2 8522 20 8523 8
u8522 2 8523 7 8524 12
u8523 2 8524 -15 8525 8
u8524 2 8525 10 8526 9
u8525 2 8526 1 8527 11
u8526 2 8527 13 8528 9
u8527 2 8528 10 8529 10
u8528 2 8529 7 8530 1
u8529 2 8530 -10 8531 18
u8530 2 8531 14 8532 19
u8531 2 8532 10 8533 18
u8532 2 8533 4 8534 7
u8533 2 8534 2 8535 12
u8534 2 8535 11 8536 3
u8535 2 8536 17 8537 16
u8536 2 8537 1 8538 8
u8537 2 8538 16 8539 9
u8538 2 8539 17 8540 2
u8539 2 8540 6 8541 2
u8540 2 8541 16 8542 16
u8541 2 8542 5 8543 18
u8542 2 8543 20 8544 10
u8543 2 8544 16 8545 20
u8544 2 8545 1 8546 9
u8545 2 8546 7 8547 8
u8546 2 8547 7 8548 15
u8547 2 8548 11 8549 12
u8548 2 8549 13 8550 -8
u8549 2 8550 7 8551 15
u8550 2 8551 9 8552 -14
u8551 2 8552 11 8553 6
u8552 2 8553 5 8554 14
u8553 2 8554 9 8555 18
u8554 2 8555 -8 8556 20
u8555 2 8556 19 8557 7
u8556 2 8557 15 8558 19
u8557 2 8558 11 8559 9
u8558 2 8559 5 8560 3
u8559 2 8560 19 8561 -9
u8560 2 8561 11 8562 5
u8561 2 8562 9 8563 8
u8562 2 8563 12 8564 2
u8563 2 8564 8 8565 9
u8564 2 8565 19 8566 1
u8565 2 8566 5 8567 18
u8566 2 8567 4 8568 4
u8567 2 8568 7 8569 6
u8568 2 8569 14 8570 3
u8569 2 8570 15 8571 14
u8570 2 8571 8 8572 -17
u8571 2 8572 10 8573 -4
u8572 2 8573 16 8574 1
u8573 2 8574 14 8575 6
u8574 2 8575 6 8576 3
u8575 2 8576 16 8577 1
u8576 2 8577 7 8578 12
u8577 2 8578 4 8579 4
u8578 2 8579 19 8580 -17
u8579 2 8580 3 8581 17
u8580 2 8581 2 8582 12
u8581 2 8582 8 8583 3
u8582 2 8583 12 8584 18
u8583 2 8584 13 8585 2
u8584 2 8585 1 8586 11
u8585 2 8586 11 8587 1
u8586 2 8587 2 8588 10
u8587 2 8588 5 8589 7
u8588 2 8589 13 8590 10
u8589 2 8590 10 8591 4
u8590 2 8591 1 8592 18
u8591 2 8592 10 8593 13
u8592 2 8593 16 8594 10
u8593 2 8594 13 8595 -11
u8594 2 8595 7 8596 19
u8595 2 8596 3 8597 8
u8596 2 8597 10 8598 11
u8597 2 8598 5 8599 20
u8598 2 8599 18 8600 7
u8599 2 8600 19 8601 1
u8600 2 8601 16 8602 11
u8601 2 8602 12 8603 12
u8602 2 8603 5 8604 13
u8603 2 8604 18 8605 18
u8604 2 8605 8 8606 11
u8605 2 8606 19 8607 16
u8606 2 8607 5 8608 20
u8607 2 8608 1 8609 4
u8608 2 8609 6 8610 11
u8609 2 8610 2 8611 9
u8610 2 8611 1 8612 4
u8611 2 8612 5 8613 11
u8612 2 8613 16 8614 5
u8613 2 8614 15 8615 12
u8614 2 8615 4 8616 19
u8615 2 8616 3 8617 8
u8616 2 8617 9 8618 2
u8617 2 8618 3 8619 18
u8618 2 8619 5 8620 12
u8619 2 8620 20 8621 1
u8620 2 8621 20 8622 11
u8621 2 8622 14 8623 4
u8622 2 8623 7 8624 10
u8623 2 8624 1 8625 2
u8624 2 8625 14 8626 -16
u8625 2 8626 9 8627 10
u8626 2 8627 16 8628 1
u8627 2 8628 11 8629 16
u8628 2 8629 14 8630 3
u8629 2 8630 7 8631 7
u8630 2 8631 8 8632 6
u8631 2 8632 20 8633 2
u8632 2 8633 19 8634 12
u8633 2 8634 18 8635 11
u8634 2 8635 14 8636 2
u8635 2 8636 -11 8637 6
u8636 2 8637 10 8638 2
u8637 2 8638 6 8639 2
u8638 2 8639 13 8640 19
u8639 2 8640 6 8641 19
u8640 2 8641 10 8642 12
u8641 2 8642 6 8643 3
u8642 2 8643 11 8644 17
u8643 2 8644 7 8645 18
u8644 2 8645 18 8646 3
u8645 2 8646 19 8647 18
u8646 2 8647 13 8648 1
u8647 2 8648 2 8649 18
u8648 2 8649 19 8650 2
u8649 2 8650 15 8651 3
u8650 2 8651 12 8652 8
u8651 2 8652 3 8653 19
u8652 2 8653 12 8654 -4
u8653 2 8654 7 8655 17
u8654 2 8655 1 8656 11
u8655 2 8656 5 8657 20
u8656 2 8657 8 8658 15
u8657 2 8658 3 8659 7
u8658 2 8659 13 8660 12
u8659 2 8660 4 8661 2
u8660 2 8661 4 8662 3
u8661 2 8662 1 8663 15
u8662 2 8663 4 8664 19
u8663 2 8664 17 8665 15
u8664 2 8665 15 8666 11
u8665 2 8666 1 8667 19
u8666 2 8667 -4 8668 17
u8667 2 8668 9 8669 11
u8668 2 8669 8 8670 9
u8669 2 8670 17 8671 18
u8670 2 8671 18 8672 15
u8671 2 8672 1 8673 19
u8672 2 8673 20 8674 -1
u8673 2 8674 6 8675 2
u8674 2 8675 15 8676 18
u8675 2 8676 6 8677 1
u8676 2 8677 10 8678 10
u8677 2 8678 4 8679 20
u8678 2 8679 16 8680 12
u8679 2 8680 10 8681 6
u8680 2 8681 13 8682 15
u8681 2 8682 16 8683 17
u8682 2 8683 5 8684 20
u8683 2 8684 16 8685 18
u8684 2 8685 18 8686 6
u8685 2 8686 13 8687 11
u8686 2 8687 20 8688 1
u8687 2 8688 19 8689 2
u8688 2 8689 8 8690 19
u8689 2 8690 18 8691 9
u8690 2 8691 11 8692 8
u8691 2 8692 10 8693 4
u8692 2 8693 18 8694 17
u8693 2 8694 16 8695 5
u8694 2 8695 1 8696 16
u8695 2 8696 -4 8697 1
u8696 2 8697 8 8698 10
u8697 2 8698 1 8699 4
u8698 2 8699 -11 8700 4
u8699 2 8700 -20 8701 8
u8700 2 8701 12 8702 10
u8701 2 8702 2 8703 18
u8702 2 8703 16 8704 15
u8703 2 8704 9 8705 1
u8704 2 8705 18 8706 -4
u8705 2 8706 19 8707 18
u8706 2 8707 12 8708 16
u8707 2 8708 7 8709 -14
u8708 2 8709 15 8710 7
u8709 2 8710 18 8711 8
u8710 2 8711 19 8712 4
u8711 2 8712 7 8713 3
u8712 2 8713 13 8714 20
u8713 2 8714 19 8715 9
u8714 2 8715 19 8716 6
u8715 2 8716 10 8717 18
u8716 2 8717 4 8718 6
u8717 2 8718 -8 8719 14
u8718 2 8719 13 8720 5
u8719 2 8720 13 8721 10
u8720 2 8721 9 8722 4
u8721 2 8722 17 8723 15
u8722 2 8723 2 8724 12
u8723 2 8724 9 8725 8
u8724 2 8725 9 8726 20
u8725 2 8726 16 8727 3
u8726 2 8727 -18 8728 10
u8727 2 8728 19 8729 4
u8728 2 8729 18 8730 18
u8729 2 8730 18 8731 13
u8730 2 8731 12 8732 8
u8731 2 8732 5 8733 19
u8732 2 8733 5 8734 8
u8733 2 8734 11 8735 12
u8734 2 8735 15 8736 13
u8735 2 8736 -6 8737 15
u8736 2 8737 17 8738 15
u8737 2 8738 1 8739 3
u8738 2 8739 5 8740 12
u8739 2 8740 4 8741 -20
u8740 2 8741 13 8742 4
u8741 2 8742 12 8743 9
u8742 2 8743 7 8744 8
u8743 2 8744 -9 8745 4
u8744 2 8745 13 8746 11
u8745 2 8746 18 8747 5
u8746 2 8747 10 8748 8
u8747 2 8748 9 8749 7
u8748 2 8749 15 8750 6
u8749 2 8750 4 8751 6
u8750 2 8751 2 8752 9
u8751 2 8752 8 8753 19
u8752 2 8753 3 8754 18
u8753 2 8754 6 8755 -3
u8754 2 8755 14 8756 6
u8755 2 8756 13 8757 16
u8756 2 8757 2 8758 19
u8757 2 8758 14 8759 18
u8758 2 8759 1 8760 10
u8759 2 8760 12 8761 8
u8760 2 8761 17 8762 19
u8761 2 8762 12 8763 8
u8762 2 8763 5 8764 9
u8763 2 8764 -14 8765 19
u8764 2 8765 -6 8766 11
u8765 2 8766 10 8767 6
u8766 2 8767 11 8768 -8
u8767 2 8768 4 8769 14
u8768 2 8769 17 8770 4
u8769 2 8770 4 8771 2
u8770 2 8771 4 8772 8
u8771 2 8772 11 8773 11
u8772 2 8773 -8 8774 -10
u8773 2 8774 12 8775 3
u8774 2 8775 12 8776 14
u8775 2 8776 20 8777 15
u8776 2 8777 3 8778 3
u8777 2 8778 19 8779 3
u8778 2 8779 14 8780 16
u8779 2 8780 16 8781 14
u8780 2 8781 3 8782 3
u8781 2 8782 9 8783 3
u8782 2 8783 9 8784 6
u8783 2 8784 13 8785 9
u8784 2 8785 17 8786 5
u8785 2 8786 12 8787 12
u8786 2 8787 15 8788 9
u8787 2 8788 18 8789 14
u8788 2 8789 15 8790 8
u8789 2 8790 16 8791 18
u8790 2 8791 5 8792 18
u8791 2 8792 9 8793 5
u8792 2 8793 17 8794 1
u8793 2 8794 19 8795 16
u8794 2 8795 3 8796 7
u8795 2 8796 4 8797 20
u8796 2 8797 1 8798 15
u8797 2 8798 13 8799 2
u8798 2 8799 12 8800 19
u8799 2 8800 19 8801 15
u8800 2 8801 3 8802 13
u8801 2 8802 16 8803 9
u8802 2 8803 15 8804 13
u8803 2 8804 14 8805 3
u8804 2 8805 20 8806 9
u8805 2 8806 5 8807 13
u8806 2 8807 6 8808 13
u8807 2 8808 -8 8809 2
u8808 2 8809 5 8810 3
u8809 2 8810 4 8811 13
u8810 2 8811 10 8812 5
u8811 2 8812 13 8813 13
u8812 2 8813 -8 8814 14
u8813 2 8814 15 8815 5
u8814 2 8815 8 8816 16
u8815 2 8816 14 8817 16
u8816 2 8817 9 8818 1
u8817 2 8818 14 8819 17
u8818 2 8819 13 8820 1
u8819 2 8820 -16 8821 20
u8820 2 8821 14 8822 13
u8821 2 8822 15 8823 4
u8822 2 8823 9 8824 16
u8823 2 8824 16 8825 19
u8824 2 8825 2 8826 9
u8825 2 8826 15 8827 -13
u8826 2 8827 19 8828 2
u8827 2 8828 15 8829 13
u8828 2 8829 20 8830 -12
u8829 2 8830 6 8831 6
u8830 2 8831 14 8832 12
u8831 2 8832 14 8833 8
u8832 2 8833 5 8834 19
u8833 2 8834 17 8835 5
u8834 2 8835 16 8836 19
u8835 2 8836 3 8837 16
u8836 2 8837 1 8838 17
u8837 2 8838 11 8839 13
u8838 2 8839 2 8840 5
u8839 2 8840 1 8841 7
u8840 2 8841 1 8842 17
u8841 2 8842 10 8843 12
u8842 2 8843 16 8844 18
u8843 2 8844 15 8845 9
u8844 2 8845 14 8846 1
u8845 2 8846 18 8847 8
u8846 2 8847 9 8848 11
u8847 2 8848 16 8849 3
u8848 2 8849 18 8850 2
u8849 2 8850 2 8851 20
u8850 2 8851 4 8852 5
u8851 2 8852 15 8853 12
u8852 2 8853 9 8854 -12
u8853 2 8854 -7 8855 2
u8854 2 8855 11 8856 2
u8855 2 8856 16 8857 14
u8856 2 8857 12 8858 9
u8857 2 8858 12 8859 19
u8858 2 8859 7 8860 6
u8859 2 8860 19 8861 16
u8860 2 8861 17 8862 2
u8861 2 8862 11 8863 8
u8862 2 8863 5 8864 2
u8863 2 8864 7 8865 6
u8864 2 8865 16 8866 -19
u8865 2 8866 16 8867 6
u8866 2 8867 13 8868 7
u8867 2 8868 20 8869 6
u8868 2 8869 14 8870 2
u8869 2 8870 5 8871 10
u8870 2 8871 10 8872 14
u8871 2 8872 19 8873 -16
u8872 2 8873 5 8874 20
u8873 2 8874 10 8875 1
u8874 2 8875 7 8876 13
u8875 2 8876 1 8877 14
u8876 2 8877 13 8878 13
u8877 2 8878 10 8879 12
u8878 2 8879 6 8880 11
u8879 2 8880 16 8881 12
u8880 2 8881 -8 8882 4
u8881 2 8882 6 8883 7
u8882 2 8883 4 8884 11
u8883 2 8884 7 8885 20
u8884 2 8885 9 8886 19
u8885 2 8886 5 8887 9
u8886 2 8887 18 8888 -9
u8887 2 8888 12 8889 2
u8888 2 8889 19 8890 14
u8889 2 8890 5 8891 14
u8890 2 8891 4 8892 11
u8891 2 8892 5 8893 20
u8892 2 8893 3 8894 20
u8893 2 8894 6 8895 -2
u8894 2 8895 13 8896 12
u8895 2 8896 9 8897 14
u8896 2 8897 8 8898 7
u8897 2 8898 15 8899 20
u8898 2 8899 -4 8900 15
u8899 2 8900 11 8901 5
u8900 2 8901 13 8902 8
u8901 2 8902 5 8903 12
u8902 2 8903 11 8904 16
u8903 2 8904 14 8905 7
u8904 2 8905 7 8906 8
u8905 2 8906 10 8907 14
u8906 2 8907 11 8908 -16
u8907 2 8908 5 8909 20
u8908 2 8909 17 8910 7
u8909 2 8910 19 8911 17
u8910 2 8911 16 8912 16
u8911 2 8912 4 8913 18
u8912 2 8913 6 8914 11
u8913 2 8914 4 8915 20
u8914 2 8915 1 8916 10
u8915 2 8916 8 8917 9
u8916 2 8917 3 8918 20
u8917 2 8918 15 8919 5
u8918 2 8919 13 8920 18
u8919 2 8920 14 8921 7
u8920 2 8921 7 8922 4
u8921 2 8922 12 8923 2
u8922 2 8923 7 8924 5
u8923 2 8924 19 8925 -16
u8924 2 8925 17 8926 20
u8925 2 8926 1 8927 2
u8926 2 8927 2 8928 4
u8927 2 8928 16 8929 14
u8928 2 8929 14 8930 9
u8929 2 8930 7 8931 7
u8930 2 8931 15 8932 8
u8931 2 8932 18 8933 17
u8932 2 8933 17 8934 11
u8933 2 8934 14 8935 14
u8934 2 8935 -13 8936 7
u8935 2 8936 2 8937 11
u8936 2 8937 1 8938 16
u8937 2 8938 4 8939 13
u8938 2 8939 16 8940 13
u8939 2 8940 14 8941 4
u8940 2 8941 6 8942 17
u8941 2 8942 17 8943 19
u8942 2 8943 8 8944 7
u8943 2 8944 17 8945 13
u8944 2 8945 2 8946 11
u8945 2 8946 19 8947 2
u8946 2 8947 3 8948 2
u8947 2 8948 18 8949 4
u8948 2 8949 17 8950 10
u8949 2 8950 2 8951 19
u8950 2 8951 10 8952 15
u8951 2 8952 20 8953 13
u8952 2 8953 16 8954 12
u8953 2 8954 12 8955 15
u8954 2 8955 2 8956 20
u8955 2 8956 14 8957 2
u8956 2 8957 5 8958 9
u8957 2 8958 14 8959 2
u8958 2 8959 11 8960 9
u8959 2 8960 12 8961 11
u8960 2 8961 12 8962 11
u8961 2 8962 20 8963 15
u8962 2 8963 4 8964 15
u8963 2 8964 11 8965 14
u8964 2 8965 10 8966 15
u8965 2 8966 16 8967 10
u8966 2 8967 20 8968 3
u8967 2 8968 15 8969 11
u8968 2 8969 17 8970 2
u8969 2 8970 14 8971 4
u8970 2 8971 -5 8972 18
u8971 2 8972 7 8973 16
u8972 2 8973 5 8974 16
u8973 2 8974 20 8975 6
u8974 2 8975 -20 8976 6
u8975 2 8976 20 8977 9
u8976 2 8977 11 8978 19
u8977 2 8978 6 8979 4
u8978 2 8979 6 8980 19
u8979 2 8980 9 8981 15
u8980 2 8981 4 8982 16
u8981 2 8982 18 8983 17
u8982 2 8983 20 8984 18
u8983 2 8984 20 8985 12
u8984 2 8985 18 8986 4
u8985 2 8986 5 8987 8
u8986 2 8987 18 8988 8
u8987 2 8988 10 8989 17
u8988 2 8989 17 8990 3
u8989 2 8990 19 8991 4
u8990 2 8991 18 8992 14
u8991 2 8992 5 8993 -18
u8992 2 8993 19 8994 11
u8993 2 8994 18 8995 12
u8994 2 8995 5 8996 6
u8995 2 8996 8 8997 20
u8996 2 8997 -12 8998 20
u8997 2 8998 6 8999 3
u8998 2 8999 12 9000 8
u8999 2 9000 14 9001 1
u9000 2 9001 17 9002 1
u9001 2 9002 17 9003 16
u9002 2 9003 20 9004 17
u9003 2 9004 6 9005 1
u9004 2 9005 4 9006 -5
u9005 2 9006 20 9007 6
u9006 2 9007 6 9008 2
u9007 2 9008 7 9009 -14
u9008 2 9009 8 9010 1
u9009 2 9010 11 9011 16
u9010 2 9011 6 9012 8
u9011 2 9012 9 9013 16
u9012 2 9013 9 9014 4
u9013 2 9014 -20 9015 8
u9014 2 9015 10 9016 13
u9015 2 9016 4 9017 16
u9016 2 9017 17 9018 17
u9017 2 9018 11 9019 3
u9018 2 9019 11 9020 17
u9019 2 9020 3 9021 16
u9020 2 9021 7 9022 18
u9021 2 9022 2 9023 2
u9022 2 9023 18 9024 5
u9023 2 9024 10 9025 17
u9024 2 9025 3 9026 11
u9025 2 9026 13 9027 7
u9026 2 9027 12 9028 2
u9027 2 9028 18 9029 19
u9028 2 9029 7 9030 -19
u9029 2 9030 18 9031 5
u9030 2 9031 -14 9032 10
u9031 2 9032 13 9033 15
u9032 2 9033 15 9034 16
u9033 2 9034 10 9035 18
u9034 2 9035 4 9036 8
u9035 2 9036 10 9037 11
u9036 2 9037 16 9038 6
u9037 2 9038 5 9039 19
u9038 2 9039 4 9040 19
u9039 2 9040 19 9041 15
u9040 2 9041 15 9042 4
u9041 2 9042 5 9043 13
u9042 2 9043 11 9044 7
u9043 2 9044 18 9045 13
u9044 2 9045 2 9046 20
u9045 2 9046 10 9047 12
u9046 2 9047 2 9048 1
u9047 2 9048 2 9049 13
u9048 2 9049 13 9050 15
u9049 2 9050 18 9051 7
u9050 2 9051 10 9052 11
u9051 2 9052 6 9053 13
u9052 2 9053 14 9054 18
u9053 2 9054 13 9055 18
u9054 2 9055 19 9056 9
u9055 2 9056 5 9057 1
u9056 2 9057 8 9058 9
u9057 2 9058 13 9059 18
u9058 2 9059 -4 9060 15
u9059 2 9060 14 9061 3
u9060 2 9061 15 9062 6
u9061 2 9062 7 9063 3
u9062 2 9063 12 9064 13
u9063 2 9064 17 9065 15
u9064 2 9065 9 9066 17
u9065 2 9066 11 9067 16
u9066 2 9067 17 9068 5
u9067 2 9068 15 9069 10
u9068 2 9069 13 9070 8
u9069 2 9070 19 9071 13
u9070 2 9071 12 9072 13
u9071 2 9072 17 9073 10
u9072 2 9073 15 9074 12
u9073 2 9074 3 9075 6
u9074 2 9075 9 9076 19
u9075 2 9076 16 9077 16
u9076 2 9077 4 9078 18
u9077 2 9078 5 9079 6
u9078 2 9079 19 9080 15
u9079 2 9080 1 9081 -11
u9080 2 9081 10 9082 6
u9081 2 9082 18 9083 16
u9082 2 9083 9 9084 10
u9083 2 9084 17 9085 11
u9084 2 9085 13 9086 10
u9085 2 9086 10 9087 6
u9086 2 9087 -17 9088 17
u9087 2 9088 13 9089 14
u9088 2 9089 7 9090 19
u9089 2 9090 19 9091 10
u9090 2 9091 4 9092 6
u9091 2 9092 10 9093 16
u9092 2 9093 19 9094 10
u9093 2 9094 17 9095 -15
u9094 2 9095 7 9096 4
u9095 2 9096 2 9097 15
u9096 2 9097 17 9098 7
u9097 2 9098 -2 9099 11
u9098 2 9099 15 9100 14
u9099 2 9100 12 9101 10
u9100 2 9101 7 9102 4
u9101 2 9102 14 9103 16
u9102 2 9103 16 9104 8
u9103 2 9104 11 9105 10
u9104 2 9105 8 9106 9
u9105 2 9106 3 9107 1
u9106 2 9107 16 9108 20
u9107 2 9108 10 9109 19
u9108 2 9109 20 9110 5
u9109 2 9110 10 9111 8
u9110 2 9111 8 9112 13
u9111 2 9112 12 9113 6
u9112 2 9113 8 9114 15
u9113 2 9114 19 9115 10
u9114 2 9115 17 9116 2
u9115 2 9116 5 9117 1
u9116 2 9117 14 9118 20
u9117 2 9118 7 9119 20
u9118 2 9119 20 9120 -3
u9119 2 9120 6 9121 -1
u9120 2 9121 10 9122 -19
u9121 2 9122 9 9123 7
u9122 2 9123 6 9124 13
u9123 2 9124 12 9125 10
u9124 2 9125 13 9126 7
u9125 2 9126 4 9127 20
u9126 2 9127 3 9128 9
u9127 2 9128 20 9129 9
u9128 2 9129 -17 9130 2
u9129 2 9130 1 9131 -20
u9130 2 9131 5 9132 1
u9131 2 9132 15 9133 8
u9132 2 9133 18 9134 8
u9133 2 9134 6 9135 16
u9134 2 9135 13 9136 5
u9135 2 9136 18 9137 11
u9136 2 9137 17 9138 15
u9137 2 9138 8 9139 16
u9138 2 9139 20 9140 10
u9139 2 9140 -14 9141 15
u9140 2 9141 8 9142 16
u9141 2 9142 15 9143 7
u9142 2 9143 19 9144 9
u9143 2 9144 5 9145 3
u9144 2 9145 11 9146 16
u9145 2 9146 1 9147 9
u9146 2 9147 11 9148 11
u9147 2 9148 2 9149 9
u9148 2 9149 20 9150 3
u9149 2 9150 18 9151 2
u9150 2 9151 16 9152 14
u9151 2 9152 12 9153 12
u9152 2 9153 -10 9154 3
u9153 2 9154 4 9155 13
u9154 2 9155 16 9156 17
u9155 2 9156 14 9157 1
u9156 2 9157 -16 9158 1
u9157 2 9158 19 9159 6
u9158 2 9159 -16 9160 3
u9159 2 9160 19 9161 19
u9160 2 9161 11 9162 9
u9161 2 9162 17 9163 1
u9162 2 9163 13 9164 12
u9163 2 9164 -7 9165 14
u9164 2 9165 2 9166 1
u9165 2 9166 19 9167 1
u9166 2 9167 20 9168 14
u9167 2 9168 19 9169 13
u9168 2 9169 4 9170 14
u9169 2 9170 1 9171 13
u9170 2 9171 5 9172 -8
u9171 2 9172 3 9173 1
u9172 2 9173 -13 9174 9
u9173 2 9174 1 9175 11
u9174 2 9175 7 9176 13
u9175 2 9176 10 9177 20
u9176 2 9177 19 9178 6
u9177 2 9178 19 9179 9
u9178 2 9179 17 9180 17
u9179 2 9180 4 9181 18
u9180 2 9181 2 9182 7
u9181 2 9182 17 9183 6
u9182 2 9183 1 9184 -1
u9183 2 9184 3 9185 12
u9184 2 9185 19 9186 1
u9185 2 9186 20 9187 8
u9186 2 9187 4 9188 3
u9187 2 9188 18 9189 1
u9188 2 9189 12 9190 16
u9189 2 9190 20 9191 20
u9190 2 9191 6 9192 -2
u9191 2 9192 -19 9193 19
u9192 2 9193 13 9194 14
u9193 2 9194 11 9195 4
u9194 2 9195 18 9196 1
u9195 2 9196 11 9197 1
u9196 2 9197 7 9198 16
u9197 2 9198 9 9199 19
u9198 2 9199 7 9200 16
u9199 2 9200 4 9201 19
u9200 2 9201 12 9202 10
u9201 2 9202 8 9203 -7
u9202 2 9203 3 9204 16
u9203 2 9204 9 9205 15
u9204 2 9205 8 9206 6
u9205 2 9206 16 9207 9
u9206 2 9207 19 9208 2
u9207 2 9208 5 9209 6
u9208 2 9209 4 9210 1
u9209 2 9210 11 9211 18
u9210 2 9211 12 9212 8
u9211 2 9212 4 9213 19
u9212 2 9213 14 9214 4
u9213 2 9214 2 9215 18
u9214 2 9215 11 9216 18
u9215 2 9216 6 9217 6
u9216 2 9217 10 9218 11
u9217 2 9218 13 9219 20
u9218 2 9219 16 9220 -9
u9219 2 9220 2 9221 1
u9220 2 9221 13 9222 12
u9221 2 9222 2 9223 12
u9222 2 9223 10 9224 2
u9223 2 9224 8 9225 12
u9224 2 9225 4 9226 20
u9225 2 9226 1 9227 15
u9226 2 9227 16 9228 6
u9227 2 9228 17 9229 13
u9228 2 9229 17 9230 19
u9229 2 9230 20 9231 10
u9230 2 9231 16 9232 11
u9231 2 9232 10 9233 15
u9232 2 9233 1 9234 11
u9233 2 9234 12 9235 5
u9234 2 9235 6 9236 13
u9235 2 9236 20 9237 15
u9236 2 9237 3 9238 17
u9237 2 9238 1 9239 7
u9238 2 9239 1 9240 13
u9239 2 9240 1 9241 -9
u9240 2 9241 10 9242 10
u9241 2 9242 20 9243 15
u9242 2 9243 4 9244 -20
u9243 2 9244 8 9245 10
u9244 2 9245 6 9246 14
u9245 2 9246 11 9247 4
u9246 2 9247 6 9248 4
u9247 2 9248 3 9249 4
u9248 2 9249 13 9250 7
u9249 2 9250 15 9251 5
u9250 2 9251 10 9252 4
u9251 2 9252 20 9253 7
u9252 2 9253 19 9254 13
u9253 2 9254 17 9255 9
u9254 2 9255 -2 9256 7
u9255 2 9256 10 9257 1
u9256 2 9257 5 9258 15
u9257 2 9258 1 9259 15
u9258 2 9259 3 9260 13
u9259 2 9260 4 9261 14
u9260 2 9261 17 9262 16
u9261 2 9262 4 9263 10
u9262 2 9263 17 9264 19
u9263 2 9264 1 9265 4
u9264 2 9265 2 9266 13
u9265 2 9266 8 9267 9
u9266 2 9267 15 9268 3
u9267 2 9268 8 9269 19
u9268 2 9269 20 9270 5
u9269 2 9270 14 9271 6
u9270 2 9271 4 9272 20
u9271 2 9272 17 9273 17
u9272 2 9273 9 9274 3
u9273 2 9274 10 9275 10
u9274 2 9275 10 9276 9
u9275 2 9276 9 9277 10
u9276 2 9277 12 9278 9
u9277 2 9278 6 9279 6
u9278 2 9279 10 9280 10
u9279 2 9280 1 9281 11
u9280 2 9281 1 9282 19
u9281 2 9282 2 9283 8
u9282 2 9283 20 9284 12
u9283 2 9284 6 9285 2
u9284 2 9285 14 9286 3
u9285 2 9286 8 9287 11
u9286 2 9287 11 9288 17
u9287 2 9288 9 9289 20
u9288 2 9289 10 9290 14
u9289 2 9290 1 9291 9
u9290 2 9291 18 9292 17
u9291 2 9292 12 9293 9
u9292 2 9293 13 9294 1
u9293 2 9294 9 9295 11
u9294 2 9295 8 9296 12
u9295 2 9296 2 9297 18
u9296 2 9297 13 9298 20
u9297 2 9298 2 9299 6
u9298 2 9299 4 9300 13
u9299 2 9300 1 9301 5
u9300 2 9301 1 9302 5
u9301 2 9302 16 9303 2
u9302 2 9303 19 9304 9
u9303 2 9304 11 9305 -10
u9304 2 9305 1 9306 17
u9305 2 9306 5 9307 10
u9306 2 9307 4 9308 19
u9307 2 9308 3 9309 3
u9308 2 9309 3 9310 16
u9309 2 9310 5 9311 10
u9310 2 9311 11 9312 6
u9311 2 9312 12 9313 20
u9312 2 9313 6 9314 5
u9313 2 9314 19 9315 19
u9314 2 9315 4 9316 2
u9315 2 9316 2 9317 10
u9316 2 9317 9 9318 2
u9317 2 9318 5 9319 5
u9318 2 9319 5 9320 4
u9319 2 9320 9 9321 11
u9320 2 9321 1 9322 15
u9321 2 9322 2 9323 7
u9322 2 9323 7 9324 1
u9323 2 9324 16 9325 16
u9324 2 9325 10 9326 3
u9325 2 9326 19 9327 17
u9326 2 9327 3 9328 3
u9327 2 9328 15 9329 1
u9328 2 9329 9 9330 -8
u9329 2 9330 8 9331 3
u9330 2 9331 2 9332 17
u9331 2 9332 7 9333 15
u9332 2 9333 19 9334 15
u9333 2 9334 15 9335 16
u9334 2 9335 20 9336 10
u9335 2 9336 5 9337 4
u9336 2 9337 18 9338 20
u9337 2 9338 1 9339 11
u9338 2 9339 -19 9340 18
u9339 2 9340 -14 9341 12
u9340 2 9341 10 9342 13
u9341 2 9342 18 9343 6
u9342 2 9343 5 9344 2
u9343 2 9344 12 9345 5
u9344 2 9345 1 9346 -19
u9345 2 9346 20 9347 3
u9346 2 9347 13 9348 16
u9347 2 9348 -6 9349 11
u9348 2 9349 18 9350 10
u9349 2 9350 -19 9351 9
u9350 2 9351 20 9352 16
u9351 2 9352 6 9353 20
u9352 2 9353 16 9354 1
u9353 2 9354 5 9355 18
u9354 2 9355 -17 9356 7
u9355 2 9356 2 9357 4
u9356 2 9357 20 9358 15
u9357 2 9358 6 9359 8
u9358 2 9359 -11 9360 10
u9359 2 9360 9 9361 17
u9360 2 9361 6 9362 5
u9361 2 9362 20 9363 2
u9362 2 9363 5 9364 6
u9363 2 9364 10 9365 11
u9364 2 9365 15 9366 1
u9365 2 9366 12 9367 14
u9366 2 9367 -18 9368 1
u9367 2 9368 17 9369 19
u9368 2 9369 4 9370 8
u9369 2 9370 10 9371 5
u9370 2 9371 8 9372 10
u9371 2 9372 7 9373 3
u9372 2 9373 7 9374 3
u9373 2 9374 16 9375 20
u9374 2 9375 11 9376 20
u9375 2 9376 5 9377 7
u9376 2 9377 16 9378 10
u9377 2 9378 10 9379 12
u9378 2 9379 18 9380 3
u9379 2 9380 11 9381 13
u9380 2 9381 20 9382 20
u9381 2 9382 6 9383 -2
u9382 2 9383 12 9384 5
u9383 2 9384 13 9385 17
u9384 2 9385 13 9386 19
u9385 2 9386 4 9387 19
u9386 2 9387 16 9388 5
u9387 2 9388 17 9389 13
u9388 2 9389 15 9390 15
u9389 2 9390 18 9391 12
u9390 2 9391 1 9392 14
u9391 2 9392 5 9393 -5
u9392 2 9393 15 9394 15
u9393 2 9394 13 9395 5
u9394 2 9395 1 9396 8
u9395 2 9396 14 9397 15
u9396 2 9397 11 9398 17
u9397 2 9398 17 9399 13
u9398 2 9399 12 9400 16
u9399 2 9400 17 9401 11
u9400 2 9401 11 9402 6
u9401 2 9402 20 9403 8
u9402 2 9403 17 9404 3
u9403 2 9404 4 9405 15
u9404 2 9405 -4 9406 2
u9405 2 9406 14 9407 3
u9406 2 9407 15 9408 3
u9407 2 9408 6 9409 3
u9408 2 9409 16 9410 3
u9409 2 9410 1 9411 10
u9410 2 9411 1 9412 16
u9411 2 9412 14 9413 4
u9412 2 9413 19 9414 10
u9413 2 9414 17 9415 12
u9414 2 9415 10 9416 11
u9415 2 9416 8 9417 8
u9416 2 9417 10 9418 15
u9417 2 9418 5 9419 8
u9418 2 9419 20 9420 5
u9419 2 9420 20 9421 15
u9420 2 9421 7 9422 16
u9421 2 9422 7 9423 9
u9422 2 9423 15 9424 15
u9423 2 9424 1 9425 15
u9424 2 9425 10 9426 14
u9425 2 9426 10 9427 6
u9426 2 9427 6 9428 15
u9427 2 9428 11 9429 4
u9428 2 9429 20 9430 10
u9429 2 9430 15 9431 5
u9430 2 9431 12 9432 12
u9431 2 9432 15 9433 12
u9432 2 9433 19 9434 8
u9433 2 9434 15 9435 8
u9434 2 9435 15 9436 9
u9435 2 9436 14 9437 15
u9436 2 9437 15 9438 18
u9437 2 9438 18 9439 10
u9438 2 9439 4 9440 18
u9439 2 9440 9 9441 3
u9440 2 9441 9 9442 12
u9441 2 9442 -1 9443 13
u9442 2 9443 16 9444 13
u9443 2 9444 5 9445 12
u9444 2 9445 7 9446 1
u9445 2 9446 2 9447 -6
u9446 2 9447 8 9448 17
u9447 2 9448 8 9449 4
u9448 2 9449 1 9450 4
u9449 2 9450 -2 9451 15
u9450 2 9451 4 9452 17
u9451 2 9452 9 9453 19
u9452 2 9453 20 9454 7
u9453 2 9454 9 9455 15
u9454 2 9455 3 9456 17
u9455 2 9456 14 9457 14
u9456 2 9457 10 9458 -6
u9457 2 9458 9 9459 20
u9458 2 9459 8 9460 18
u9459 2 9460 13 9461 11
u9460 2 9461 15 9462 -15
u9461 2 9462 2 9463 7
u9462 2 9463 1 9464 6
u9463 2 9464 -10 9465 6
u9464 2 9465 12 9466 11
u9465 2 9466 6 9467 5
u9466 2 9467 11 9468 8
u9467 2 9468 17 9469 5
u9468 2 9469 11 9470 15
u9469 2 9470 10 9471 3
u9470 2 9471 6 9472 7
u9471 2 9472 1 9473 12
u9472 2 9473 20 9474 3
u9473 2 9474 2 9475 9
u9474 2 9475 1 9476 7
u9475 2 9476 -2 9477 17
u9476 2 9477 -16 9478 -17
u9477 2 9478 12 9479 6
u9478 2 9479 7 9480 13
u9479 2 9480 17 9481 8
u9480 2 9481 16 9482 2
u9481 2 9482 20 9483 6
u9482 2 9483 10 9484 -15
u9483 2 9484 -7 9485 3
u9484 2 9485 2 9486 10
u9485 2 9486 16 9487 18
u9486 2 9487 3 9488 8
u9487 2 9488 9 9489 10
u9488 2 9489 7 9490 11
u9489 2 9490 1 9491 6
u9490 2 9491 3 9492 19
u9491 2 9492 16 9493 6
u9492 2 9493 14 9494 18
u9493 2 9494 3 9495 5
u9494 2 9495 6 9496 12
u9495 2 9496 1 9497 17
u9496 2 9497 2 9498 3
u9497 2 9498 11 9499 6
u9498 2 9499 7 9500 4
u9499 2 9500 13 9501 8
u9500 2 9501 3 9502 8
u9501 2 9502 8 9503 16
u9502 2 9503 17 9504 13
u9503 2 9504 2 9505 3
u9504 2 9505 11 9506 2
u9505 2 9506 20 9507 6
u9506 2 9507 2 9508 18
u9507 2 9508 7 9509 15
u9508 2 9509 6 9510 14
u9509 2 9510 11 9511 7
u9510 2 9511 11 9512 18
u9511 2 9512 11 9513 6
u9512 2 9513 1 9514 4
u9513 2 9514 4 9515 2
u9514 2 9515 1 9516 5
u9515 2 9516 1 9517 20
u9516 2 9517 17 9518 14
u9517 2 9518 16 9519 10
u9518 2 9519 20 9520 8
u9519 2 9520 12 9521 15
u9520 2 9521 16 9522 1
u9521 2 9522 1 9523 14
u9522 2 9523 19 9524 5
u9523 2 9524 20 9525 7
u9524 2 9525 14 9526 5
u9525 2 9526 12 9527 20
u9526 2 9527 9 9528 4
u9527 2 9528 18 9529 5
u9528 2 9529 9 9530 17
u9529 2 9530 13 9531 1
u9530 2 9531 4 9532 13
u9531 2 9532 19 9533 7
u9532 2 9533 5 9534 15
u9533 2 9534 14 9535 11
u9534 2 9535 5 9536 3
u9535 2 9536 12 9537 18
u9536 2 9537 3 9538 7
u9537 2 9538 12 9539 13
u9538 2 9539 9 9540 7
u9539 2 9540 10 9541 6
u9540 2 9541 1 9542 8
u9541 2 9542 7 9543 9
u9542 2 9543 8 9544 16
u9543 2 9544 10 9545 20
u9544 2 9545 -2 9546 8
u9545 2 9546 16 9547 20
u9546 2 9547 5 9548 13
u9547 2 9548 13 9549 18
u9548 2 9549 10 9550 16
u9549 2 9550 13 9551 15
u9550 2 9551 3 9552 2
u9551 2 9552 12 9553 8
u9552 2 9553 7 9554 12
u9553 2 9554 15 9555 11
u9554 2 9555 12 9556 12
u9555 2 9556 17 9557 12
u9556 2 9557 4 9558 2
u9557 2 9558 10 9559 20
u9558 2 9559 1 9560 4
u9559 2 9560 19 9561 18
u9560 2 9561 17 9562 19
u9561 2 9562 8 9563 5
u9562 2 9563 18 9564 7
u9563 2 9564 17 9565 8
u9564 2 9565 -19 9566 11
u9565 2 9566 2 9567 14
u9566 2 9567 6 9568 19
u9567 2 9568 19 9569 10
u9568 2 9569 8 9570 12
u9569 2 9570 16 9571 8
u9570 2 9571 16 9572 4
u9571 2 9572 17 9573 6
u9572 2 9573 4 9574 15
u9573 2 9574 19 9575 7
u9574 2 9575 15 9576 15
u9575 2 9576 6 9577 4
u9576 2 9577 17 9578 17
u9577 2 9578 13 9579 6
u9578 2 9579 10 9580 17
u9579 2 9580 10 9581 5
u9580 2 9581 7 9582 18
u9581 2 9582 7 9583 -13
u9582 2 9583 6 9584 16
u9583 2 9584 2 9585 19
u9584 2 9585 11 9586 -4
u9585 2 9586 -18 9587 4
u9586 2 9587 -10 9588 15
u9587 2 9588 3 9589 7
u9588 2 9589 6 9590 16
u9589 2 9590 18 9591 2
u9590 2 9591 1 9592 9
u9591 2 9592 18 9593 16
u9592 2 9593 18 9594 14
u9593 2 9594 8 9595 10
u9594 2 9595 6 9596 10
u9595 2 9596 16 9597 10
u9596 2 9597 15 9598 20
u9597 2 9598 18 9599 15
u9598 2 9599 8 9600 4
u9599 2 9600 14 9601 16
u9600 2 9601 -18 9602 11
u9601 2 9602 1 9603 20
u9602 2 9603 1 9604 2
u9603 2 9604 10 9605 7
u9604 2 9605 5 9606 19
u9605 2 9606 17 9607 3
u9606 2 9607 10 9608 15
u9607 2 9608 -15 9609 8
u9608 2 9609 12 9610 -18
u9609 2 9610 8 9611 1
u9610 2 9611 3 9612 7
u9611 2 9612 12 9613 17
u9612 2 9613 5 9614 -17
u9613 2 9614 18 9615 4
u9614 2 9615 19 9616 3
u9615 2 9616 16 9617 19
u9616 2 9617 11 9618 17
u9617 2 9618 1 9619 3
u9618 2 9619 1 9620 20
u9619 2 9620 10 9621 14
u9620 2 9621 14 9622 18
u9621 2 9622 6 9623 4
u9622 2 9623 19 9624 -4
u9623 2 9624 1 9625 12
u9624 2 9625 12 9626 2
u9625 2 9626 1 9627 12
u9626 2 9627 14 9628 10
u9627 2 9628 -4 9629 8
u9628 2 9629 8 9630 10
u9629 2 9630 8 9631 20
u9630 2 9631 15 9632 17
u9631 2 9632 15 9633 6
u9632 2 9633 6 9634 -14
u9633 2 9634 11 9635 5
u9634 2 9635 2 9636 10
u9635 2 9636 19 9637 13
u9636 2 9637 7 9638 8
u9637 2 9638 4 9639 16
u9638 2 9639 18 9640 20
u9639 2 9640 1 9641 10
u9640 2 9641 5 9642 9
u9641 2 9642 7 9643 14
u9642 2 9643 10 9644 5
u9643 2 9644 10 9645 19
u9644 2 9645 -4 9646 10
u9645 2 9646 10 9647 4
u9646 2 9647 8 9648 15
u9647 2 9648 19 9649 8
u9648 2 9649 1 9650 11
u9649 2 9650 14 9651 14
u9650 2 9651 9 9652 6
u9651 2 9652 18 9653 18
u9652 2 9653 18 9654 10
u9653 2 9654 19 9655 7
u9654 2 9655 10 9656 7
u9655 2 9656 18 9657 12
u9656 2 9657 3 9658 3
u9657 2 9658 19 9659 19
u9658 2 9659 11 9660 8
u9659 2 9660 1 9661 8
u9660 2 9661 -5 9662 17
u9661 2 9662 14 9663 -11
u9662 2 9663 19 9664 20
u9663 2 9664 13 9665 5
u9664 2 9665 2 9666 3
u9665 2 9666 10 9667 3
u9666 2 9667 5 9668 18
u9667 2 9668 2 9669 8
u9668 2 9669 10 9670 18
u9669 2 9670 12 9671 10
u9670 2 9671 19 9672 10
u9671 2 9672 8 9673 20
u9672 2 9673 6 9674 13
u9673 2 9674 16 9675 11
u9674 2 9675 18 9676 13
u9675 2 9676 2 9677 -1
u9676 2 9677 16 9678 11
u9677 2 9678 3 9679 1
u9678 2 9679 19 9680 20
u9679 2 9680 8 9681 14
u9680 2 9681 12 9682 10
u9681 2 9682 16 9683 19
u9682 2 9683 2 9684 13
u9683 2 9684 3 9685 4
u9684 2 9685 11 9686 14
u9685 2 9686 1 9687 15
u9686 2 9687 9 9688 -20
u9687 2 9688 8 9689 5
u9688 2 9689 3 9690 18
u9689 2 9690 6 9691 11
u9690 2 9691 2 9692 6
u9691 2 9692 20 9693 9
u9692 2 9693 4 9694 5
u9693 2 9694 10 9695 2
u9694 2 9695 4 9696 12
u9695 2 9696 -8 9697 5
u9696 2 9697 11 9698 4
u9697 2 9698 2 9699 14
u9698 2 9699 17 9700 7
u9699 2 9700 9 9701 12
u9700 2 9701 10 9702 14
u9701 2 9702 8 9703 16
u9702 2 9703 17 9704 5
u9703 2 9704 12 9705 12
u9704 2 9705 5 9706 18
u9705 2 9706 5 9707 14
u9706 2 9707 15 9708 9
u9707 2 9708 7 9709 8
u9708 2 9709 13 9710 5
u9709 2 9710 17 9711 3
u9710 2 9711 10 9712 -2
u9711 2 9712 13 9713 16
u9712 2 9713 16 9714 18
u9713 2 9714 14 9715 5
u9714 2 9715 20 9716 1
u9715 2 9716 9 9717 -10
u9716 2 9717 6 9718 16
u9717 2 9718 1 9719 1
u9718 2 9719 14 9720 13
u9719 2 9720 2 9721 19
u9720 2 9721 12 9722 1
u9721 2 9722 18 9723 16
u9722 2 9723 17 9724 13
u9723 2 9724 7 9725 7
u9724 2 9725 4 9726 9
u9725 2 9726 14 9727 15
u9726 2 9727 6 9728 4
u9727 2 9728 8 9729 19
u9728 2 9729 13 9730 7
u9729 2 9730 3 9731 2
u9730 2 9731 5 9732 9
u9731 2 9732 9 9733 12
u9732 2 9733 7 9734 10
u9733 2 9734 6 9735 12
u9734 2 9735 20 9736 5
u9735 2 9736 17 9737 1
u9736 2 9737 16 9738 15
u9737 2 9738 11 9739 5
u9738 2 9739 17 9740 7
u9739 2 9740 16 9741 12
u9740 2 9741 19 9742 13
u9741 2 9742 12 9743 -2
u9742 2 9743 18 9744 18
u9743 2 9744 3 9745 20
u9744 2 9745 12 9746 15
u9745 2 9746 14 9747 7
u9746 2 9747 -15 9748 13
u9747 2 9748 12 9749 14
u9748 2 9749 1 9750 3
u9749 2 9750 17 9751 19
u9750 2 9751 4 9752 7
u9751 2 9752 18 9753 14
u9752 2 9753 14 9754 5
u9753 2 9754 11 9755 10
u9754 2 9755 9 9756 9
u9755 2 9756 11 9757 13
u9756 2 9757 16 9758 19
u9757 2 9758 16 9759 16
u9758 2 9759 5 9760 18
u9759 2 9760 4 9761 13
u9760 2 9761 1 9762 2
u9761 2 9762 18 9763 20
u9762 2 9763 7 9764 5
u9763 2 9764 3 9765 18
u9764 2 9765 13 9766 3
u9765 2 9766 13 9767 17
u9766 2 9767 17 9768 1
u9767 2 9768 3 9769 6
u9768 2 9769 1 9770 6
u9769 2 9770 19 9771 17
u9770 2 9771 11 9772 6
u9771 2 9772 19 9773 17
u9772 2 9773 2 9774 5
u9773 2 9774 16 9775 2
u9774 2 9775 12 9776 2
u9775 2 9776 19 9777 1
u9776 2 9777 -6 9778 5
u9777 2 9778 18 9779 19
u9778 2 9779 19 9780 7
u9779 2 9780 4 9781 6
u9780 2 9781 13 9782 10
u9781 2 9782 18 9783 2
u9782 2 9783 15 9784 15
u9783 2 9784 6 9785 6
u9784 2 9785 1 9786 10
u9785 2 9786 4 9787 4
u9786 2 9787 7 9788 18
u9787 2 9788 4 9789 13
u9788 2 9789 6 9790 6
u9789 2 9790 14 9791 3
u9790 2 9791 16 9792 5
u9791 2 9792 14 9793 16
u9792 2 9793 17 9794 19
u9793 2 9794 9 9795 14
u9794 2 9795 9 9796 5
u9795 2 9796 1 9797 17
u9796 2 9797 7 9798 9
u9797 2 9798 9 9799 7
u9798 2 9799 2 9800 15
u9799 2 9800 15 9801 5
u9800 2 9801 10 9802 14
u9801 2 9802 11 9803 7
u9802 2 9803 15 9804 5
u9803 2 9804 15 9805 8
u9804 2 9805 18 9806 10
u9805 2 9806 13 9807 15
u9806 2 9807 6 9808 3
u9807 2 9808 19 9809 7
u9808 2 9809 9 9810 12
u9809 2 9810 12 9811 4
u9810 2 9811 16 9812 18
u9811 2 9812 12 9813 12
u9812 2 9813 11 9814 3
u9813 2 9814 8 9815 2
u9814 2 9815 14 9816 3
u9815 2 9816 8 9817 15
u9816 2 9817 5 9818 9
u9817 2 9818 7 9819 4
u9818 2 9819 9 9820 20
u9819 2 9820 15 9821 10
u9820 2 9821 20 9822 10
u9821 2 9822 2 9823 6
u9822 2 9823 17 9824 12
u9823 2 9824 17 9825 5
u9824 2 9825 10 9826 20
u9825 2 9826 -1 9827 1
u9826 2 9827 9 9828 10
u9827 2 9828 9 9829 1
u9828 2 9829 7 9830 16
u9829 2 9830 9 9831 13
u9830 2 9831 12 9832 6
u9831 2 9832 7 9833 20
u9832 2 9833 17 9834 2
u9833 2 9834 17 9835 13
u9834 2 9835 16 9836 18
u9835 2 9836 11 9837 -15
u9836 2 9837 8 9838 13
u9837 2 9838 15 9839 5
u9838 2 9839 18 9840 13
u9839 2 9840 12 9841 6
u9840 2 9841 1 9842 4
u9841 2 9842 11 9843 13
u9842 2 9843 14 9844 14
u9843 2 9844 10 9845 2
u9844 2 9845 9 9846 8
u9845 2 9846 20 9847 4
u9846 2 9847 7 9848 17
u9847 2 9848 11 9849 17
u9848 2 9849 6 9850 8
u9849 2 9850 15 9851 1
u9850 2 9851 12 9852 15
u9851 2 9852 2 9853 15
u9852 2 9853 16 9854 3
u9853 2 9854 14 9855 3
u9854 2 9855 3 9856 5
u9855 2 9856 5 9857 2
u9856 2 9857 8 9858 15
u9857 2 9858 10 9859 1
u9858 2 9859 1 9860 1
u9859 2 9860 1 9861 10
u9860 2 9861 20 9862 16
u9861 2 9862 11 9863 1
u9862 2 9863 7 9864 -18
u9863 2 9864 8 9865 13
u9864 2 9865 4 9866 20
u9865 2 9866 15 9867 4
u9866 2 9867 2 9868 3
u9867 2 9868 1 9869 3
u9868 2 9869 2 9870 8
u9869 2 9870 18 9871 -4
u9870 2 9871 14 9872 12
u9871 2 9872 19 9873 18
u9872 2 9873 -5 9874 5
u9873 2 9874 6 9875 4
u9874 2 9875 1 9876 15
u9875 2 9876 13 9877 -14
u9876 2 9877 8 9878 11
u9877 2 9878 20 9879 2
u9878 2 9879 13 9880 3
u9879 2 9880 2 9881 4
u9880 2 9881 20 9882 4
u9881 2 9882 8 9883 11
u9882 2 9883 20 9884 11
u9883 2 9884 6 9885 2
u9884 2 9885 13 9886 13
u9885 2 9886 4 9887 20
u9886 2 9887 14 9888 3
u9887 2 9888 18 9889 8
u9888 2 9889 8 9890 18
u9889 2 9890 20 9891 2
u9890 2 9891 7 9892 8
u9891 2 9892 3 9893 12
u9892 2 9893 2 9894 17
u9893 2 9894 6 9895 10
u9894 2 9895 3 9896 7
u9895 2 9896 2 9897 6
u9896 2 9897 13 9898 3
u9897 2 9898 14 9899 9
u9898 2 9899 17 9900 14
u9899 2 9900 12 9901 16
u9900 2 9901 5 9902 4
u9901 2 9902 18 9903 8
u9902 2 9903 4 9904 20
u9903 2 9904 10 9905 18
u9904 2 9905 7 9906 3
u9905 2 9906 7 9907 15
u9906 2 9907 1 9908 12
u9907 2 9908 1 9909 -6
u9908 2 9909 9 9910 7
u9909 2 9910 1 9911 5
u9910 2 9911 7 9912 14
u9911 2 9912 7 9913 20
u9912 2 9913 15 9914 1
u9913 2 9914 2 9915 14
u9914 2 9915 14 9916 4
u9915 2 9916 15 9917 6
u9916 2 9917 14 9918 15
u9917 2 9918 6 9919 19
u9918 2 9919 6 9920 5
u9919 2 9920 12 9921 20
u9920 2 9921 4 9922 14
u9921 2 9922 7 9923 12
u9922 2 9923 1 9924 4
u9923 2 9924 17 9925 7
u9924 2 9925 1 9926 3
u9925 2 9926 2 9927 -20
u9926 2 9927 4 9928 -9
u9927 2 9928 5 9929 17
u9928 2 9929 6 9930 7
u9929 2 9930 7 9931 14
u9930 2 9931 20 9932 9
u9931 2 9932 4 9933 6
u9932 2 9933 5 9934 6
u9933 2 9934 19 9935 17
u9934 2 9935 2 9936 10
u9935 2 9936 2 9937 20
u9936 2 9937 14 9938 2
u9937 2 9938 5 9939 4
u9938 2 9939 15 9940 19
u9939 2 9940 6 9941 15
u9940 2 9941 6 9942 11
u9941 2 9942 19 9943 13
u9942 2 9943 7 9944 3
u9943 2 9944 20 9945 17
u9944 2 9945 15 9946 7
u9945 2 9946 5 9947 18
u9946 2 9947 8 9948 2
u9947 2 9948 1 9949 18
u9948 2 9949 9 9950 15
u9949 2 9950 6 9951 14
u9950 2 9951 7 9952 5
u9951 2 9952 18 9953 20
u9952 2 9953 17 9954 -20
u9953 2 9954 3 9955 19
u9954 2 9955 1 9956 5
u9955 2 9956 1 9957 11
u9956 2 9957 13 9958 2
u9957 2 9958 10 9959 -6
u9958 2 9959 3 9960 12
u9959 2 9960 9 9961 17
u9960 2 9961 5 9962 15
u9961 2 9962 8 9963 9
u9962 2 9963 17 9964 10
u9963 2 9964 4 9965 18
u9964 2 9965 18 9966 16
u9965 2 9966 13 9967 7
u9966 2 9967 17 9968 20
u9967 2 9968 8 9969 7
u9968 2 9969 18 9970 18
u9969 2 9970 15 9971 10
u9970 2 9971 17 9972 3
u9971 2 9972 16 9973 14
u9972 2 9973 9 9974 1
u9973 2 9974 7 9975 3
u9974 2 9975 12 9976 8
u9975 2 9976 3 9977 11
u9976 2 9977 12 9978 19
u9977 2 9978 17 9979 19
u9978 2 9979 11 9980 17
u9979 2 9980 1 9981 4
u9980 2 9981 12 9982 20
u9981 2 9982 18 9983 7
u9982 2 9983 1 9984 10
u9983 2 9984 6 9985 1
u9984 2 9985 19 9986 10
u9985 2 9986 13 9987 3
u9986 2 9987 1 9988 8
u9987 2 9988 13 9989 16
u9988 2 9989 18 9990 18
u9989 2 9990 8 9991 10
u9990 2 9991 2 9992 16
u9991 2 9992 2 9993 17
u9992 2 9993 20 9994 5
u9993 2 9994 3 9995 12
u9994 2 9995 7 9996 7
u9995 2 9996 6 9997 14
u9996 2 9997 16 9998 15
u9997 2 9998 8 9999 10
u9998 2 9999 6 0 3
u9999 2 0 14 1 19
SOURCE 0
