10000 30000
0 15 1 89 3 38 4 95 212 24 306 1 6230 24 6807 68 7861 87 1673 90 8026 55 9662 63 5808 7 371 85 5711 44 6838 49
1 16 0 89 2 49 5 85 9 94 23 11 194 19 276 52 341 71 360 41 831 4 1054 76 780 69 6897 7 8363 16 1415 97 3845 2
2 17 1 49 7 88 15 51 28 27 33 63 88 19 158 51 963 50 1046 45 2455 89 4056 79 8601 74 8996 6 4081 49 129 81 4414 46 9528 6
3 15 0 38 120 29 126 85 340 17 2758 11 5844 13 6978 47 4363 49 1141 84 8959 79 2498 25 3309 28 5791 16 5039 64 4339 44
4 10 0 95 37 57 73 48 131 33 681 87 9539 66 7162 41 3737 19 1726 36 5738 73
5 10 1 85 6 41 13 26 35 94 57 15 418 83 233 51 6347 40 8105 96 1848 98
6 11 5 41 8 62 10 96 129 53 318 42 646 60 1135 25 7216 71 7741 73 8005 62 3297 2
7 10 2 88 11 92 29 20 46 3 6378 73 1836 13 2125 83 3020 55 1160 67 5435 88
8 10 6 62 16 27 82 37 182 90 321 35 1397 58 1878 30 4594 11 1819 56 6742 33
9 9 1 94 14 24 18 35 19 69 474 55 590 65 4108 56 6766 5 8093 30
10 8 6 96 693 56 2404 11 3047 51 3363 59 8591 56 8709 55 5010 35
11 13 7 92 12 19 36 66 480 92 1510 42 6633 49 6765 28 3098 60 6491 59 1936 9 7875 33 2593 84 5632 63
12 7 11 19 20 83 184 98 246 74 3954 11 8465 34 1301 84
13 9 5 26 27 26 55 12 173 66 1925 39 2135 2 9071 55 764 89 321 42
14 15 9 24 30 8 127 75 226 86 244 28 692 58 2937 64 6175 49 708 50 2240 3 4668 27 8678 66 20 70 964 26 3615 55
15 13 2 51 17 70 22 66 54 75 290 72 326 62 530 61 4763 85 6681 77 3967 50 9780 75 1824 34 4220 83
16 13 8 27 24 7 48 34 67 37 68 76 85 43 91 82 1196 95 9753 13 3721 99 2639 89 2446 39 2861 85
17 18 15 70 21 18 31 65 39 42 95 68 1622 25 4564 83 5514 10 5825 16 425 26 4310 24 9578 18 9862 61 8810 23 9831 23 1648 34 6852 99 2327 29
18 9 9 35 499 67 1283 87 4094 44 8954 38 5004 76 9489 40 7338 24 1702 57
19 7 9 69 199 60 352 85 390 16 6986 98 7461 43 1603 31
20 8 12 83 44 1 144 91 200 35 473 2 597 11 55 58 14 70
21 20 17 18 25 30 26 99 32 20 65 7 524 67 1907 62 2017 97 5629 25 8504 41 9266 4 9449 6 6411 41 5924 74 9231 9 143 8 1792 72 8240 3 4753 79 1356 84
22 11 15 66 52 30 288 46 2913 40 3419 63 39 24 6294 89 48 50 9161 69 4952 14 637 38
23 12 1 11 214 4 376 72 8409 79 9060 100 4962 55 6909 73 6697 29 304 95 2956 40 78 59 245 51
24 15 16 7 69 60 81 13 616 55 2954 71 4633 21 5975 34 4478 44 824 67 3610 31 1785 69 9751 99 1048 77 8743 44 8689 98
25 7 21 30 169 41 5179 54 4037 28 9990 98 2345 17 147 17
26 11 21 99 40 100 104 96 229 43 249 22 254 83 6007 88 9421 30 3381 83 9071 67 6080 48
27 14 13 26 34 34 174 55 295 81 2319 95 4541 43 7756 61 1604 70 642 97 129 64 1792 28 1080 52 7389 69 1363 14
28 11 2 27 43 32 53 19 333 22 8531 1 4390 80 4668 37 1636 73 8970 41 913 60 3817 89
29 16 7 20 63 87 79 44 175 98 537 90 603 46 3891 29 4549 88 8181 6 9510 4 4188 54 4320 92 2382 44 1728 35 4533 48 9530 51
30 9 14 8 38 35 47 22 100 94 163 71 4608 58 170 41 6395 8 1337 64
31 11 17 65 89 35 298 19 302 59 642 67 813 79 1145 36 4495 13 412 58 1866 56 8680 87
32 13 21 20 648 93 3453 10 3931 8 8853 76 1592 8 8941 86 5248 72 3386 37 1686 56 7781 55 2965 76 8867 20
33 12 2 63 62 70 426 2 789 17 893 56 8355 74 3976 44 5358 66 2571 23 3170 89 4465 74 8446 48
34 12 27 34 42 76 50 30 208 84 243 37 469 17 714 86 1462 56 1499 39 9837 68 2007 36 354 72
35 14 5 94 41 46 45 3 49 88 92 55 110 51 111 60 362 32 2074 93 6467 82 193 19 4514 65 1263 40 5705 66
36 10 11 66 98 73 1638 71 1850 4 3072 31 9113 96 7108 94 3959 39 3555 58 3860 92
37 9 4 57 162 61 547 39 1025 39 1049 37 1073 2 1281 11 5314 1 8796 3
38 10 30 35 77 3 7958 90 528 33 4673 87 276 98 3379 11 8427 71 1598 50 328 49
39 14 17 42 59 45 364 64 392 42 1149 10 1349 66 1493 24 4625 40 5777 39 6361 3 6713 50 22 24 5429 17 1225 39
40 8 26 100 297 45 4952 56 9145 2 8399 2 467 48 3534 26 6619 22
41 7 35 46 183 14 449 41 1840 69 643 100 163 44 4113 84
42 7 34 76 84 20 406 31 737 1 9141 45 1813 48 4762 30
43 13 28 32 51 1 103 12 118 48 137 8 436 55 3035 3 5725 23 734 34 6768 33 6500 88 4444 3 3636 28
44 13 20 1 58 89 78 99 80 70 1664 67 2464 15 7027 28 1903 33 5090 43 6448 42 8720 94 9671 8 5450 67
45 11 35 3 99 66 133 64 2413 91 2843 31 4727 26 6503 93 2138 7 6588 12 3085 26 423 5
46 9 7 3 56 53 1241 75 1851 75 5480 39 5011 14 6474 76 9819 73 9239 49
47 11 30 22 64 100 555 79 3800 2 4043 57 4756 78 5182 92 9660 31 1467 19 8039 63 7350 49
48 10 16 34 204 91 234 38 451 61 2214 15 3546 60 9738 28 9539 72 22 50 1545 86
49 10 35 88 70 9 153 45 669 46 1675 64 2556 18 5451 64 6667 45 2697 44 3694 59
50 17 34 30 60 33 66 71 86 67 138 86 171 11 257 73 1508 30 4827 4 5078 21 7076 70 9485 95 5972 23 7681 38 1061 99 7154 24 4243 94
51 12 43 1 71 78 225 76 248 24 722 61 1239 5 4103 42 1662 12 486 38 6299 42 6282 38 7898 30
52 14 22 30 93 78 105 65 139 58 618 39 927 67 1595 65 1776 22 2358 7 2692 99 5027 22 114 38 2684 71 2658 18
53 14 28 19 61 34 114 89 349 14 536 32 3270 92 5440 87 9852 45 9173 63 8078 50 896 85 7258 87 9681 78 6228 89
54 13 15 75 87 55 1690 21 1725 58 3634 56 4062 47 5964 69 1917 13 6742 72 7646 48 1914 92 3549 9 1646 13
55 10 13 12 191 28 654 17 668 35 2108 24 2615 67 857 47 20 58 1593 50 6948 23
56 8 46 53 83 39 223 61 736 65 8040 59 6508 22 3952 67 9670 50
57 10 5 15 420 22 439 10 2836 48 6965 86 5086 88 7692 65 8910 60 388 53 396 27
58 21 44 89 90 84 113 69 167 79 181 40 201 81 310 2 346 90 1108 70 1658 82 3537 39 7104 63 8720 69 3149 19 4344 2 4775 61 3276 14 9101 86 8055 43 3362 6 9193 67
59 7 39 45 74 4 791 21 1124 44 3581 31 653 66 6156 47
60 10 50 33 984 79 1616 11 1695 70 2823 53 9861 28 2530 96 970 1 7699 30 8502 23
61 8 53 34 661 17 696 23 8046 61 9576 9 8007 44 9892 45 8286 98
62 21 33 70 76 99 94 51 107 95 108 78 125 57 161 76 193 5 432 57 1114 83 1982 2 3622 99 9679 63 6621 66 8127 11 4716 7 3553 54 8544 93 2264 38 7713 89 7822 43
63 12 29 87 312 71 342 13 1014 76 1355 22 1490 25 2765 75 4282 62 5923 88 566 64 7312 80 5045 65
64 7 47 100 176 15 221 74 905 92 3676 18 5429 54 709 72
65 9 21 7 134 51 502 57 1792 59 6844 72 7473 77 9833 36 7772 16 4021 62
66 14 50 71 128 64 155 76 770 13 979 47 1243 19 7155 76 6967 30 7891 30 4699 76 6162 88 2406 8 8174 39 8322 78
67 9 16 37 72 90 394 47 766 23 1209 47 6075 8 8342 2 8755 35 7623 24
68 14 16 76 117 97 149 38 156 61 410 36 2299 92 2320 8 3562 99 6823 39 763 65 7622 18 5297 44 6487 98 1531 75
69 14 24 60 416 90 1175 63 1251 91 1305 87 1430 69 1545 48 5464 57 3192 91 7239 1 6579 34 8638 3 1513 47 2120 3
70 12 49 9 319 68 889 24 2825 32 2286 48 575 3 2261 56 2467 21 3139 83 518 99 9444 70 8596 11
71 9 51 78 151 8 267 79 1867 44 2112 61 9152 46 4965 92 1831 33 236 33
72 12 67 90 400 47 1356 67 1853 9 2316 86 9033 15 4741 30 8016 48 9766 29 1453 15 1818 98 839 76
73 14 4 48 97 85 206 68 207 61 520 98 552 15 796 17 1472 66 2052 99 7950 24 4626 91 6128 60 599 40 5804 77
74 9 59 4 75 91 372 61 409 79 607 73 1940 74 2139 36 8077 70 6281 2
75 7 74 91 135 40 1298 69 7532 6 4479 75 4897 82 2148 72
76 6 62 99 159 28 222 44 941 90 3355 21 6786 66
77 13 38 3 109 36 146 41 1029 44 1446 31 3309 96 7318 9 1113 37 5990 37 1553 53 9965 39 9301 71 4928 94
78 13 44 99 112 62 177 94 569 95 611 7 1077 66 1667 33 2793 36 9644 14 8853 21 23 59 8537 41 9124 6
79 7 29 44 101 41 995 90 8492 83 7731 48 1720 74 5586 36
80 5 44 70 143 30 393 45 1274 58 2570 59
81 12 24 13 152 91 308 56 437 6 479 36 1233 54 3101 34 4410 63 3742 29 1391 69 7631 92 8321 84
82 10 8 37 3659 58 8234 21 598 24 5770 56 527 64 2054 46 4227 8 4489 62 7162 11
83 4 56 39 1076 55 4150 49 1442 52
84 9 42 20 1106 27 9765 8 9624 77 7413 100 4526 94 1856 82 1715 2 1422 37
85 13 16 43 356 40 649 98 687 5 1787 31 2037 64 3738 67 4204 100 6553 33 99 21 8945 61 4995 51 4549 52
86 8 50 67 132 5 351 90 663 72 5799 91 7222 23 9025 26 1461 57
87 7 54 55 671 69 1815 76 3187 34 5745 53 9523 60 5487 20
88 7 2 19 236 3 1688 63 8068 99 3745 8 4220 63 7052 97
89 13 31 35 121 8 165 50 1642 70 1375 22 1522 52 5019 8 4866 45 9806 8 9359 85 5846 57 780 63 2598 95
90 14 58 84 106 89 644 20 1226 16 1451 76 1465 47 1591 27 6834 59 9501 36 4419 42 8810 60 3287 26 7670 55 7854 59
91 7 16 82 1533 53 6155 35 3187 26 2494 27 8644 73 8322 4
92 12 35 55 2646 7 8210 32 8871 96 6395 6 8211 66 5805 59 1054 32 6963 27 8565 2 1305 21 8872 25
93 10 52 78 2718 8 2498 93 2416 19 7207 45 2430 77 1337 86 9007 37 1136 93 5304 64
94 16 62 51 96 8 130 99 245 76 1890 89 1896 91 2005 83 3404 10 4309 1 4715 31 4993 18 7582 46 9891 53 2665 43 9854 24 1770 45
95 7 17 68 269 14 639 80 676 51 1486 94 4768 79 2667 10
96 11 94 8 213 61 235 84 423 58 1171 75 2652 41 6655 10 4169 81 494 55 311 25 8279 61
97 11 73 85 102 72 384 64 852 25 1657 92 1696 48 8655 69 1355 46 4556 4 7332 76 5916 67
98 17 36 73 115 7 314 45 477 47 1214 90 2095 37 2374 54 2846 19 3541 57 9086 87 1031 95 2737 69 1365 96 4465 6 5375 79 9340 27 2310 90
99 15 45 66 140 85 1294 73 1781 46 1934 22 3009 54 6441 28 3196 55 85 21 5261 34 3846 63 5354 49 7388 42 900 98 4836 8
100 5 30 94 227 40 335 93 840 5 1383 37
101 16 79 41 119 12 217 72 289 65 304 52 2110 2 6939 84 7030 64 8002 22 1263 21 4462 41 8346 11 798 97 2366 41 5289 88 3290 38
102 13 97 72 343 41 3743 13 3802 70 7066 74 7795 19 9670 54 5951 57 1530 28 992 75 5797 73 3538 35 4617 62
103 10 43 12 1137 27 1345 29 2494 50 3217 92 4684 14 8464 65 3500 100 296 35 4388 14
104 8 26 96 417 78 2810 87 9433 47 4135 93 8004 87 7199 77 397 23
105 12 52 65 190 78 856 13 2267 63 5637 57 6113 9 8641 28 7218 10 9319 59 9827 44 2846 23 5674 53
106 11 90 89 154 30 233 55 252 8 287 87 1563 18 3590 80 782 63 1304 11 9081 99 7808 83
107 9 62 95 166 18 192 18 475 94 2431 94 2445 13 5846 70 438 63 1263 65
108 6 62 78 777 41 1551 23 4463 45 9932 26 5006 55
109 9 77 36 468 77 489 86 634 90 775 63 921 46 1868 67 7398 45 935 62
110 6 35 51 116 79 123 58 433 46 6689 59 2338 34
111 8 35 60 150 33 3174 55 7530 18 3274 38 1716 73 3559 34 1531 100
112 7 78 62 1678 41 3488 44 7467 60 7287 73 4695 91 4777 41
113 11 58 69 122 15 1055 66 2505 62 6706 39 7781 7 3370 61 1406 2 135 15 5246 63 4375 73
114 7 53 89 147 13 170 3 483 81 6683 66 52 38 9279 45
115 9 98 7 357 98 1127 79 1673 2 2266 39 4546 88 7038 6 7722 49 5953 75
116 5 110 79 148 18 914 25 4948 20 5831 89
117 10 68 97 124 86 2022 7 6425 47 6835 95 1321 3 6588 80 8829 11 6622 100 1513 68
118 14 43 48 157 22 164 44 220 92 280 44 301 61 404 98 664 61 4354 66 3479 26 8207 64 286 84 4620 17 2166 41
119 10 101 12 368 64 385 66 824 5 1828 23 3609 41 9795 88 9524 2 8770 7 8886 33
120 12 3 29 325 23 814 61 2475 65 2892 54 6381 14 8522 73 3394 99 7066 78 9865 91 1273 1 2692 20
121 7 89 8 822 85 1018 72 1790 26 3856 59 2114 64 7637 10
122 7 113 15 320 87 565 83 5625 63 8232 1 1219 41 405 60
123 7 110 58 610 97 2191 25 2990 64 3528 91 5952 61 1352 30
124 9 117 86 742 15 3393 61 8576 49 9351 15 1612 26 6850 18 3889 6 1504 87
125 8 62 57 136 70 396 13 398 20 628 60 950 61 984 45 842 31
126 11 3 85 241 8 575 96 3132 100 3401 45 7134 19 9460 14 556 34 6640 94 3871 16 2368 72
127 5 14 75 232 75 599 51 2573 95 7385 66
128 15 66 64 260 67 307 34 379 72 936 6 2101 9 3621 75 5906 52 9991 21 2251 3 5905 35 2290 20 3550 6 4213 23 1477 87
129 17 6 53 145 98 270 73 659 84 4699 52 2444 26 5141 82 3727 59 2638 86 4116 25 9065 8 27 64 2 81 3613 66 7252 39 9869 43 5900 68
130 6 94 99 1926 95 2879 79 4263 40 8523 36 9245 43
131 12 4 33 453 28 1020 72 7231 17 8543 96 5459 100 157 75 7164 14 8000 64 749 3 5381 58 9024 22
132 6 86 5 202 29 621 91 3328 91 2551 61 5908 44
133 9 45 64 559 29 810 20 1217 7 6558 54 8412 41 2120 19 7919 48 7853 27
134 13 65 51 141 64 142 79 242 3 787 4 1344 28 7934 96 5546 27 3986 64 7027 12 7084 87 7215 28 2403 48
135 8 75 40 507 73 2355 7 2447 90 2637 99 113 15 5365 82 8291 25
136 17 125 70 210 70 1471 93 1580 48 2599 42 4775 63 6198 53 8316 3 1332 6 8430 80 2918 95 3176 77 2190 24 6444 41 1575 20 393 25 8536 59
137 9 43 8 930 28 1440 75 1864 23 3696 45 7974 70 6058 2 3942 42 2626 37
138 5 50 86 2777 27 4078 22 1639 34 1424 15
139 10 52 58 750 38 966 15 2325 3 2373 37 5690 65 6475 32 841 80 548 20 669 40
140 10 99 85 666 42 760 14 1291 52 3882 78 5424 88 1990 49 468 20 4995 1 6429 80
141 8 134 64 218 25 745 37 1389 94 8961 25 2488 8 2101 6 5611 23
142 8 134 79 294 58 457 70 8331 25 5733 69 2490 100 4333 85 570 74
143 11 80 30 253 18 542 32 1347 62 5587 40 8354 77 8916 70 21 8 9754 39 9829 27 9968 24
144 8 20 91 2693 87 7329 17 2894 93 8110 67 2285 60 635 37 6030 42
145 9 129 98 466 75 4200 74 4254 92 9095 71 8354 11 6187 80 257 42 8976 15
146 9 77 41 323 88 522 73 1065 78 1224 58 2793 92 3011 87 2832 90 6895 2
147 13 114 13 1838 97 3678 60 6266 82 7898 99 9054 68 336 44 6242 23 7756 27 4721 42 9121 95 25 17 9599 30
148 12 116 18 285 96 1099 35 1422 16 2363 24 4037 46 5060 8 2215 3 9785 55 957 51 2840 34 4176 51
149 12 68 38 185 63 197 25 300 15 837 32 5659 8 7600 58 7185 62 1456 80 839 95 6114 82 6373 91
150 11 111 33 5098 43 6814 16 9393 29 971 21 821 40 2573 64 9370 26 166 100 5857 68 1688 1
151 13 71 8 251 15 1547 83 4987 22 6183 66 8334 52 8511 37 564 89 4731 70 7917 41 188 95 234 27 3753 25
152 14 81 91 180 97 240 57 412 2 674 17 717 85 769 82 1758 29 7447 1 9924 16 3012 38 8420 60 6898 74 2539 65
153 13 49 45 283 82 1789 23 3336 86 4048 99 4297 93 7409 66 7952 3 9303 49 1306 19 954 98 1455 59 7568 79
154 7 106 30 247 36 829 21 1634 39 1670 90 5214 58 389 35
155 11 66 76 316 72 363 4 402 27 1218 24 1774 35 7661 80 2377 37 306 69 2775 55 2067 8
156 12 68 61 160 5 203 66 830 14 1598 74 2553 58 4122 96 690 70 4290 47 9812 10 711 89 5375 58
157 12 118 22 309 65 2421 45 3263 56 4833 93 131 75 1358 46 9044 37 5672 13 8107 68 9018 10 8213 41
158 16 2 51 168 45 187 92 189 9 209 100 672 7 1406 61 1730 33 3435 45 4320 29 2972 77 5082 39 7868 35 4487 52 3669 35 2232 17
159 18 76 28 179 18 228 99 494 99 695 34 2661 48 2890 85 4247 78 8962 3 2955 68 1704 75 9588 59 7245 37 5007 38 5470 23 2032 73 8045 57 4554 26
160 12 156 5 186 61 237 21 566 62 731 30 6627 3 1854 3 363 55 3256 55 2087 94 772 75 9224 11
161 16 62 76 172 52 373 99 424 6 635 98 1263 39 1323 58 1435 96 1628 41 210 63 4378 88 7018 67 4197 58 2493 58 6014 18 3392 42
162 10 37 61 703 8 718 58 2924 19 7308 8 2654 23 833 18 6861 78 8141 61 2334 88
163 14 30 71 1411 66 1904 5 4234 55 4957 63 1082 44 7699 24 5458 10 5494 16 677 3 41 44 1742 87 6593 86 3599 77
164 9 118 44 554 33 700 50 1980 49 1882 15 5020 57 5259 36 2692 7 9786 5
165 9 89 50 238 56 1272 63 3582 20 3623 46 5786 21 5159 58 3543 85 2660 42
166 10 107 18 604 73 990 98 2942 2 8102 5 8266 29 3487 67 2777 71 8383 75 150 100
167 5 58 79 846 62 855 85 3560 91 7856 71
168 5 158 45 8274 35 303 33 9489 92 7886 78
169 10 25 41 382 93 458 57 1765 64 1834 87 8542 60 8247 66 7240 30 3364 96 6563 29
170 10 114 3 215 22 230 77 904 57 973 72 3704 7 2075 47 30 41 1337 4 8963 93
171 9 50 11 359 51 2155 40 3778 49 8472 30 7011 92 374 9 6321 41 6800 20
172 18 161 52 281 24 315 63 1516 76 1752 17 2246 46 3797 21 5513 21 5571 89 9951 95 7427 92 6066 60 6240 75 2635 72 9490 16 3958 11 7625 91 9581 68
173 7 13 66 274 12 1486 5 2004 19 2624 16 7469 23 2561 9
174 8 27 55 388 93 1027 72 9644 79 6087 34 1172 92 2308 87 6237 59
175 7 29 98 6579 90 5919 70 927 64 4345 90 1051 33 5556 31
176 14 64 15 442 85 452 11 1365 70 3556 41 1063 37 5193 23 7269 69 7148 95 7329 100 8486 20 188 72 3921 57 7882 99
177 15 78 94 178 62 313 63 535 19 1475 67 2710 13 4364 29 4720 17 6882 78 4360 8 4199 26 7452 53 3715 40 6827 13 3328 12
178 9 177 62 284 60 1316 17 1524 8 5004 15 7316 57 6725 26 5078 85 9649 40
179 15 159 18 299 81 510 95 759 76 776 9 861 15 1783 19 8927 65 6930 20 8323 80 2456 65 2865 27 9058 78 4546 85 3621 50
180 12 152 97 196 32 455 69 719 91 1862 9 5249 23 7410 83 513 86 3401 63 8563 54 1364 39 2942 88
181 8 58 40 429 99 808 85 1962 63 3564 12 6814 42 519 95 3717 54
182 14 8 90 444 43 579 62 774 50 2275 57 3194 64 7571 93 7787 44 9440 21 6536 52 1575 7 9393 42 3798 48 3760 91
183 9 41 14 195 94 198 2 391 73 4969 26 5199 19 9248 58 2331 92 1571 7
184 11 12 98 327 75 557 30 2948 91 3631 93 9370 6 1146 5 3106 95 4577 66 6965 31 9613 80
185 11 149 63 188 72 262 37 277 41 594 40 1033 22 3321 10 7784 2 8260 96 2926 36 9292 25
186 9 160 61 381 11 922 79 985 69 1189 89 5508 5 7765 87 4781 45 898 41
187 14 158 92 205 70 231 63 258 89 560 75 1186 50 3569 62 4250 87 5065 48 5968 10 8694 59 9001 23 1434 68 7205 43
188 9 185 72 336 14 7335 19 8602 3 7570 91 4845 89 151 95 9944 61 176 72
189 13 158 9 286 38 562 57 906 28 1593 3 1816 64 2289 52 2991 95 3883 85 8702 94 6153 21 6362 44 8392 30
190 14 105 78 389 11 1702 2 1977 15 7684 22 308 34 4824 19 989 35 569 50 8887 9 9391 90 8976 69 5435 85 8258 25
191 7 55 28 303 22 478 46 2013 36 6805 54 7002 76 1146 83
192 10 107 18 407 82 631 24 6199 64 2789 60 3307 79 591 11 571 2 706 80 3715 90
193 12 62 5 273 95 431 73 4401 67 7770 28 35 19 4910 50 700 33 8319 96 1425 5 2114 85 3329 74
194 9 1 19 1248 11 3030 57 4553 70 3385 25 1252 41 2352 43 4229 62 2151 53
195 12 183 94 261 36 807 6 931 68 1140 76 1228 63 3352 8 8594 96 5270 47 3274 14 3308 50 7720 100
196 7 180 32 1153 79 2290 69 2786 49 7218 80 6552 94 5262 48
197 7 149 25 216 89 293 18 565 11 4384 40 4691 90 2187 57
198 12 183 2 485 48 812 35 1466 28 1733 50 1970 69 4711 55 6984 5 6683 10 1444 11 1394 47 8949 86
199 9 19 60 894 9 1026 98 1295 78 1376 18 3398 24 3667 11 4300 95 3581 37
200 8 20 35 1261 78 4248 58 6223 48 6424 99 7767 48 9252 24 3260 86
201 14 58 81 211 28 358 63 891 36 1496 88 1500 57 4243 59 4703 70 4743 76 6163 37 2488 55 3655 66 3105 98 5817 84
202 7 132 29 305 20 679 25 2561 82 1258 22 6430 55 738 66
203 10 156 66 266 88 378 59 2620 54 6568 92 1216 21 379 32 7971 3 5055 7 3470 86
204 16 48 91 567 96 592 42 1163 42 1252 21 2123 79 2317 67 7183 81 5233 13 6688 3 6667 23 9920 49 1188 47 9717 69 5571 51 2265 51
205 8 187 70 375 16 4333 57 6008 51 5460 60 8659 24 7069 25 9495 100
206 10 73 68 265 43 598 2 1051 66 2025 28 9935 60 9011 69 848 59 1275 63 2973 54
207 14 73 61 224 7 250 53 275 21 355 18 4072 68 8057 60 9318 77 1157 93 1380 32 939 91 6063 78 5735 1 8532 4
208 9 34 84 324 27 653 31 740 38 8894 9 2016 23 7980 78 1661 3 5187 43
209 12 158 100 328 73 587 9 624 95 890 42 4446 54 5818 89 8139 32 9633 68 6275 82 7769 67 4851 2
210 9 136 70 2861 53 6276 71 7981 17 161 63 4723 15 3491 30 7677 93 9107 69
211 10 201 28 219 42 255 97 662 96 467 80 3942 43 3585 32 3022 12 5229 71 708 2
212 9 0 24 272 83 589 33 1123 60 4548 90 5089 75 1184 41 7090 18 6616 8
213 9 96 61 699 28 762 40 1769 77 4146 19 4829 58 1166 60 9630 92 6263 36
214 12 23 4 2354 44 3294 53 3534 1 6711 40 8063 70 6534 31 2629 82 1270 22 1692 91 9670 28 8087 91
215 14 170 22 863 15 874 9 4777 71 4578 38 8891 7 8278 74 6353 55 2647 78 7862 10 2834 37 9017 25 7356 51 5392 55
216 11 197 89 595 38 733 67 2307 33 4927 18 5497 66 516 45 3700 38 4629 64 1883 91 1911 49
217 14 101 72 330 53 622 97 1146 46 1592 41 1771 66 2898 68 3888 11 9196 54 4077 84 1041 56 2121 42 424 78 384 45
218 15 141 25 495 29 1110 9 1262 96 1652 97 1845 99 3279 29 3845 94 8100 16 8752 56 9468 58 3973 30 2718 92 7223 56 341 79
219 6 211 42 1047 87 5712 14 7824 63 5379 79 9999 54
220 9 118 92 279 49 383 91 462 5 972 63 4068 40 5553 79 5411 62 5614 41
221 8 64 74 2902 52 9485 78 5720 40 4980 79 2499 97 3840 41 1608 93
222 16 76 44 268 67 415 23 476 5 486 72 531 76 1000 28 1070 40 5147 56 6612 7 694 55 5364 11 506 90 5701 32 781 91 1357 93
223 9 56 61 1668 70 3713 4 557 5 8760 38 4835 74 5337 56 6825 87 300 9
224 10 207 7 263 21 317 44 529 73 539 46 564 74 629 61 820 85 1257 67 963 21
225 10 51 76 538 3 3526 37 3997 21 9706 62 6749 8 3989 41 9641 85 9249 88 8221 89
226 13 14 86 369 40 1159 60 1434 19 3584 57 5924 14 1908 55 1126 29 3712 15 8349 54 9866 56 6492 50 3094 69
227 8 100 40 259 56 338 91 1314 33 4970 94 284 4 516 87 5768 6
228 6 159 99 411 24 2583 86 3965 54 5500 3 6815 64
229 12 26 43 367 43 414 17 527 50 1095 1 1284 57 1587 34 3106 93 3863 47 2178 49 1520 43 2153 87
230 13 170 77 706 76 747 42 2628 50 4084 68 4188 50 8128 88 8472 80 3222 18 3114 79 7221 84 8463 47 2081 77
231 10 187 63 1393 90 1458 66 5534 6 6401 77 9233 61 750 9 8163 55 9018 75 7504 3
232 10 127 75 239 57 256 60 723 84 1161 52 2248 53 7729 21 8067 10 9129 74 2448 1
233 9 106 55 271 52 465 6 518 30 1646 21 3986 45 545 8 5 51 2816 24
234 11 48 38 1809 16 4592 90 9487 26 632 70 4714 23 1867 10 2835 85 3153 36 7839 30 151 27
235 8 96 84 481 55 880 53 1577 80 3919 80 6125 99 7226 53 5093 91
236 15 88 3 1006 37 5240 2 5342 65 7411 58 7745 97 9098 74 7807 79 1319 25 7077 35 9865 40 71 33 2098 15 513 54 7251 27
237 9 160 21 291 11 886 55 2245 42 1607 6 1341 55 9512 52 4036 77 8645 10
238 8 165 56 996 23 3150 71 5801 19 8269 62 797 53 1756 87 8257 5
239 9 232 57 361 24 2507 26 2706 30 4153 63 2044 96 1302 60 9581 65 9249 71
240 11 152 57 264 82 425 100 1561 41 1601 13 1738 81 1677 88 1265 26 7434 19 6674 7 7059 40
241 9 126 8 278 84 1132 61 1495 67 5355 18 8083 65 8984 66 6526 28 3351 99
242 8 134 3 3490 83 6325 22 8139 6 1620 76 7707 38 4846 41 6271 36
243 7 34 37 533 85 2962 78 5799 48 5674 18 8228 1 1035 46
244 7 14 28 9457 98 4739 3 7471 9 4323 50 4006 41 2377 10
245 12 94 76 992 94 1067 17 1131 39 1586 10 5363 66 6318 64 2596 4 6181 12 1401 11 9649 93 23 51
246 10 12 74 786 83 951 85 2427 65 8701 51 3625 89 3543 52 6120 26 974 23 9362 3
247 5 154 36 1942 48 7248 9 6409 86 3309 100
248 7 51 24 329 5 1040 63 2219 72 6903 72 4686 78 1533 81
249 8 26 22 764 78 1378 8 3078 67 2368 8 6803 28 3138 64 2862 85
250 9 207 53 413 22 2067 22 5273 72 941 86 7702 53 2490 27 3426 15 9589 75
251 9 151 15 3469 10 3439 70 9752 94 1541 48 1614 37 9364 62 1314 90 6316 12
252 13 106 8 434 29 783 75 806 59 5217 14 5237 84 5869 12 4547 79 9567 73 1118 51 5248 90 2606 10 7027 27
253 12 143 18 428 2 755 89 1044 73 1083 9 2802 96 3369 41 9837 63 8948 50 3292 85 8291 51 4488 35
254 10 26 83 1017 98 2150 44 3859 11 4706 42 5145 87 1490 9 8926 31 8160 99 6813 58
255 10 211 97 1659 94 824 15 1772 60 3205 44 7180 81 4951 2 577 83 6452 74 3917 77
256 14 232 60 331 2 337 27 550 20 832 38 887 100 1080 51 7399 39 9549 38 6565 87 8998 92 3695 100 4027 37 6373 79
257 9 50 73 1309 5 1585 81 3104 74 5152 79 145 42 5596 6 3432 47 3468 68
258 10 187 89 371 76 658 32 683 97 2240 51 6285 97 9247 42 7523 71 2072 81 2829 76
259 6 227 56 508 11 833 40 5872 97 6472 21 9006 91
260 8 128 67 386 67 3829 51 3053 32 9846 58 986 66 9473 60 3062 18
261 11 195 36 2513 1 5275 38 6022 80 8736 48 4408 71 6309 31 1304 18 3035 100 4237 8 5047 94
262 11 185 37 296 53 1011 70 1852 73 1983 82 2899 94 5709 10 6216 62 7533 20 6923 82 1015 47
263 10 224 21 441 91 1682 97 6511 28 2440 2 6314 39 7166 26 4362 69 1687 23 5562 39
264 5 240 82 665 69 3364 52 4424 4 8535 64
265 8 206 43 332 91 2229 62 3626 27 1956 19 8145 97 4829 87 9013 68
266 12 203 88 956 29 9996 18 6534 52 8893 23 1959 79 8270 81 880 33 4167 13 8340 65 6970 79 7299 31
267 8 71 79 5776 90 7240 14 652 91 1684 46 9358 73 6183 38 2716 96
268 8 222 67 3203 28 7488 52 1023 81 5237 6 2311 80 1206 29 5951 59
269 9 95 14 4189 90 1346 64 2402 16 5301 64 956 44 5140 78 1876 81 3446 42
270 7 129 73 4543 30 6941 14 2775 30 7340 15 2216 98 319 90
271 7 233 52 896 18 946 63 9617 5 4363 30 3610 66 1443 42
272 10 212 83 912 15 3525 97 7468 37 513 91 6593 10 3120 30 1964 2 6111 19 2873 95
273 9 193 95 401 72 799 72 2006 61 2564 85 7029 56 9147 74 6559 80 7990 17
274 12 173 12 513 6 1120 85 5594 78 5937 72 3030 78 6638 95 6599 24 8858 22 2154 11 5201 51 1695 10
275 12 207 21 282 93 460 11 3438 38 5269 68 1386 82 9045 26 4549 12 1934 6 1086 97 7848 6 8440 79
276 14 1 52 690 96 1035 89 1636 87 7117 41 38 98 2374 46 6130 28 6583 18 7413 5 5109 29 6862 46 8605 80 6702 95
277 8 185 41 292 3 311 32 397 55 576 66 1662 5 2389 65 9432 17
278 13 241 84 399 99 1004 29 5310 11 6529 21 8800 44 5011 54 6629 40 7707 9 294 81 7779 39 2548 94 3070 48
279 7 220 49 498 2 1260 82 5729 79 1504 68 7610 47 3783 48
280 7 118 44 613 74 619 21 5481 8 9674 10 1413 9 3079 92
281 11 172 24 492 73 801 78 3048 49 9468 39 6023 46 6475 69 4455 87 1634 23 7030 70 5860 12
282 12 275 93 345 45 484 29 667 96 2327 28 2792 11 2994 74 8559 42 5743 55 9429 70 8736 27 4414 29
283 12 153 82 1109 26 1359 27 1517 63 2532 12 5405 32 5491 100 8972 98 7761 25 8052 13 2102 84 2013 11
284 15 178 60 374 84 1370 85 1803 50 1872 51 227 4 1254 39 8460 31 6260 82 2528 9 6653 41 9526 5 460 14 9806 100 4847 24
285 10 148 96 470 42 9004 12 1084 62 7709 61 2196 93 762 65 7525 68 1025 21 4655 33
286 13 189 38 322 31 1103 29 1139 77 1174 31 1597 83 4281 55 5036 28 118 84 6593 33 5655 68 1649 100 6609 64
287 9 106 87 443 74 488 8 609 34 6683 80 3445 55 1626 69 8798 86 516 4
288 11 22 46 551 91 2113 62 2550 6 3077 14 4358 98 4865 54 9888 81 2181 49 455 48 6713 67
289 3 101 65 3915 49 486 36
290 12 15 72 748 15 935 80 1330 54 5056 82 9708 26 8337 10 5718 4 2280 91 2677 65 7118 25 8454 20
291 8 237 11 1187 13 4019 58 868 32 9988 71 4753 28 3600 97 9835 33
292 10 277 3 657 13 902 17 2593 87 9685 19 3223 34 6439 78 5105 83 7487 96 4227 1
293 13 197 18 500 22 1292 78 1310 27 1562 34 2152 73 3781 60 2289 95 8909 71 1580 66 6691 15 5026 59 4943 47
294 16 142 58 350 5 553 88 2227 86 5521 17 7213 62 2670 13 1240 32 9661 100 6837 51 1818 73 6115 84 278 81 4149 100 546 49 7536 1
295 12 27 81 504 15 544 19 600 60 2651 99 5887 13 8575 63 3267 45 4195 100 3858 80 6883 99 3453 9
296 10 262 53 1615 44 2012 30 4257 76 1462 76 2177 50 3020 88 484 46 2925 38 103 35
297 8 40 45 353 51 2787 42 5843 36 7264 57 8690 15 6386 51 4629 52
298 6 31 19 464 8 4360 91 7435 57 4795 13 9805 86
299 9 179 81 438 22 2434 77 3152 28 9044 43 2964 78 9519 69 5391 100 2356 37
300 8 149 15 526 62 1824 89 4596 85 6768 18 3730 3 3650 26 223 9
301 5 118 61 1207 82 920 2 3126 37 8491 16
302 10 31 59 744 26 1129 53 2467 24 9165 11 8291 9 7189 55 1075 23 9018 41 329 98
303 18 191 22 354 75 512 55 517 2 1031 39 2301 16 2418 15 6032 82 7466 50 5231 50 4769 14 1380 98 9109 76 4280 64 567 2 168 33 8147 21 1486 86
304 12 101 52 1336 30 3131 2 4857 22 8904 23 1601 90 4604 1 924 58 1160 86 23 95 9964 5 335 9
305 9 202 20 334 32 1339 43 4340 43 5687 87 7525 39 875 48 8744 54 8488 90
306 14 0 1 348 48 403 5 705 98 1948 40 5874 27 155 69 485 67 4847 17 7486 72 8496 9 6897 89 5974 33 5798 1
307 11 128 34 463 90 2034 94 2091 1 8503 27 1461 88 9696 52 4874 24 1995 43 3016 95 1823 35
308 8 81 56 344 83 1768 33 3808 15 8580 90 190 34 5563 44 5379 21
309 6 157 65 1620 75 5149 16 549 79 2193 21 2494 1
310 13 58 2 573 6 4028 48 5554 31 6208 88 2792 10 2012 11 4884 3 2691 87 4558 48 2024 14 3408 7 9329 11
311 12 277 32 435 31 881 19 1128 82 1182 96 3815 27 9134 42 3595 35 9413 30 6805 62 7155 13 96 25
312 4 63 71 2392 61 2924 75 446 83
313 11 177 63 366 2 781 56 1143 80 6923 20 7557 47 7720 53 2573 47 2380 2 2189 16 7694 38
314 9 98 45 1299 43 3959 54 4457 24 6257 4 6691 90 8043 73 2218 37 1251 22
315 12 172 63 421 10 1320 52 2446 56 5780 24 9668 34 7486 80 9732 26 8668 11 4367 67 9783 27 3495 54
316 16 155 72 772 14 1798 89 2238 46 2326 80 2736 33 4426 86 9666 66 1935 41 6203 53 6173 78 6287 22 3401 2 4804 6 6486 26 3955 16
317 8 224 44 591 63 1679 62 2782 49 7549 89 9803 5 9875 48 1780 50
318 15 6 42 545 60 561 15 586 86 4504 47 9787 65 3701 23 6836 92 3116 28 6003 47 2254 47 7035 98 4794 32 9960 14 9294 98
319 10 70 68 2978 94 4359 83 6710 89 3951 87 5324 98 5565 39 2578 48 9991 74 270 90
320 9 122 87 549 39 882 55 3471 39 9416 55 1397 29 6952 43 1070 73 4592 30
321 9 8 35 735 18 816 33 2264 90 2598 12 3172 19 8613 37 13 42 1672 76
322 10 286 31 1858 89 5827 7 6289 22 4375 100 6884 30 9825 98 1925 92 8387 64 2900 93
323 12 146 88 581 57 1285 18 1427 87 5583 57 9812 80 5843 1 4116 69 3906 15 6577 37 794 49 3352 94
324 6 208 27 1221 40 3379 18 5196 13 776 63 7784 18
325 7 120 23 387 56 482 52 1454 94 6403 88 2201 38 3207 30
326 16 15 62 380 45 857 24 1456 22 2259 37 2974 38 3214 51 4286 90 9001 94 8414 56 3231 50 2693 65 1214 72 7269 20 2424 30 7733 54
327 13 184 75 809 11 1107 57 2795 23 4306 39 4461 53 7901 89 9286 17 6812 65 698 83 424 94 2760 81 1084 6
328 12 209 73 596 85 1249 58 3059 1 5228 26 3052 78 1753 52 6726 93 9199 79 4122 11 1912 56 38 49
329 13 248 5 339 22 456 83 697 19 1023 18 5627 79 3837 15 605 26 4031 80 6086 47 6348 53 4607 89 302 98
330 4 217 53 4841 93 2497 72 8837 62
331 7 256 2 3819 79 4530 54 2425 84 681 37 1795 1 7152 65
332 9 265 91 1112 77 1728 17 2058 38 5404 74 7843 83 8893 96 9457 28 8059 56
333 8 28 22 572 99 1703 86 6471 95 1111 11 6925 32 2145 80 2779 16
334 9 305 32 534 85 1871 81 3117 22 3670 17 7570 90 5163 63 2937 21 6122 8
335 2 100 93 304 9
336 10 188 14 640 15 5402 85 8701 23 4480 48 3606 48 8905 99 4824 59 147 44 5263 66
337 9 256 27 523 2 1604 48 3720 45 4399 75 8094 55 1788 74 9265 41 7958 5
338 11 227 91 677 15 702 66 7127 88 7940 41 2215 38 2199 9 9836 77 6623 58 7527 37 7384 43
339 12 329 22 490 17 6469 12 8820 61 1911 59 2775 88 8150 88 7605 22 5230 3 9112 61 2499 72 4908 83
340 4 3 17 2231 21 5352 84 7848 17
341 8 1 71 365 78 5453 83 9300 83 6663 3 695 24 5405 93 218 79
342 8 63 13 501 46 584 45 878 36 1784 72 2083 51 2272 72 2824 67
343 9 102 41 1343 97 4089 98 5891 62 7821 17 1568 15 5537 83 4626 48 3748 6
344 9 308 83 6890 67 8033 90 6058 57 8972 99 7293 89 7147 15 7211 71 1984 29
345 10 282 45 347 30 716 23 1334 24 2276 58 6726 91 7610 33 3736 27 7401 66 3861 58
346 9 58 90 641 74 1158 17 1821 69 2722 50 9795 39 8174 46 5884 7 8315 57
347 9 345 30 1043 72 2493 5 7362 55 2546 33 3452 52 3349 91 6620 82 1270 55
348 6 306 48 826 41 5961 19 5851 8 3751 38 8796 68
349 8 53 14 448 21 843 8 3107 53 9158 91 2090 18 4286 36 5865 51
350 5 294 5 9300 22 3861 54 8491 51 4035 77
351 14 86 90 5075 13 5169 94 5990 31 4618 74 4821 41 4000 23 7630 25 5044 19 836 34 9701 25 1155 100 5223 62 2458 70
352 13 19 85 430 58 876 40 1635 93 1865 23 3158 42 2337 80 1735 76 8745 10 2507 42 2775 22 9177 72 6493 100
353 10 297 51 1303 84 1600 79 5233 94 6327 98 4472 2 2410 41 3997 89 6700 15 7596 34
354 13 303 75 3565 53 3638 12 4746 88 9310 49 5813 86 4110 70 1776 22 8439 64 5265 15 1829 45 34 72 5321 62
355 8 207 18 506 45 1326 7 521 70 3894 9 6267 97 562 83 6873 23
356 9 85 40 626 80 4799 10 9441 21 7584 38 1693 40 3407 47 1177 34 9030 25
357 9 115 98 577 36 630 7 793 27 6310 95 7503 79 7764 85 7789 48 2032 35
358 8 201 63 3391 96 4730 31 4907 25 7017 70 9403 80 4798 87 6547 50
359 11 171 51 7676 92 4871 10 7489 1 1464 56 2600 94 758 52 5364 48 2726 18 5558 85 2448 44
360 11 1 41 370 81 694 2 1057 57 1204 91 2338 94 8062 74 2262 42 1270 41 1352 49 8456 91
361 10 239 24 503 64 1995 44 2929 27 5565 48 5867 24 2090 100 456 59 2525 96 6846 29
362 10 35 32 942 4 1941 52 2468 73 5183 66 7864 38 9325 52 9552 76 7454 19 1307 23
363 9 155 4 377 92 6408 10 9031 76 9678 59 160 55 8785 27 6556 25 4064 37
364 12 39 64 3421 5 3728 37 2748 11 8811 17 8688 30 4824 47 833 17 9161 82 3685 31 2967 25 4970 56
365 5 341 78 7783 37 1350 42 693 43 7329 75
366 7 313 2 445 83 9358 83 5624 79 1788 57 7231 13 7727 44
367 15 229 43 2195 86 2964 92 8419 89 8236 33 9335 77 1469 4 8748 96 3272 7 4069 42 537 77 3614 63 1606 77 2385 49 1568 28
368 10 119 64 541 12 585 54 633 20 7227 19 2087 11 8779 63 9077 78 1790 57 8694 23
369 7 226 40 1048 34 1162 17 1964 37 4798 98 5993 38 1034 26
370 3 360 81 1875 64 1121 63
371 11 258 76 601 87 3128 1 4639 19 5639 71 3458 23 6295 29 1855 3 0 85 480 17 1779 56
372 5 74 61 2610 99 9256 99 700 88 2998 53
373 9 161 99 1534 15 5625 50 8130 36 9842 58 7122 90 3127 41 9199 2 4237 84
374 8 284 84 8920 11 4145 87 171 9 4139 65 5714 5 9774 25 1992 29
375 7 205 16 612 13 773 49 828 46 1676 48 9120 3 6219 88
376 8 23 72 395 1 3080 78 3088 73 9941 91 8115 26 5823 59 1171 13
377 8 363 92 1916 31 2247 15 4449 71 2585 36 8783 63 5615 68 5557 42
378 10 203 59 2526 3 6899 87 1524 74 7696 99 7289 97 4983 52 7716 40 7519 89 8617 79
379 13 128 72 471 24 620 74 982 65 1469 4 2335 62 2452 21 3284 97 2639 38 1256 9 203 32 5653 16 2198 39
380 8 326 45 571 69 688 52 2949 10 4166 74 4926 21 8277 70 6186 90
381 15 186 11 971 3 1117 79 1408 44 2485 60 5628 9 9395 7 1405 36 4766 3 5029 89 4566 41 5774 29 1162 46 2104 38 6388 2
382 9 169 93 779 62 4807 72 6618 66 8330 87 8990 84 3682 43 682 22 6167 22
383 9 220 91 785 70 1971 33 2509 23 4120 54 9817 26 8911 54 7785 65 3036 15
384 9 97 64 405 9 546 38 1701 2 2594 45 6581 75 1562 46 810 67 217 45
385 12 119 66 493 86 563 20 1052 42 2673 24 4883 58 9382 30 5981 39 2469 3 1839 78 6580 78 2062 41
386 10 260 67 1191 23 2390 5 4591 26 6774 76 2280 35 4051 99 7061 82 1091 90 6405 2
387 5 325 56 942 59 4660 6 6252 95 3568 63
388 11 174 93 511 38 1831 46 2218 49 2630 59 4892 56 4713 69 9252 59 57 53 7175 53 8178 3
389 9 190 11 1399 28 1415 29 6417 46 6230 18 928 60 154 35 2005 81 6895 20
390 10 19 16 1293 35 1439 84 2618 47 4670 18 7506 11 781 16 7814 79 2019 77 3372 21
391 8 183 73 2054 21 2300 15 7880 77 6970 51 7970 34 7485 33 1632 100
392 10 39 42 427 88 638 1 5152 68 1277 65 747 32 6245 17 4546 18 6119 64 9746 9
393 8 80 45 419 63 1255 7 4278 27 6117 36 7171 75 6727 55 136 25
394 12 67 47 1332 18 1463 37 2989 84 6887 37 9575 12 766 13 1974 49 5785 40 7461 82 2780 26 6890 80
395 16 376 1 454 70 605 15 780 18 1002 83 1822 83 5475 83 7619 14 9206 18 9862 43 4910 86 7086 63 2471 40 1418 100 6025 3 9278 6
396 7 125 13 2621 40 3580 18 7561 65 8647 8 57 27 2006 92
397 10 277 55 422 65 864 92 2596 8 3139 56 3196 85 6668 76 6722 55 2493 22 104 23
398 11 125 20 525 1 1036 22 1340 68 2114 25 4861 10 9099 42 3947 23 4041 37 8000 73 1969 4
399 10 278 99 1683 87 2010 41 2098 4 1206 61 5773 12 5166 9 8537 7 1239 12 6110 82
400 11 72 47 1552 28 4173 34 5696 94 8178 1 512 71 683 87 4396 18 3161 28 5834 51 5230 83
401 10 273 72 580 27 1582 26 1715 79 1966 96 5206 14 673 9 9363 23 6357 6 3047 55
402 14 155 27 491 69 758 81 1232 41 2987 47 3098 37 4000 42 4517 70 8048 29 6356 74 6956 77 1363 19 4843 44 5687 24
403 10 306 5 583 55 910 38 933 64 1477 67 2809 38 3267 41 2938 35 1521 40 2584 77
404 7 118 98 548 44 920 49 2925 2 8028 7 565 46 772 54
405 13 384 9 1136 7 1250 31 3430 73 4610 22 7594 88 7877 95 4831 24 4704 46 1727 84 122 60 1511 58 5709 88
406 11 42 31 1331 13 1717 51 4109 6 4283 77 2408 55 4531 12 2522 76 8318 47 9827 48 1477 43
407 15 192 82 408 8 497 12 761 2 4831 28 8908 20 9427 19 4293 58 2968 89 7102 98 1065 6 8833 67 2161 73 7387 61 1538 1
408 8 407 8 1443 86 7902 30 5916 70 8258 22 3418 24 1658 63 7071 16
409 3 74 79 815 44 2701 23
410 8 68 36 1312 18 1363 97 1651 68 1814 5 2172 78 3169 59 2988 99
411 5 228 24 6874 63 5599 49 5826 63 2537 72
412 13 152 2 751 16 848 19 1894 58 3329 91 3924 66 6326 37 502 16 31 58 3082 100 5350 24 659 62 7961 6
413 5 250 22 1813 48 5518 73 7740 36 8181 12
414 9 229 17 570 29 1152 5 2916 66 4179 80 3997 18 1530 58 2251 98 6116 1
415 11 222 23 734 20 1059 65 1225 53 2271 92 3122 93 7464 32 8635 82 2315 29 1938 7 472 72
416 12 69 90 516 62 528 63 704 100 9936 38 8174 25 7807 5 8594 54 9458 87 6471 21 3107 3 575 92
417 12 104 78 743 25 2311 36 5157 92 9939 90 6837 82 7755 38 3233 72 2433 87 8940 76 5796 34 2336 36
418 8 5 83 3245 13 5390 74 8563 68 1065 7 4835 26 624 51 5294 55
419 9 393 63 645 22 4332 41 6714 40 6618 76 3457 58 6783 43 4482 39 6867 1
420 11 57 22 957 72 2198 89 7099 17 563 79 8231 71 8950 96 651 11 3943 49 5841 72 8039 97
421 7 315 10 1230 8 4207 41 1707 81 7735 13 9635 58 7606 76
422 11 397 65 446 42 532 68 623 26 1413 6 6019 57 4533 29 1766 15 9608 28 5988 26 425 10
423 9 96 58 1325 18 1631 2 6121 62 2715 62 2368 89 45 5 6346 90 8801 90
424 12 161 6 514 77 916 15 1921 25 2151 23 9528 20 217 78 3459 16 1917 90 327 94 9436 90 748 74
425 12 240 100 918 30 4416 22 6335 72 4517 72 17 26 4944 48 6178 95 9534 68 8209 10 7781 17 422 10
426 5 33 2 602 36 8627 79 608 63 8841 84
427 8 392 88 1093 79 1955 83 3265 55 7489 40 4229 96 9071 4 2070 26
428 5 253 2 6912 26 7934 50 475 25 7929 25
429 13 181 99 440 53 578 64 1024 54 3943 47 6432 57 9200 13 3440 85 8351 19 2581 45 3680 79 1100 4 4336 55
430 8 352 58 1699 86 2881 68 8964 55 7183 9 2560 42 4071 90 9017 51
431 7 193 73 472 14 1412 46 4911 64 7197 80 9157 10 6115 96
432 8 62 57 1483 70 1661 54 3460 30 440 94 1060 77 6144 21 8233 11
433 13 110 46 521 60 1113 26 1348 53 1874 59 9029 99 9075 35 7163 37 3681 17 4278 26 7719 56 9342 83 6183 98
434 8 252 29 1379 25 1855 46 5772 15 8334 4 690 37 7165 79 1628 41
435 6 311 31 983 16 2588 60 9637 37 4878 10 4765 67
436 10 43 55 911 42 926 89 1812 82 3344 21 4098 57 7585 60 940 50 2394 19 6994 16
437 9 81 6 447 20 574 90 7507 79 869 82 1781 100 4476 75 7785 86 4920 91
438 7 299 22 2874 51 3488 40 9774 87 107 63 3986 23 1629 63
439 12 57 10 543 46 715 36 724 85 845 4 1929 35 4539 59 4646 45 6107 44 6412 25 5226 17 9398 6
440 9 429 53 1350 12 3386 79 2031 68 9276 56 7184 84 432 94 6488 45 9849 65
441 5 263 91 823 4 2725 85 6850 7 7822 30
442 5 176 85 461 6 2957 60 5341 71 4264 63
443 14 287 74 2865 63 2896 8 3753 11 6505 80 9485 46 5506 59 8537 64 5921 79 7491 25 6917 9 5028 67 8326 4 2930 90
444 10 182 43 450 20 656 43 2453 19 4960 70 3281 8 5001 53 6742 5 2190 79 6401 44
445 7 366 83 836 42 1689 48 2785 5 5577 21 8891 34 1930 40
446 8 422 42 1327 99 693 81 2684 59 982 59 1557 49 7299 23 312 83
447 9 437 20 467 32 754 93 795 18 1748 3 9756 73 3379 75 8229 83 6515 57
448 10 349 21 689 45 2001 47 2157 42 3258 43 3170 3 3807 72 6750 59 3311 84 4933 44
449 4 41 41 877 76 5473 13 3973 77
450 11 444 20 728 66 749 39 1421 28 2751 27 4363 65 2339 25 1395 97 3221 84 1793 99 1271 54
451 8 48 61 2552 20 3485 13 3510 4 3697 41 4368 57 4166 52 1239 46
452 8 176 11 925 94 3415 71 4885 13 8145 18 7216 71 4064 31 6340 24
453 9 131 28 1643 82 9015 99 6484 46 9565 4 7614 19 6743 42 8784 71 5150 60
454 8 395 70 1215 13 5450 65 6178 37 8126 39 1156 40 3810 90 7779 84
455 11 180 69 1269 35 8414 44 1185 99 6068 35 2748 32 7735 98 2106 11 8378 91 4623 72 288 48
456 12 329 83 558 66 2163 63 2887 19 4157 93 5371 73 7317 70 8614 58 361 59 8435 13 7379 16 8123 29
457 10 142 70 459 45 6690 13 9822 41 9658 28 5025 40 2792 65 3871 90 2273 35 4348 90
458 11 169 57 1313 27 2056 12 2222 51 4074 92 4251 46 882 34 8747 72 7875 59 1563 11 8641 22
459 11 457 45 1754 100 1839 50 2927 53 3267 32 3361 61 9908 20 1180 65 1079 72 7709 70 5977 95
460 8 275 11 1082 81 3591 11 1234 76 3031 84 1268 27 284 14 5325 52
461 6 442 6 5815 99 8993 61 9798 65 873 68 4033 98
462 8 220 5 556 93 732 2 917 97 1551 81 9559 64 2153 4 6346 9
463 8 307 90 505 66 2230 39 2515 17 7840 27 1816 100 9860 18 1089 96
464 7 298 8 588 95 1937 57 4150 63 6956 47 4808 94 3681 2
465 5 233 6 4133 41 8737 67 2255 3 4951 39
466 7 145 75 2223 50 4348 82 2714 10 5108 19 1103 18 6239 39
467 14 447 32 678 3 3768 3 5839 30 211 80 5531 16 7897 99 4749 71 684 23 8219 59 5254 16 5763 8 7810 73 40 48
468 9 109 77 632 70 3909 57 6577 17 4890 80 140 20 4644 47 2669 7 9773 95
469 7 34 17 2079 60 1976 45 3630 62 5907 52 7483 54 4441 31
470 8 285 42 1071 68 1216 22 7172 44 7127 63 2320 37 3011 12 1922 68
471 7 379 24 1138 38 5410 58 551 16 2012 24 7614 48 953 49
472 10 431 14 515 7 9238 2 4185 64 7926 39 979 86 1138 2 1517 16 415 72 5079 26
473 7 20 2 879 10 1380 1 2953 23 7747 26 9456 14 7274 54
474 9 9 55 496 28 1102 91 2839 7 4577 10 4643 85 3573 27 1841 24 6763 81
475 7 107 94 2310 14 3976 97 428 25 8354 23 8789 47 584 95
476 10 222 5 487 54 746 44 1286 80 4779 15 7190 77 9285 70 9145 69 625 50 9726 76
477 7 98 47 606 47 1202 99 8767 63 3866 37 8142 64 5499 11
478 13 191 46 3558 62 3897 79 507 84 5800 19 8591 74 3243 20 2268 82 5415 44 7240 9 4842 67 7303 4 1011 12
479 7 81 36 1866 18 3310 77 6924 33 3156 18 8866 38 2583 76
480 16 11 92 757 24 1567 27 4450 20 5559 23 778 30 3544 25 8795 13 5782 20 1053 89 1622 36 1244 49 371 17 3185 68 4500 10 8793 29
481 10 235 55 2228 64 2577 48 2579 45 3520 55 1890 84 2134 88 5738 85 7200 9 6684 70
482 13 325 52 684 32 1396 95 1603 33 2417 44 3568 58 3805 18 4448 20 8004 58 8885 23 4162 84 4943 61 2088 61
483 10 114 81 7801 55 2458 44 3956 91 8548 66 7696 74 2878 30 6368 95 7525 78 5497 2
484 12 282 29 685 97 1438 82 2411 77 4774 24 3158 43 1745 67 3767 50 9022 30 2986 85 296 46 2300 41
485 7 198 48 680 60 306 67 8815 19 7520 58 6250 51 8952 8
486 8 222 72 1515 33 7588 37 2117 87 289 36 7742 45 51 38 1803 39
487 9 476 54 2910 58 5682 42 4154 33 2133 90 7868 13 3921 34 7739 87 736 85
488 15 287 8 509 16 652 77 707 35 2488 70 6593 81 8090 61 7974 44 8524 75 8381 40 1989 93 8948 74 9197 59 2387 52 2122 28
489 5 109 86 9632 33 1271 31 4734 73 7077 55
490 10 339 17 804 54 4187 56 4981 78 6093 5 1915 95 5394 60 9086 8 4072 98 1814 2
491 10 402 69 741 21 4880 22 6480 18 6948 56 6522 98 5992 95 2928 31 8108 20 1737 93
492 15 281 73 1546 12 2085 91 4783 46 9127 67 6319 96 916 86 3127 19 7643 45 897 7 8554 83 9780 45 8286 26 3556 84 860 75
493 13 385 86 897 79 1013 41 4491 3 4743 24 6439 17 1147 5 5518 56 7606 90 9261 8 4572 33 1989 72 3527 42
494 12 159 99 2196 33 5603 93 9341 45 6188 55 5340 25 4840 81 9698 93 1854 78 1262 24 96 55 8863 8
495 8 218 29 568 22 1179 16 1196 71 6344 95 7148 32 7277 67 1206 10
496 10 474 28 1254 84 1572 2 1700 65 8873 51 6708 62 3145 69 1280 56 6351 36 2536 28
497 8 407 12 2459 68 3357 95 8855 7 9775 12 4132 90 2229 95 1799 34
498 11 279 2 1972 74 3518 18 7647 33 1254 17 5414 19 9143 20 8369 38 5772 59 2752 75 8279 88
499 11 18 67 655 49 929 75 2046 96 4894 55 3061 29 2269 98 3951 52 5905 17 9429 77 1732 45
500 5 293 22 1898 28 7726 11 1516 65 2939 96
501 9 342 46 582 3 765 42 1357 23 2261 7 6537 46 5465 86 4088 52 3776 77
502 11 65 57 3100 98 9080 6 702 54 6853 2 412 16 6096 58 5629 86 801 73 3319 75 4650 100
503 10 361 64 923 60 1481 6 6907 53 9029 93 7725 87 6811 18 2291 73 8227 72 1444 40
504 12 295 15 636 84 2659 28 3572 23 8942 60 4767 22 8779 62 6012 6 7263 28 7199 32 2037 65 770 30
505 5 463 66 1267 44 2712 38 1082 95 4199 90
506 7 355 45 222 90 4444 69 8663 85 698 50 1977 29 6933 58
507 8 135 73 7090 50 478 84 4283 67 1587 46 2699 3 6469 20 3164 51
508 8 259 11 650 15 752 10 1078 73 1663 25 7227 39 5838 54 1964 43
509 6 488 16 3154 77 703 42 7905 90 3316 97 1083 22
510 6 179 95 798 22 853 62 2681 84 3261 75 6072 14
511 4 388 38 7686 89 8975 8 2736 67
512 9 303 55 682 57 4487 7 6407 29 6603 84 6794 2 400 71 955 53 9434 48
513 11 274 6 913 91 1092 73 4502 11 6818 53 180 86 7609 1 1758 92 4713 50 272 91 236 54
514 7 424 77 2941 9 7757 20 7060 63 683 26 4677 14 9105 69
515 8 472 7 7108 36 4702 83 4845 11 682 38 4755 6 3854 37 7445 92
516 11 416 62 625 68 2412 79 3406 21 4797 65 216 45 227 87 3106 34 2087 48 287 4 814 98
517 9 303 2 519 46 5039 94 4784 18 2742 53 4270 82 2183 38 575 81 8181 20
518 8 233 30 3927 43 758 1 3053 19 5279 44 6627 63 70 99 9463 55
519 12 517 46 1222 28 3051 36 5585 59 8681 1 3536 7 6967 23 3471 18 825 35 2236 33 181 95 5725 22
520 10 73 98 800 72 3290 74 9096 6 1208 35 5377 10 4303 21 6313 9 5306 8 5173 17
521 6 433 60 2703 67 4122 27 355 70 9302 14 1901 57
522 6 146 73 1085 23 2884 89 2866 28 2157 54 2106 92
523 7 337 2 5556 20 2411 38 3510 65 6925 17 2551 60 1978 7
524 9 21 67 4668 1 5153 4 4246 14 5070 87 8351 28 7308 65 2776 42 4682 31
525 9 398 1 1806 48 2028 48 8577 93 5306 59 1125 47 5322 33 8484 10 5142 6
526 7 300 62 1606 1 2514 74 2634 99 7584 41 3716 38 7535 30
527 6 229 50 2340 10 82 64 689 8 4621 22 1385 54
528 12 416 63 647 82 1304 14 1923 15 2606 94 2633 42 4805 42 38 33 2734 55 7809 31 6135 49 7385 48
529 3 224 73 1964 92 8005 63
530 8 15 61 1015 8 2220 55 2644 80 5826 90 2410 17 5202 55 1556 20
531 5 222 76 1407 81 2638 1 7125 74 2985 80
532 4 422 68 1105 95 2484 99 588 5
533 5 243 85 1075 75 1830 89 4710 12 3828 48
534 13 334 85 540 69 847 20 1449 52 1960 8 2863 47 7344 26 5537 24 3913 80 5775 79 4932 58 3087 54 2273 89
535 3 177 19 2905 7 697 30
536 10 53 32 617 19 2569 91 3318 32 8999 86 5208 20 1864 29 2181 25 1576 22 5918 72
537 6 29 90 805 19 1205 3 1280 50 367 77 4091 27
538 5 225 3 7388 6 1864 80 2590 38 5867 72
539 6 224 46 1602 25 3557 9 2267 21 4525 99 2694 47
540 12 534 69 1569 22 1680 8 1722 44 2800 23 3087 91 4215 98 5413 89 8500 21 2723 3 1051 90 7577 2
541 10 368 12 1509 51 2086 67 4003 92 3799 38 4963 59 1406 21 2117 1 3075 32 5255 4
542 7 143 32 698 21 4939 17 7405 11 8022 35 6977 74 7368 50
543 4 439 46 7064 45 2933 49 3119 85
544 6 295 19 3953 37 6758 53 8107 69 9128 97 2630 75
545 11 318 60 854 68 1084 13 2590 57 3949 83 233 8 4040 75 2774 94 1380 98 5029 52 9277 49
546 15 384 38 643 26 720 97 1098 39 1681 3 4493 19 7554 51 7881 94 6618 16 3753 25 2993 13 4218 36 929 21 294 49 9618 37
547 5 37 39 8100 27 5648 16 8368 7 965 45
548 13 404 44 651 96 2193 46 3716 77 4372 15 5425 89 5811 13 8257 58 6621 55 2392 76 8019 16 139 20 6677 63
549 13 320 39 2185 16 3513 19 4526 67 5904 43 1701 58 6805 88 6860 79 3564 16 309 79 9498 60 6242 43 5916 52
550 8 256 20 753 55 7347 61 8670 74 4895 64 4198 2 6412 2 837 48
551 8 288 91 637 77 1069 8 2380 6 5021 54 471 16 2949 42 5863 2
552 4 73 15 1064 98 1930 7 819 13
553 8 294 88 867 100 7428 75 2637 70 3442 18 1583 88 8513 54 2406 22
554 11 164 33 991 44 1453 100 1952 17 2397 84 3416 75 6471 11 9400 82 8000 78 5071 77 6223 49
555 10 47 79 841 59 2253 48 2578 44 6605 71 3279 97 6100 78 7372 60 4692 53 1380 42
556 12 462 93 756 85 1998 79 2099 66 2807 39 4466 21 6850 54 1111 60 126 34 3823 52 9453 22 8225 81
557 14 184 30 4208 41 4533 30 7319 32 9170 35 1935 9 223 5 2425 7 3237 76 605 6 6848 22 4825 62 6422 64 8167 63
558 4 456 66 1194 66 3755 36 8745 3
559 7 133 29 1726 50 6804 36 7773 5 2705 52 5094 82 1043 65
560 11 187 75 937 2 1684 16 1899 63 5658 42 5313 19 5192 41 1274 10 4232 30 1998 11 7397 100
561 7 318 15 883 11 8619 55 8939 51 8238 17 2166 67 8537 92
562 5 189 57 869 35 9555 91 355 83 888 43
563 4 385 20 819 22 420 79 1372 14
564 7 224 74 670 63 151 89 8736 87 982 23 2778 12 5043 57
565 8 197 11 977 33 1512 47 3456 6 122 83 5181 22 404 46 1162 29
566 3 160 62 63 64 918 72
567 7 204 96 4082 100 1452 35 869 87 671 46 570 21 303 2
568 7 495 22 608 3 3124 83 4336 64 7294 30 5256 9 6725 74
569 12 78 95 1468 31 1528 82 3445 28 6047 50 6657 81 9785 8 686 81 1533 14 2054 33 190 50 2305 29
570 13 414 29 1081 79 2875 56 3437 32 3838 56 5754 58 1009 100 567 21 3011 50 1728 81 5320 1 6912 63 142 74
571 14 380 69 614 85 792 73 3465 29 4489 72 2356 95 7790 93 5337 58 9108 14 9642 91 192 2 853 57 7499 58 2292 53
572 11 333 99 849 18 2351 33 3399 73 3137 30 6030 33 4854 60 3317 29 3063 27 6952 100 2446 5
573 8 310 6 1354 92 3040 60 5401 98 4759 5 2279 50 2259 77 1208 16
574 10 437 90 1876 35 3689 95 9594 6 1436 36 6722 96 1236 20 4468 77 2443 83 9406 28
575 12 126 96 710 7 865 100 1003 39 3160 15 4106 88 6075 94 70 3 3205 7 886 90 416 92 517 81
576 7 277 66 711 46 884 42 1417 85 5842 19 7208 41 5349 32
577 9 357 36 821 89 850 85 8471 95 4668 32 2065 76 255 83 8992 85 9145 91
578 7 429 64 1111 74 1178 49 2040 71 3481 14 5403 12 7988 12
579 13 182 62 691 45 1160 1 5441 39 7136 53 6921 40 4162 73 2084 18 855 95 4549 100 7711 55 5204 45 8458 89
580 12 401 27 593 16 1416 24 8811 37 1751 69 1173 2 8157 45 6282 38 4661 72 5993 80 4355 23 6017 59
581 9 323 57 615 54 2339 60 4561 13 5193 56 7116 29 1772 11 1374 26 8527 95
582 8 501 3 2287 44 4355 77 1509 4 3220 73 8058 43 8922 15 659 94
583 12 403 55 834 36 2586 17 4910 33 6418 11 9154 58 2620 33 1242 37 6882 46 9867 64 2926 27 2662 73
584 10 342 45 1424 80 3560 40 9635 53 7257 80 1171 9 7614 43 4161 11 888 33 475 95
585 6 368 54 4535 31 9301 36 7022 20 9095 95 1792 46
586 10 318 86 1022 3 2009 73 2544 13 3146 30 7284 44 6670 59 1976 80 3537 17 6496 31
587 7 209 9 2444 40 9464 28 7289 66 1366 69 9491 98 937 47
588 10 464 95 1319 84 1883 55 2662 18 7212 2 532 5 4051 86 3582 23 1660 63 8651 20
589 9 212 33 675 52 763 59 4809 55 6360 14 9528 9 5448 43 2267 23 5349 12
590 10 9 65 943 28 2291 66 3570 90 8917 56 9846 7 4174 12 2701 10 4613 97 1302 55
591 9 317 63 945 25 3842 29 830 24 192 11 2810 13 8303 53 2873 63 4250 15
592 8 204 42 6481 34 2559 63 5582 46 6097 38 1575 60 3198 3 8391 83
593 10 580 16 6354 85 8417 75 2655 11 3404 7 2074 16 7683 59 1419 67 9321 18 4614 56
594 4 185 40 8923 55 707 61 2092 29
595 8 216 38 627 90 5182 62 6700 42 1907 8 659 48 7833 3 7866 22
596 6 328 85 8471 60 3467 82 9497 96 5035 27 1224 82
597 9 20 11 901 96 1402 70 6240 44 8451 56 8590 13 5355 26 8829 67 6980 42
598 8 206 2 3200 22 6037 27 82 24 9841 11 929 35 6887 87 751 95
599 12 127 51 1329 26 7476 60 8075 2 1796 12 73 40 5417 12 1791 55 6986 26 3947 62 4690 14 4791 44
600 11 295 60 727 34 3248 5 9050 51 9758 10 9554 79 5385 1 7791 87 8093 85 1281 69 5258 9
601 9 371 87 997 29 1613 38 3230 16 9092 77 1428 1 7836 45 1914 68 1313 44
602 10 426 36 955 18 1115 42 2970 82 3170 59 9775 12 5532 76 2002 13 7710 65 3205 73
603 7 29 46 660 75 2128 75 3809 68 1564 93 5160 64 9529 50
604 5 166 73 686 29 5476 24 9572 43 6655 54
605 5 395 15 557 6 329 26 2520 9 8636 72
606 6 477 47 988 15 1804 78 6940 27 9521 81 4550 63
607 10 74 73 712 71 4339 27 6196 64 2335 32 5130 55 2641 50 3785 60 1834 75 7204 31
608 5 568 3 9668 54 426 63 4263 41 681 69
609 11 287 34 1220 9 1253 6 4671 86 5757 82 2703 83 1948 38 7900 20 4102 24 9526 41 4255 79
610 6 123 97 2673 69 9172 62 1733 63 2853 94 620 34
611 7 78 7 2857 75 7230 31 4576 8 2005 6 7182 100 4211 89
612 10 375 13 1281 75 1539 33 6385 88 8962 99 1835 92 6359 92 4909 25 754 60 5845 22
613 9 280 74 2904 30 7574 94 5901 13 3015 39 8453 83 5723 32 6228 88 8802 65
614 16 571 85 1266 52 1981 49 3877 44 4355 42 5409 11 7537 6 7763 7 729 72 9380 69 5537 54 781 43 2585 46 4735 91 4332 16 7533 89
615 13 581 54 928 88 1240 20 1737 67 3442 100 4916 16 5375 16 1584 1 8112 96 2702 14 5045 34 5544 76 3792 66
616 5 24 55 7220 54 2365 13 6693 33 1839 53
617 5 536 19 8688 81 1217 40 4879 100 8992 58
618 11 52 39 701 25 3851 59 1661 24 6451 5 4688 97 4032 81 6802 10 2671 76 653 54 4205 56
619 9 280 21 2642 22 3767 68 5704 38 7886 95 7228 59 941 36 9532 78 5630 23
620 11 379 74 873 18 1870 2 6697 47 6759 38 7491 88 7403 67 2201 79 2761 31 610 34 6144 61
621 10 132 91 1489 36 3725 61 1734 46 9571 1 5713 22 5348 49 1087 38 8575 84 671 6
622 7 217 97 1042 40 5657 89 1825 61 5460 42 2033 78 7671 38
623 11 422 26 4319 55 5093 37 5458 41 6284 59 6920 81 8376 77 5287 87 6630 28 3380 82 9433 12
624 9 209 95 2268 59 4492 91 5787 58 8890 58 9712 93 3036 70 418 51 1911 61
625 10 516 68 1437 63 7734 77 3581 91 6553 3 8472 95 7373 57 476 50 4725 23 6838 44
626 13 356 80 673 89 1063 93 1157 35 1968 26 3667 69 4008 66 9309 22 6770 25 5433 34 7765 12 853 51 3572 16
627 7 595 90 2255 3 6416 31 8153 21 3143 58 8790 55 5044 65
628 8 125 60 2571 95 3657 18 6180 19 9595 51 6067 81 7382 9 2347 19
629 6 224 61 1656 33 6027 53 5086 47 630 9 8060 93
630 8 357 7 713 35 862 77 2347 66 2372 27 9004 97 629 9 6659 100
631 6 192 24 5108 38 2258 22 4696 72 7011 59 6012 78
632 10 468 70 1565 17 1927 58 2292 7 6764 62 234 70 5395 85 2466 75 4316 82 2453 30
633 11 368 20 1198 15 2349 55 3895 54 4619 88 6053 90 6837 57 9687 82 8056 42 956 82 5490 77
634 6 109 90 907 43 2759 50 9876 83 9149 55 4751 90
635 8 161 98 3027 53 3020 12 144 37 871 1 2410 57 8443 98 9974 18
636 8 504 84 1104 11 1279 59 1740 17 7838 69 8564 23 1051 57 6590 72
637 11 551 77 6482 90 8840 100 2319 74 727 7 3566 14 4250 61 7029 82 7299 42 5551 16 22 38
638 5 392 1 3880 77 4992 21 6674 96 4899 5
639 6 95 80 6680 40 1647 91 1878 42 6581 80 7809 86
640 7 336 15 2805 65 8596 52 2477 40 4329 14 1993 63 844 87
641 7 346 74 3111 84 8870 73 2582 58 8598 99 9421 51 1116 16
642 8 31 67 1237 20 1797 12 1417 26 27 97 7678 73 5184 89 5539 15
643 8 546 26 2850 23 41 100 1971 43 7863 20 9474 14 3618 10 7373 48
644 5 90 20 782 59 4129 94 8242 51 8829 70
645 8 419 22 803 80 2408 23 3303 86 9101 46 2526 91 7227 85 5577 98
646 7 6 60 797 36 3338 78 6347 21 4510 11 1317 77 5364 22
647 12 528 82 730 77 1072 95 1170 6 2030 78 1425 68 7264 26 6009 31 5995 31 7757 75 8168 17 6867 23
648 8 32 93 888 93 1741 90 2705 65 7043 75 8123 37 8338 2 5320 18
649 6 85 98 739 9 838 63 1939 42 8287 31 9672 32
650 10 508 15 976 53 2819 50 4191 82 6476 41 3409 46 777 85 2259 24 6998 41 4660 86
651 13 548 96 1641 35 4154 30 4296 62 4923 81 5267 53 7998 43 3440 53 6098 51 9294 90 420 11 7761 82 4175 67
652 11 488 77 709 55 1856 90 3354 86 5892 90 7882 44 2704 75 267 91 4430 89 7311 72 6166 11
653 10 208 31 1147 54 2430 42 3137 12 3305 86 5156 69 59 66 4529 82 1278 53 618 54
654 7 55 17 726 7 900 55 7728 52 8478 39 6276 93 5787 96
655 5 499 49 2250 87 2592 32 1553 77 9489 26
656 13 444 43 875 10 3228 64 4261 13 5564 26 7535 73 8666 1 9022 93 7226 14 8588 27 5774 57 8967 15 1864 41
657 7 292 13 1173 13 1848 15 5475 54 5754 21 4286 100 2203 7
658 7 258 32 899 13 4081 45 8000 82 9188 76 1455 86 8684 44
659 11 129 84 839 20 1431 97 2520 35 2778 43 4239 51 595 48 412 62 1266 64 582 94 5457 20
660 9 603 75 3179 28 9338 31 2445 18 8759 42 1989 32 5840 17 9648 83 7292 81
661 13 61 17 729 12 1199 76 5880 3 1680 35 1712 79 876 44 9286 78 8876 64 5510 63 5765 92 4724 45 7197 80
662 5 211 96 1922 37 2894 54 5513 84 5261 78
663 6 86 72 1639 25 6988 85 9773 2 1140 92 2708 60
664 5 118 61 1405 76 5398 43 5896 37 6110 45
665 8 264 69 967 23 2344 91 7749 99 5687 79 5629 20 766 92 8390 37
666 6 140 42 4820 40 1760 24 6233 45 4538 22 2358 52
667 3 282 96 9162 4 3235 14
668 7 55 35 909 90 2962 91 4395 83 768 8 1461 46 9735 30
669 7 49 46 2415 62 5132 14 8482 38 3595 89 139 40 3091 77
670 9 564 63 835 61 7490 16 3563 71 1833 66 2761 42 7334 7 4361 65 1366 40
671 14 87 69 1001 76 2818 100 6235 8 7687 70 9288 78 7978 92 2756 29 9219 88 567 46 9607 48 6017 67 621 6 1825 43
672 4 158 7 738 55 8770 25 9042 37
673 10 626 89 2273 44 2672 28 8076 50 3633 41 401 9 6492 2 6734 42 1909 94 4486 26
674 2 152 17 9358 86
675 10 589 52 788 65 4821 96 8164 31 8701 44 5782 41 1901 5 8634 82 7969 92 8884 90
676 9 95 51 721 39 3583 29 4273 81 3287 48 1694 54 4192 23 6772 75 873 57
677 10 338 15 708 22 1005 49 1177 80 6788 73 163 3 6764 42 8651 38 4560 76 9268 79
678 7 467 3 8722 6 7631 92 924 6 1294 84 1092 40 5391 40
679 2 202 25 1807 59
680 11 485 60 1154 60 2660 9 2708 38 3373 3 8779 24 7912 42 1845 52 3930 89 8818 20 4567 54
681 8 4 87 817 43 1223 68 2674 14 6632 60 331 37 2438 39 608 69
682 6 512 57 1210 92 2714 84 8672 77 382 22 515 38
683 8 258 97 1920 43 6566 66 8929 80 6788 31 400 87 514 26 7821 53
684 9 482 32 784 67 1012 47 6649 88 6384 91 741 53 467 23 5641 80 4607 67
685 11 484 97 818 28 1391 41 4431 75 4956 53 2880 90 1205 48 1830 90 1166 61 1294 70 760 71
686 10 604 29 2092 12 2403 15 2641 88 3314 22 3668 66 569 81 1080 88 6901 50 1704 14
687 9 85 5 4100 58 5280 40 5281 85 9069 70 7871 10 4195 30 2282 40 6816 88
688 8 380 52 3703 46 2305 16 1033 16 5897 5 3595 91 1228 61 2971 1
689 7 448 45 2396 49 6997 58 9442 17 527 8 2500 56 6347 39
690 9 276 96 903 67 954 1 1909 69 2263 29 2498 50 5427 29 156 70 434 37
691 14 579 45 2476 53 2595 12 4097 49 4175 2 7806 14 776 44 937 78 6087 93 1784 34 4336 68 2566 7 8931 64 7731 92
692 7 14 58 1028 57 1967 66 5044 7 3669 33 2351 1 4683 91
693 6 10 56 1377 17 1506 73 2136 76 446 81 365 43
694 11 360 2 898 32 1368 86 1857 2 3611 31 222 55 6494 91 6954 28 4579 90 1517 42 2403 88
695 6 159 34 6049 31 341 24 3825 100 9277 2 2496 38
696 11 61 23 3530 19 3759 65 4606 4 8534 37 2617 12 6111 4 3993 68 4719 58 2731 87 3052 49
697 16 329 19 964 66 1373 43 1732 24 3260 47 5221 71 9533 80 6324 97 5239 85 6424 95 5277 23 535 30 2371 16 1123 52 7470 69 7567 90
698 9 542 21 2019 44 3682 29 8794 93 327 83 5047 66 506 50 797 17 7008 35
699 16 213 28 2549 24 3212 16 5426 19 5434 49 8269 37 1238 8 8280 59 4715 76 6706 75 2791 98 9541 55 1725 19 4037 3 5068 20 8774 21
700 8 164 50 2704 28 5878 90 6524 85 3310 55 193 33 372 88 2901 60
701 6 618 25 6143 45 7946 40 1697 83 5731 55 6716 87
702 8 338 66 1932 88 8076 54 502 54 8386 85 3004 82 6902 22 3848 12
703 14 162 8 970 83 2211 39 2420 76 8576 41 1923 62 7057 98 2383 20 5416 83 8967 81 6305 35 7014 39 509 42 2005 23
704 6 416 100 3016 56 7271 56 7376 21 7193 95 5972 37
705 11 306 98 5967 79 7573 75 8839 53 5043 63 7932 73 2224 96 4907 49 773 38 4762 71 1772 97
706 12 230 76 860 66 1009 39 1521 58 1832 87 2700 52 8758 30 5705 66 1210 73 6512 87 2847 63 192 80
707 12 488 35 794 28 1410 88 2522 29 3532 74 4630 46 2956 73 1731 86 594 61 7045 70 2659 2 2000 27
708 10 677 22 965 70 1045 69 1687 15 5912 86 14 50 2624 52 2330 83 5333 51 211 2
709 11 652 55 790 7 1746 26 7365 66 8951 83 7540 90 8367 19 1719 55 3409 81 64 72 5785 75
710 6 575 7 768 86 3507 70 6099 3 8047 76 5211 32
711 8 576 46 2031 61 5296 67 6330 56 8764 71 156 89 5226 50 5093 24
712 6 607 71 2148 42 5380 91 4610 3 6628 71 738 59
713 9 630 35 1491 82 3617 57 4287 13 5040 76 5262 24 2599 29 1915 52 1995 84
714 7 34 86 1301 40 1442 48 7470 76 2549 36 4394 100 5532 63
715 6 439 36 8492 100 9309 82 5941 49 4905 18 8698 31
716 5 345 23 1041 19 2076 54 4678 87 2413 46
717 14 152 85 999 76 1061 60 2217 5 3973 77 8879 16 3115 96 7877 47 4299 22 3592 88 7003 5 1079 34 8142 40 4789 65
718 7 162 58 2047 48 9520 35 2024 49 1764 21 3702 62 3158 56
719 4 180 91 2726 71 2629 49 1315 18
720 12 546 97 1091 15 3381 90 4667 54 6561 74 8871 16 4731 5 1043 58 4574 91 8942 100 6020 31 2500 65
721 13 676 39 2068 79 2864 62 3903 37 5382 80 2744 86 8913 94 8592 71 8239 23 2391 47 5087 67 876 99 7751 91
722 9 51 61 1669 41 5680 14 3051 47 1727 37 1195 98 2022 30 4497 63 8772 27
723 11 232 84 725 32 1519 74 2090 34 2796 2 5162 44 6218 87 7872 93 7913 44 2917 23 7696 84
724 6 439 85 866 4 9144 75 9890 45 2902 21 4381 100
725 6 723 32 771 58 827 95 1729 68 3843 5 6836 5
726 3 654 7 2334 91 3709 76
727 10 600 34 4836 9 2494 50 1768 72 4516 94 637 7 7097 67 3345 17 8274 56 2402 26
728 7 450 66 2882 10 8432 61 2899 58 2726 73 7310 55 7006 82
729 10 661 12 3024 38 4988 2 5443 92 5574 96 614 72 1415 29 5849 26 9006 3 1524 78
730 6 647 77 3098 100 4949 87 4382 8 4322 46 6283 41
731 12 160 30 981 12 2986 42 3998 94 4877 72 5208 8 5558 93 8430 70 9845 36 4735 27 4514 33 8783 27
732 6 462 2 1234 35 7873 71 5524 45 1710 48 4334 17
733 6 216 67 1271 60 6225 65 2914 52 1652 19 1231 19
734 11 415 20 905 67 1479 44 1881 16 6339 69 43 34 1086 53 6866 92 2600 55 7806 70 7525 45
735 8 321 18 778 86 2304 37 2689 34 8896 1 8886 75 1572 71 2764 88
736 5 56 65 8078 81 8103 100 8652 70 487 85
737 11 42 1 842 71 1244 44 2538 75 2631 50 4304 79 7926 64 6029 49 4871 6 1545 62 5695 25
738 10 672 55 858 89 1181 67 9822 57 3740 72 1099 15 7526 7 7708 41 712 59 202 66
739 6 649 9 940 78 4878 40 6295 60 1595 85 6596 9
740 7 208 38 1032 17 2524 72 9836 87 5074 71 4407 98 4450 84
741 6 491 21 2127 7 7193 21 684 53 5686 11 1739 48
742 4 124 15 2318 50 1911 17 8918 81
743 10 417 25 1019 9 1180 9 2343 27 4325 99 5754 30 5949 21 3213 52 8267 65 5493 94
744 8 302 26 6398 8 9924 89 2111 93 5368 27 1651 55 889 9 7217 25
745 9 141 37 948 36 1756 85 9785 6 5884 19 6302 25 5831 68 5177 26 5540 71
746 6 476 44 944 66 1414 98 5034 77 4725 94 7264 9
747 8 230 42 1188 2 2072 68 2540 12 5904 42 4970 36 392 32 9094 69
748 12 290 15 1030 67 2249 45 3067 18 3848 89 7831 8 7125 68 424 74 4139 54 6746 57 6289 29 3795 97
749 13 450 39 851 49 1144 72 3186 94 2130 15 5412 97 6195 43 3425 94 131 3 5543 14 8148 37 5109 30 5377 31
750 10 139 38 1008 4 1133 33 4613 2 6570 25 2102 52 231 9 8953 49 1858 42 5088 27
751 12 412 16 3062 17 3341 80 3351 47 4330 43 4390 54 6506 99 6728 55 4060 61 2926 45 598 95 3783 12
752 6 508 10 919 10 9757 92 7992 43 5437 17 4934 81
753 6 550 55 767 66 2181 21 7076 68 5714 36 7454 9
754 6 447 93 1300 30 5578 97 7341 15 612 60 3985 54
755 7 253 89 1126 62 5036 44 9009 69 3921 60 3289 19 2813 100
756 7 556 85 1557 100 4284 79 5638 48 9110 71 877 79 9489 99
757 6 480 24 5944 40 7968 74 3693 26 2119 83 2122 32
758 13 402 81 859 94 1213 86 6935 45 8168 6 8424 68 518 1 2185 61 9326 8 5478 100 359 52 4805 5 2647 93
759 4 179 76 844 75 5012 14 7791 76
760 10 140 14 939 70 1016 52 7678 90 1484 36 685 71 1526 68 8700 20 6775 100 4809 47
761 9 407 2 1053 1 1056 5 2111 58 3732 7 5310 47 6133 26 3924 27 7144 95
762 12 213 40 1074 83 1361 85 2176 2 3887 69 5007 71 5683 71 1132 78 6487 19 5523 81 285 65 9907 49
763 6 589 59 1531 61 3383 47 68 65 7669 20 1717 36
764 9 249 78 1740 11 4115 7 13 89 5563 8 6462 5 3670 13 4224 70 782 85
765 14 501 42 1101 68 9139 26 7457 73 2283 5 904 92 9784 16 4543 88 4076 56 8424 97 1009 47 4214 90 6748 11 5215 71
766 11 67 23 2189 82 6089 51 394 13 2352 66 3374 79 5514 83 8995 2 6751 29 9651 64 665 92
767 9 753 66 962 56 9319 79 5561 90 2545 57 4699 34 6120 88 6202 3 5135 2
768 8 710 86 2212 40 7994 71 8147 68 668 8 3330 56 3419 88 7612 75
769 8 152 82 4469 7 4789 48 3368 8 9893 37 3663 49 1440 96 4547 87
770 6 66 13 7404 100 2185 100 4357 63 955 7 504 30
771 8 725 58 1861 55 2382 48 3749 96 4303 27 4950 27 5401 9 3033 51
772 14 316 14 1390 82 4010 73 5049 34 6410 99 2403 33 2184 11 7241 86 5698 37 1563 35 2414 91 404 54 8703 51 160 75
773 14 375 49 1121 51 2026 46 2677 71 3014 16 7976 27 9475 98 9062 6 5543 35 705 38 8096 35 954 63 5481 86 8441 96
774 7 182 50 2530 63 7375 78 6465 91 1740 97 8897 19 7135 53
775 7 109 63 870 40 934 66 1125 16 4617 82 2912 76 1500 12
776 12 179 9 2153 76 9563 27 1687 85 691 44 7610 29 4514 97 324 63 9826 7 8019 92 3102 34 3973 99
777 7 108 41 932 32 1527 64 650 85 941 42 5885 91 8048 61
778 10 735 86 1553 42 5850 80 1549 9 974 41 9896 8 480 30 7137 88 1010 69 1565 71
779 7 382 62 1206 1 1859 27 1087 83 5202 7 1306 82 6623 69
780 15 395 18 993 79 2097 52 8460 88 3063 94 4792 32 6159 16 1 69 5960 75 4028 30 1254 100 7875 34 1703 83 9613 89 89 63
781 10 313 56 1484 91 5174 69 7150 66 8704 88 390 16 614 43 3150 46 222 91 5194 48
782 11 644 59 952 42 1038 96 106 63 7838 25 8457 20 825 14 1470 89 3300 26 7988 10 764 85
783 7 252 75 2323 82 4753 90 9557 85 2112 25 8924 46 5724 43
784 11 684 67 1122 30 2386 5 3250 9 1617 41 2941 52 9940 7 2698 72 3730 79 3412 84 819 3
785 7 383 70 868 15 1400 74 2711 99 5209 38 3230 85 4944 49
786 11 246 83 802 65 811 24 3522 19 8250 35 6145 4 3199 24 4991 91 3177 17 6734 55 5342 29
787 8 134 4 885 46 2139 3 4205 32 945 73 3545 94 2587 88 4434 2
788 8 675 65 1315 93 9560 55 6223 87 3435 93 4334 56 965 87 7133 34
789 4 33 17 9799 1 2755 81 6460 33
790 12 709 7 1731 70 3076 88 8665 17 9603 13 7033 63 2255 48 1646 39 3623 10 6120 68 7765 1 3060 13
791 14 59 21 2070 83 2082 72 3420 79 7896 47 5177 58 2981 49 8275 64 6681 97 1777 59 9321 60 1464 95 3443 22 4302 31
792 6 571 73 1395 51 7427 27 1160 25 8908 15 4227 92
793 11 357 27 1050 70 1648 99 1777 61 3363 42 9625 6 8688 10 3359 66 2186 88 4993 25 5092 33
794 7 707 28 5020 31 6810 92 4333 52 5800 4 323 49 1945 22
795 6 447 18 6070 32 7300 49 9782 87 1593 58 2842 13
796 5 73 17 9442 12 815 77 9757 2 9644 72
797 9 646 36 1388 39 2878 30 8801 77 238 53 4239 6 4334 75 7047 36 698 17
798 6 510 22 1644 73 4160 47 101 97 3783 74 2676 69
799 9 273 72 3922 13 4092 7 4803 41 7963 97 1661 1 6123 100 8994 91 6690 96
800 8 520 72 825 11 1207 97 1936 76 2663 5 2728 69 8413 70 4060 41
801 10 281 78 947 94 2021 12 2639 49 3304 3 5293 95 8641 78 2336 25 502 73 5814 54
802 11 786 65 1079 23 1203 44 1744 81 2441 13 3252 54 6129 68 7526 6 7736 12 7940 74 1661 81
803 7 645 80 1148 66 1755 75 1781 38 7483 22 3326 66 5948 48
804 9 490 54 871 85 1324 46 7008 96 9148 97 5916 19 5984 33 3552 42 3563 55
805 8 537 19 4148 84 3006 64 9120 30 3051 17 7704 49 5750 35 6072 79
806 5 252 59 3695 51 5742 86 4298 67 5513 19
807 5 195 6 2813 12 7393 16 3298 71 7859 52
808 9 181 85 1087 61 1200 68 3351 98 2795 74 6129 72 1562 39 7774 22 8119 54
809 7 327 11 1950 26 9684 70 9285 79 5240 32 6066 2 8640 30
810 7 133 20 1614 45 2648 57 9998 53 384 67 4755 39 2565 3
811 8 786 24 1068 8 3533 84 4256 88 2367 68 9113 96 1171 6 7381 15
812 10 198 35 969 40 1627 59 2691 34 2695 94 3162 5 7244 63 4561 74 9505 15 6356 86
813 5 31 79 1165 33 8448 41 4332 53 1684 83
814 18 120 61 1007 20 1227 15 2018 30 3577 2 3970 51 9750 13 7906 14 5341 53 7397 86 1323 32 4636 95 836 16 8489 40 9141 10 2138 1 2938 44 516 98
815 11 409 44 1743 29 6880 69 7416 59 6614 97 1140 8 796 77 3567 26 8165 76 2012 8 3512 19
816 6 321 33 2242 66 5148 77 7406 51 3320 17 7065 24
817 7 681 43 5115 27 7949 70 4051 45 1435 58 9115 46 8623 24
818 6 685 28 9620 58 5611 95 3397 2 9486 59 8215 49
819 10 563 22 2379 74 552 13 5751 30 5491 13 6414 22 8716 39 784 3 9599 6 850 59
820 5 224 85 1168 27 1192 43 3103 90 1867 25
821 13 577 89 4375 7 8837 45 9249 80 9002 58 150 40 9653 79 2261 88 8435 37 9007 43 2517 58 8625 59 6881 29
822 7 121 85 1353 9 2462 90 2511 97 2534 31 1305 4 980 52
823 5 441 4 1697 19 3170 84 8996 54 4394 97
824 11 119 5 872 69 1933 3 7840 96 255 15 24 67 1580 17 9677 85 2679 7 9190 57 6969 57
825 11 800 11 1558 44 2842 35 3168 74 782 14 5678 47 519 35 846 89 9706 48 5254 60 7285 43
826 6 348 41 3356 63 3432 21 7829 1 5924 94 2420 45
827 9 725 95 5095 58 9553 24 2542 9 3095 77 2629 70 2413 32 4225 26 4947 75
828 5 375 46 2392 87 9753 60 2499 23 1544 5
829 10 154 21 3096 7 8445 1 4348 60 7383 13 4559 76 5736 2 8421 49 6444 73 2090 53
830 8 156 14 2395 51 7566 45 8643 68 1447 79 3257 73 9199 28 591 24
831 9 1 4 895 8 3879 17 5599 11 6502 24 9013 84 1285 67 3530 77 7884 3
832 9 256 38 3443 84 6462 79 8697 62 6086 75 2117 1 9265 100 8253 80 7773 48
833 11 259 40 938 67 1211 80 1484 61 1263 99 6896 58 1410 12 364 17 162 18 7440 40 981 35
834 12 583 36 974 91 1854 34 2153 97 2536 58 4547 50 8533 74 5820 52 9102 33 5719 76 8514 18 4268 21
835 9 670 61 4345 2 5525 84 5660 79 9540 74 1161 69 8833 38 5040 31 9294 35
836 7 445 42 2933 20 8765 70 351 34 5075 2 814 16 2403 77
837 5 149 32 1236 34 9729 55 6882 59 550 48
838 8 649 63 1119 18 7620 59 9123 4 1258 38 4708 69 9489 21 8913 60
839 6 659 20 2917 25 4199 39 1467 49 149 95 72 76
840 5 100 5 3223 98 2910 94 7986 54 8278 31
841 7 555 59 1100 99 139 80 2904 24 9427 8 3440 81 4013 52
842 7 737 71 1341 9 4489 66 6066 75 1264 74 125 31 1013 79
843 7 349 8 3858 26 8803 18 1217 56 3628 96 9305 88 7321 13
844 8 759 75 3705 64 3826 49 8044 25 1947 60 8336 57 8857 90 640 87
845 3 439 4 9986 44 7166 6
846 4 167 62 5855 25 5525 63 825 89
847 9 534 20 961 74 1322 10 1447 53 1846 87 7762 76 9154 92 7377 29 9941 18
848 7 412 19 3798 98 7874 12 206 59 3116 57 4557 28 1028 95
849 6 572 18 2745 95 5548 57 8363 84 2235 83 2036 97
850 7 577 85 2061 8 6166 71 6501 91 9152 68 3188 39 819 59
851 8 749 49 1383 70 7856 16 6298 68 5753 10 3711 85 926 26 9199 26
852 9 97 25 2346 53 2936 10 6194 41 7586 69 4227 21 2142 67 3721 1 1518 40
853 16 510 62 1302 2 3663 47 5195 45 6264 9 9275 76 6167 31 9273 33 8005 38 7203 37 6651 32 4856 13 5613 14 8801 9 571 57 626 51
854 9 545 68 3003 95 3018 69 6622 4 6976 15 2386 14 7543 69 7440 42 5496 37
855 8 167 85 1847 79 2213 23 8722 66 1742 47 4377 52 579 95 9443 28
856 7 105 13 1538 78 6735 87 6743 79 7485 100 6342 3 4663 69
857 7 326 24 5010 66 2924 41 55 47 8806 30 6403 70 6268 3
858 7 738 89 5478 69 5505 91 7185 6 9584 76 990 90 1442 26
859 8 758 94 2789 3 9039 11 9881 92 3743 20 1055 25 2890 95 7022 72
860 7 706 66 1270 44 2259 4 4917 70 9143 58 1188 69 492 75
861 12 179 15 1307 22 4822 4 6002 57 7452 77 9868 77 2325 72 3722 20 4713 47 9530 97 7181 100 2576 47
862 9 630 77 1529 34 4397 32 9897 15 7331 9 1450 53 5472 82 3494 89 4719 61
863 6 215 15 3023 60 7684 37 4168 31 8876 60 9911 29
864 8 397 92 1184 34 1624 39 3656 97 7075 63 9225 47 6413 5 9237 29
865 5 575 100 8720 69 5201 57 9129 77 8247 74
866 5 724 4 1917 76 5717 60 3678 62 5995 22
867 11 553 100 908 8 2078 89 3148 94 4292 30 9295 5 3685 90 1280 43 2846 86 1732 68 1572 94
868 10 785 15 1884 66 2920 54 9506 46 291 32 981 25 1313 78 7536 19 2367 95 6923 89
869 13 562 35 1708 67 5102 26 8810 68 437 82 9047 14 567 87 2286 3 1094 46 9941 51 2265 56 5592 42 3664 93
870 7 775 40 9478 77 3423 98 9611 80 3064 2 5801 67 5486 88
871 7 804 85 8194 94 8344 21 9469 58 919 97 635 1 6607 28
872 7 824 69 1409 76 2064 24 5615 4 6924 8 9637 49 6073 78
873 8 620 18 2016 99 3618 18 461 68 4276 58 2168 7 676 57 4728 9
874 8 215 9 1536 56 2570 35 4925 16 965 69 5095 62 4820 59 6997 85
875 13 656 10 1190 20 2935 39 5416 43 7462 25 9885 2 5271 36 1710 78 2899 76 305 48 8637 6 1388 3 4968 99
876 10 352 40 1360 87 1485 42 2984 51 9993 40 6106 72 661 44 4564 3 6678 33 721 99
877 12 449 76 3171 65 7895 67 8770 97 9432 37 3452 88 2833 15 8249 86 5894 42 3237 83 756 79 3315 4
878 11 342 36 7467 40 9941 43 3180 65 5304 22 2110 85 2025 43 7894 59 6151 63 4197 83 4166 35
879 10 473 10 1482 49 1954 77 7885 47 5500 40 8484 36 3438 63 2282 84 982 92 9080 71
880 9 235 53 1788 97 2239 54 3218 60 9943 84 266 33 8183 34 5852 65 8697 6
881 7 311 19 3543 78 7680 42 1248 82 1041 64 3885 27 6300 93
882 8 320 55 8778 51 8341 26 6811 25 458 34 6629 23 1879 7 9842 100
883 9 561 11 2312 67 3274 10 8852 62 8177 16 2079 21 2297 20 5936 64 2860 22
884 10 576 42 1276 95 2401 87 5334 41 3943 80 3727 1 1953 92 1849 41 6910 33 3160 89
885 7 787 46 2084 49 2251 63 8946 43 3110 30 5116 68 1939 27
886 8 237 55 1118 95 2166 92 5046 97 4716 39 2603 69 575 90 1980 59
887 10 256 100 924 60 1779 3 3175 6 6777 92 6898 15 1698 30 889 53 2899 99 2660 47
888 8 648 93 1578 12 6615 53 7036 16 5517 31 562 43 584 33 8627 59
889 9 70 24 1887 85 3358 99 6582 27 8418 67 1407 70 744 9 887 53 1811 26
890 9 209 42 892 35 2293 90 6420 98 1577 51 9286 38 1332 84 1148 34 8911 59
891 9 201 36 1088 37 1426 8 5170 12 5302 77 6518 11 1557 42 8600 15 2669 75
892 8 890 35 1759 83 4653 14 8023 56 1269 83 1393 100 2174 97 4456 62
893 8 33 56 915 52 986 54 6969 98 3196 69 7643 42 8433 84 6538 77
894 8 199 9 1193 13 1219 5 3079 66 6497 71 5804 53 9897 12 1739 51
895 5 831 8 1058 19 3420 97 7011 43 8717 13
896 5 271 18 1767 41 2856 62 3032 40 53 85
897 6 493 79 2768 22 6215 2 9690 3 492 7 8825 38
898 12 694 32 1990 86 2155 84 2901 52 5495 21 7540 79 5254 72 6520 88 8556 26 1566 100 9667 91 186 41
899 12 658 13 1387 41 1979 90 3719 76 3746 9 4061 38 5135 54 5151 56 8508 45 1151 21 6835 34 3494 69
900 8 654 55 968 62 4058 4 6782 82 8623 1 8015 5 3303 53 99 98
901 12 597 96 1273 86 3170 81 2950 98 5306 87 9973 90 6945 34 991 11 5486 55 1913 69 1129 21 9587 40
902 7 292 17 2546 37 2811 36 7865 60 2278 84 5417 79 3447 82
903 4 690 67 1265 94 2918 81 1184 21
904 7 170 57 2491 51 5511 26 1306 42 2707 49 765 92 3456 42
905 8 734 67 1404 9 4819 65 5794 35 6640 23 64 92 8440 56 3673 14
906 5 189 28 1566 73 1790 79 1189 21 2587 44
907 5 634 43 7304 18 5160 18 2359 17 9390 76
908 8 867 8 989 3 1142 90 1459 62 2650 6 6157 52 9238 63 4022 69
909 8 668 90 6074 100 6486 10 2311 19 8015 49 4994 96 5320 74 1218 64
910 10 403 38 1288 21 1860 92 8502 64 4137 1 6524 55 2879 50 7490 79 5092 85 9212 75
911 7 436 42 1212 44 1287 40 9244 76 1817 49 4688 69 2441 67
912 5 272 15 1445 57 1706 64 6233 34 6467 15
913 10 513 91 949 21 1096 52 3792 19 7425 70 2740 30 2894 93 4230 92 28 60 3918 72
914 5 116 25 1492 74 8971 93 3437 79 6511 19
915 9 893 52 1097 56 1150 85 8565 53 5190 78 5337 55 1229 81 2296 65 6786 49
916 10 424 15 1522 51 1993 36 5832 92 8290 86 8945 43 492 86 2131 90 6808 89 1890 36
917 3 462 97 2384 35 1308 33
918 11 425 30 994 25 1037 11 1134 87 5168 34 5924 66 1154 55 1000 9 6601 51 566 72 6580 36
919 11 752 10 2762 96 5067 29 8914 2 3090 53 871 97 5474 12 3891 50 4202 96 2675 46 5265 66
920 5 404 49 9929 34 9609 24 1157 31 301 2
921 9 109 46 1164 8 3993 46 8129 72 4035 85 1800 25 5805 49 4539 48 5145 1
922 12 186 79 1141 56 2104 22 2206 84 4301 74 4869 77 5853 11 9669 78 3055 32 5046 67 1506 3 9225 31
923 11 503 60 959 29 1579 79 5760 38 9357 29 2506 52 4531 93 7954 86 1610 65 4511 58 1212 83
924 9 887 60 5170 75 1833 75 9437 38 6290 7 678 6 5937 36 304 58 7008 66
925 5 452 94 975 29 2105 31 3190 55 6537 10
926 8 436 89 1333 44 4507 13 6733 75 9892 26 9263 37 7353 96 851 26
927 7 52 67 1711 78 6625 78 175 64 9671 21 9841 14 3633 66
928 12 615 88 1264 42 6118 44 6943 68 4962 74 1033 30 6314 19 389 60 5601 5 3802 29 7371 78 9361 25
929 6 499 75 1588 40 9929 47 1198 50 598 35 546 21
930 5 137 28 1518 35 5483 51 1669 80 6652 55
931 5 195 68 3163 63 7126 62 6682 88 1211 51
932 9 777 32 1296 83 2492 83 4942 87 2164 67 2035 69 4762 5 5129 49 1839 63
933 8 403 64 2352 26 4650 62 8667 37 6812 16 1661 85 4444 69 4750 16
934 11 775 66 953 83 1441 40 2144 85 7620 85 6080 65 2125 83 4462 58 3492 93 1811 86 4550 82
935 6 290 80 2669 77 7807 82 8875 13 5811 17 109 62
936 7 128 6 1021 29 1245 55 1869 45 3931 36 4716 97 2568 42
937 9 560 2 1289 3 2709 59 6134 47 8155 66 691 78 5278 62 7334 35 587 47
938 10 833 67 998 41 1418 82 1470 58 7725 64 9642 44 4545 27 4113 24 3123 37 7259 37
939 6 760 70 2181 2 207 91 3299 67 7297 48 2986 13
940 6 739 78 2664 4 4433 87 1348 31 436 50 5652 50
941 8 76 90 5022 38 7287 53 250 86 1181 12 777 42 619 36 8444 38
942 8 362 4 5056 62 387 59 4200 30 3418 37 3361 17 5413 88 2247 80
943 10 590 28 958 82 1089 49 4629 53 6108 41 2548 2 7275 49 2208 59 4753 26 4126 81
944 7 746 66 2576 16 2611 33 3518 18 6331 98 1516 20 8192 80
945 6 591 25 5255 50 8677 11 787 73 9104 40 6801 57
946 6 271 63 1010 77 3962 76 8009 52 7794 81 6518 77
947 8 801 94 960 23 987 82 1550 90 3181 31 3542 12 8944 66 7325 94
948 9 745 36 5857 59 9914 29 3159 42 7440 14 3409 82 3734 37 7604 54 5347 24
949 8 913 21 3142 60 7415 32 4160 61 5541 11 7839 47 5593 98 9705 54
950 6 125 61 1892 100 4640 69 9971 98 1834 22 4520 29
951 9 246 85 1548 86 4353 5 9923 41 8710 76 6547 61 1683 33 7270 82 1656 26
952 7 782 42 1571 2 5006 6 3994 8 2470 2 5046 50 9795 33
953 11 934 83 6409 38 3759 23 1277 35 9893 16 5117 13 2870 29 1121 78 1665 92 1122 25 471 49
954 7 690 1 4057 73 6807 16 1453 27 153 98 2691 99 773 63
955 7 602 18 2721 85 2822 55 512 53 2950 10 6999 97 770 7
956 10 266 29 9229 63 4508 17 9744 13 3982 51 3676 45 269 44 633 82 1185 96 6270 42
957 11 420 72 1172 51 1229 3 2080 78 3783 36 4838 83 5290 75 6661 95 1874 81 148 51 7921 10
958 8 943 82 1235 59 2236 80 5326 64 6622 31 5513 67 1003 39 3267 11
959 6 923 29 1666 12 7013 87 9074 51 4047 26 9220 27
960 9 947 23 3807 54 5655 12 9152 59 2764 88 8886 47 3708 22 2903 19 5881 10
961 5 847 74 6262 37 8763 36 3857 67 2641 29
962 8 767 56 1034 91 1505 4 2122 59 9274 74 6484 100 3056 45 8652 71
963 8 2 50 1183 50 6981 42 8633 42 224 21 1812 11 3280 8 9354 80
964 3 697 66 980 82 14 26
965 5 708 70 874 69 1331 1 547 45 788 87
966 12 139 15 1086 14 1429 32 1532 82 4354 91 4863 57 5188 93 3952 64 6043 35 8690 1 8353 63 7907 100
967 7 665 23 1195 75 1589 22 4856 66 4036 87 3014 45 9165 81
968 12 900 62 978 58 1090 48 1723 16 2174 62 2922 32 4796 23 1916 7 9692 83 1006 53 5032 81 2795 35
969 9 812 40 2186 100 2279 58 2309 97 2460 61 4295 35 3916 32 1992 44 971 96
970 10 703 83 1523 77 1610 29 3677 89 7494 5 60 1 7453 9 2261 50 4306 13 4766 83
971 7 381 3 5575 62 150 21 2420 2 9802 4 5609 7 969 96
972 2 220 63 1337 99
973 11 170 72 2265 99 2626 54 5261 1 6734 98 9508 2 9232 27 5352 69 8079 97 9974 56 9028 28
974 10 834 91 2535 21 778 41 7977 99 1485 40 5413 50 7289 25 4529 3 2020 94 246 23
975 8 925 29 1448 73 1677 39 3486 29 3444 45 6173 6 3197 65 6315 67
976 5 650 53 1487 47 9008 26 2097 47 6085 27
977 8 565 33 9213 70 2685 92 9070 26 8423 41 3229 67 5898 36 6260 53
978 9 968 58 3005 5 3906 100 5246 86 2669 80 2044 50 8527 95 5421 78 8357 80
979 8 66 47 1467 46 7856 77 7215 58 7802 36 1042 38 472 86 1188 42
980 10 964 82 2426 33 7191 7 5520 9 2841 38 3640 33 2074 90 3880 73 822 52 6865 60
981 7 731 12 5547 94 868 25 1565 35 6964 67 833 35 6132 87
982 17 379 65 1542 20 2500 38 2612 54 3189 62 4551 55 5024 39 5524 46 6909 84 8300 97 564 23 9070 91 446 59 8278 47 1408 6 1599 88 879 92
983 8 435 16 1969 62 1997 81 2708 76 3452 82 8557 67 4300 89 7271 30
984 8 60 79 1762 84 3693 5 8708 43 125 45 4160 25 5845 24 8623 3
985 6 186 69 5158 82 6306 56 8113 50 6745 96 6082 35
986 8 893 54 1903 35 1956 26 3650 51 9067 26 260 66 9714 29 2241 46
987 7 947 82 2999 20 3475 68 6258 84 1815 18 8796 23 5360 35
988 5 606 15 1167 15 2129 81 8911 67 2615 80
989 6 908 3 4348 82 190 35 4234 5 3652 16 4012 36
990 8 166 98 4333 43 1120 23 5498 79 3796 12 3261 4 858 90 4719 90
991 10 554 44 8193 42 5429 23 4891 80 9817 17 6404 86 8614 77 901 11 7871 48 8071 54
992 10 245 94 1358 52 2635 98 6959 48 6910 60 5707 55 102 75 6928 97 5864 18 1292 31
993 10 780 79 1385 92 8259 28 4875 80 9557 1 4617 13 8181 96 8413 11 8803 8 8537 84
994 5 918 25 1433 70 4911 14 3924 8 8495 62
995 6 79 90 1176 74 1719 37 3779 23 6609 41 3363 95
996 5 238 23 2966 26 3776 18 6437 75 3447 17
997 11 601 29 5946 41 6185 9 6595 43 9132 87 9463 99 9004 82 1303 100 4661 69 9558 8 8119 63
998 7 938 41 8245 75 8761 3 3707 40 4223 59 2179 51 7823 61
999 9 717 76 3036 78 3275 11 5222 62 1738 87 4301 89 8928 29 7731 32 8272 63
1000 10 222 28 2396 16 7423 43 9079 83 1157 82 918 9 7178 74 1051 9 2380 74 8854 94
1001 11 671 76 1351 66 1503 61 1525 37 2499 90 3559 32 1450 98 1605 28 3140 3 8928 90 6428 25
1002 5 395 83 5674 81 6886 89 3473 13 1916 91
1003 11 575 39 2980 100 2996 59 6781 19 1270 34 5214 38 1891 97 7886 13 4475 50 5166 91 958 39
1004 10 278 29 1247 15 3478 25 7638 5 6681 60 1072 10 6235 46 3501 58 8865 81 8236 3
1005 4 677 49 4667 32 8049 54 8704 74
1006 5 236 37 4602 61 5201 63 7700 48 968 53
1007 5 814 20 4605 70 5363 65 1217 23 1896 71
1008 7 750 4 2130 84 3484 37 6864 76 8743 55 7499 44 4906 82
1009 8 706 39 2371 20 2665 71 9014 86 570 100 765 47 4323 58 1078 29
1010 14 946 77 2055 99 4347 69 8122 53 2531 3 4490 34 6202 27 778 69 2514 80 4936 94 7702 30 1391 97 7929 25 8485 47
1011 6 262 70 7609 10 5655 3 4437 53 8825 25 478 12
1012 8 684 47 1596 10 2428 68 7813 13 7658 55 2126 14 4955 50 4910 28
1013 7 493 41 2443 86 2472 12 2761 91 6672 36 842 79 8671 41
1014 8 63 76 1987 80 5585 91 6825 28 2181 92 1205 48 6327 10 2721 34
1015 12 530 8 1274 8 1381 81 3930 11 4896 11 6738 75 7026 82 7067 26 7222 56 9621 20 262 47 1524 99
1016 8 760 52 5989 42 9677 70 1911 75 4747 1 5871 51 1239 73 2794 3
1017 10 254 98 1094 44 6525 85 9477 54 9215 9 1810 20 2079 51 6590 62 8694 51 2019 41
1018 4 121 72 2812 49 4334 49 5598 88
1019 6 743 9 9951 30 6113 28 2876 38 2451 44 9859 100
1020 6 131 72 2510 81 2771 8 5169 26 5566 86 3386 87
1021 8 936 29 1764 84 5454 97 9835 29 7274 19 2343 32 5579 75 1548 14
1022 9 586 3 1428 52 2938 1 4604 81 9878 32 1160 42 7193 81 2699 40 5066 68
1023 8 329 18 1367 20 2049 61 3989 22 268 81 5468 94 2619 18 5277 4
1024 7 429 54 1452 45 3433 92 8545 87 5547 95 8620 92 4606 57
1025 4 37 39 1039 29 6937 19 285 21
1026 7 199 98 1671 6 1605 83 6719 62 1823 77 5483 56 1444 100
1027 10 174 72 3547 91 6418 27 5623 72 2653 78 7402 60 7620 59 2065 34 6317 50 4145 21
1028 10 692 57 5155 42 9078 38 1752 40 8910 77 5332 27 3042 15 2787 86 7361 75 848 95
1029 6 77 44 1256 45 9054 11 2343 51 2004 74 9877 87
1030 9 748 67 1062 37 3224 23 8228 75 1597 71 6227 93 4037 25 2309 31 7757 81
1031 11 303 39 4835 75 7671 32 98 95 5428 36 9848 36 9251 7 1552 75 2681 74 2886 60 6643 4
1032 7 740 17 1709 17 5541 65 1312 47 1918 87 1399 89 8791 25
1033 10 185 22 1800 52 4075 84 4114 35 6223 28 928 30 688 16 6241 79 7457 38 6177 34
1034 6 962 91 7408 99 6963 75 7798 2 369 26 5225 27
1035 8 276 89 1724 54 4953 62 4874 77 9063 59 5684 92 8277 9 243 46
1036 8 398 22 5998 13 8141 90 5991 16 1636 52 5649 77 5809 4 6651 66
1037 9 918 11 1308 7 3619 75 7165 6 9798 11 8289 57 4050 30 2036 98 3053 13
1038 7 782 96 1066 79 1914 45 3788 78 5374 40 7979 98 4869 52
1039 8 1025 29 1392 89 3382 49 4259 40 4841 84 6349 89 5058 79 9633 46
1040 8 248 63 1060 67 1151 8 1906 72 5983 7 9748 38 2471 60 5776 83
1041 13 716 19 1130 44 1649 78 2643 75 4413 48 5847 4 881 64 217 56 1707 29 9304 41 1333 21 5223 85 5154 53
1042 8 622 40 1338 48 2368 93 3500 93 5767 79 9123 68 4220 32 979 38
1043 19 347 72 1246 49 1290 87 2852 41 3193 88 3506 44 3980 75 3983 2 5460 77 7346 54 8909 97 720 58 4753 21 5902 75 4119 83 1921 9 5112 49 7966 65 559 65
1044 8 253 73 1478 76 6401 71 4481 94 4347 51 1719 29 6097 62 8198 83
1045 9 708 69 2529 58 3795 79 5974 15 8349 61 2549 62 9346 46 1998 65 1207 95
1046 3 2 45 7648 25 3446 94
1047 6 219 87 1394 30 3359 88 4070 71 5320 54 3893 6
1048 10 369 34 5441 77 5602 42 5675 81 3918 34 4887 71 2309 86 24 77 1989 92 5463 32
1049 7 37 37 3103 45 5370 13 4408 29 9683 43 4863 84 8621 30
1050 16 793 70 3578 70 3992 37 4130 50 4934 76 7438 79 8197 96 6508 26 4505 22 8172 63 3638 13 8767 45 7571 34 4785 53 2910 78 5387 53
1051 13 206 66 1231 70 1704 95 2854 47 540 90 7410 92 2596 13 1000 9 8687 4 6543 79 175 33 2488 34 636 57
1052 6 385 42 1511 18 1613 17 8457 34 7467 71 1799 31
1053 11 761 1 1277 11 1863 16 4855 66 7950 90 4229 72 9533 89 8682 12 480 89 2434 10 3626 7
1054 9 1 76 1770 51 5422 67 9024 27 8407 52 92 32 7013 91 2468 34 2120 90
1055 9 113 66 1554 2 4144 81 8751 33 3398 46 1935 86 1591 15 859 25 6146 95
1056 4 761 5 1919 9 9906 95 7163 39
1057 7 360 57 1372 16 1375 80 5320 9 6740 75 6158 3 6562 59
1058 4 895 19 8513 10 2283 83 4791 69
1059 10 415 65 1156 31 1197 47 3595 76 6833 73 7650 70 8479 29 5916 95 2208 63 2708 22
1060 8 1040 67 2306 7 3866 76 6438 54 4789 73 9470 31 432 77 2087 39
1061 6 717 60 4414 53 7729 6 50 99 2030 69 8703 14
1062 6 1030 37 2738 6 4843 35 3085 46 8770 89 4791 65
1063 9 626 93 3292 7 3727 65 3898 18 6981 10 176 37 2628 73 7899 1 1393 71
1064 8 552 98 4712 46 4890 72 1589 13 6220 4 5897 64 2905 75 4343 25
1065 8 146 78 1321 57 2000 1 3176 72 9852 72 418 7 7360 99 407 6
1066 6 1038 79 5453 86 1937 83 6467 22 6891 91 6648 1
1067 10 245 17 1568 47 2456 65 4251 33 6386 90 7812 57 1930 75 8838 3 3672 64 7249 33
1068 8 811 8 2041 10 5102 87 6420 65 4160 52 7236 53 4395 71 8460 64
1069 12 551 8 1507 11 2044 8 4513 82 6187 67 6884 96 6098 34 2199 87 8228 38 8575 81 1237 45 4032 89
1070 12 222 40 4132 56 4486 72 8563 53 8740 19 7333 39 7905 60 320 73 3824 55 6899 96 8209 92 5490 22
1071 7 470 68 4379 39 5587 48 9725 33 1091 67 2408 17 5808 48
1072 10 647 95 2066 81 2170 29 1442 56 9435 35 1107 44 1004 10 8990 74 8238 43 8388 74
1073 4 37 2 5695 3 5934 20 4728 10
1074 8 762 83 1992 5 3362 92 4638 21 6330 45 1085 50 4425 44 4056 19
1075 8 533 75 9526 34 7046 15 7600 92 7400 95 302 23 4723 45 3913 77
1076 7 83 55 1757 72 1837 44 2063 98 2958 18 3479 13 8280 32
1077 8 78 66 1311 97 1736 29 6766 94 6838 65 4770 76 6620 74 1992 80
1078 6 508 73 8965 68 9802 42 4244 75 1527 29 1009 29
1079 10 802 23 1480 58 4982 31 7081 28 5759 25 4834 96 717 34 9676 28 459 72 5730 69
1080 8 256 51 6082 18 9410 93 8279 50 2252 85 27 52 686 88 1193 57
1081 10 570 79 1842 49 9543 24 4075 8 2031 78 1509 96 8576 67 6985 70 1163 69 8371 42
1082 14 460 81 2837 7 2930 57 163 44 1687 79 2085 50 2171 55 4413 56 9984 32 505 95 9712 80 5909 88 3312 68 7050 96
1083 10 253 9 1185 70 2400 7 8042 27 8798 93 7336 73 2531 85 2593 93 7888 78 509 22
1084 12 545 13 2258 68 2329 71 4537 3 9430 79 9071 78 5937 31 6146 76 4698 36 3024 79 285 62 327 6
1085 9 522 23 4429 76 4274 15 4427 51 2279 93 5079 86 1074 50 3117 45 3462 93
1086 8 966 14 1155 15 1208 77 3787 98 9788 33 734 53 5770 8 275 97
1087 10 808 61 1818 56 2862 77 779 83 4681 92 2264 77 1296 35 621 38 9789 40 1200 67
1088 8 891 37 3050 93 7722 54 8291 42 2681 10 6085 11 9779 6 4583 91
1089 5 943 49 3431 1 6969 32 9122 53 463 96
1090 3 968 48 6542 21 5943 95
1091 10 720 15 2053 31 2134 80 6337 14 6386 31 1071 67 5107 18 4787 54 386 90 6891 94
1092 7 513 73 1201 20 9225 2 5593 39 678 40 5093 21 2318 5
1093 7 427 79 1116 91 2720 77 2598 35 4669 87 8564 61 4110 94
1094 9 1017 44 1419 93 9306 48 9880 65 9920 52 869 46 7787 92 3696 39 8216 85
1095 5 229 1 4496 49 6107 32 2325 89 8281 68
1096 6 913 52 3046 1 3316 85 1247 1 1447 71 4643 5
1097 3 915 56 6421 80 1505 20
1098 7 546 39 2116 51 8414 94 9958 41 4510 82 2032 55 2003 76
1099 8 148 35 1826 10 2928 14 738 15 3582 88 2461 80 9570 96 2454 93
1100 12 841 99 5286 93 8839 93 5778 99 8128 82 7815 37 5140 51 5991 49 6418 60 429 4 6895 65 1669 95
1101 9 765 68 7123 78 9154 97 6575 41 5111 92 1447 16 7994 95 6829 22 3879 42
1102 8 474 91 6080 95 2578 71 8114 97 8667 39 2526 43 9238 77 9281 10
1103 10 286 29 2197 83 5836 1 4834 54 1579 56 6042 12 8164 45 9915 74 466 18 4275 18
1104 5 636 11 2298 15 5027 52 4625 25 8438 29
1105 6 532 95 1476 85 2474 24 4136 94 7732 29 4389 10
1106 9 84 27 1275 87 3134 34 6862 7 9325 76 1746 38 6857 85 1674 93 2569 86
1107 5 327 57 3065 25 4898 23 1072 44 5323 38
1108 6 58 70 6946 92 9573 12 2343 87 5388 45 9584 53
1109 7 283 26 1611 69 4823 93 3832 38 2447 79 6726 23 7455 29
1110 11 218 9 1258 69 2437 29 4949 90 5635 67 7474 45 8560 62 2323 63 3212 41 8879 69 7880 92
1111 9 578 74 1342 90 3017 52 5381 38 7013 49 6811 3 556 60 1885 74 333 11
1112 7 332 77 4183 81 4229 88 9182 8 1957 88 8580 61 1197 91
1113 8 433 26 1169 4 1766 17 9266 74 77 37 8967 59 7472 84 8991 64
1114 11 62 83 1786 88 2477 81 2973 100 3397 3 4314 62 2788 8 1295 29 6167 95 1573 94 1684 58
1115 5 602 42 5660 41 5589 12 6297 26 3623 21
1116 7 1093 91 4946 58 7290 32 1892 16 2962 20 641 16 3648 97
1117 8 381 79 2391 76 4254 24 4565 83 6285 28 5771 5 3625 50 7423 46
1118 10 886 95 3056 45 4213 9 6858 5 9385 93 252 51 1165 99 3166 36 9134 88 9123 40
1119 7 838 18 1795 12 2402 77 4447 96 8123 49 5499 79 9162 5
1120 10 274 85 2159 15 4346 49 1357 8 7699 92 9162 35 990 23 1904 18 8845 56 9168 57
1121 13 773 51 2342 86 5018 24 9746 64 9573 93 7339 29 8109 2 953 78 5393 69 370 63 3887 43 7208 5 7258 41
1122 8 784 30 1621 26 1819 58 2383 52 1380 47 953 25 5747 38 1531 93
1123 7 212 60 1242 56 2081 55 1780 33 8594 47 697 52 3986 50
1124 5 59 44 5469 15 3565 64 7514 81 6372 57
1125 7 775 16 1537 92 5656 30 525 47 5535 45 6842 7 6184 62
1126 6 755 62 6739 80 2177 10 1953 22 226 29 8429 85
1127 9 115 79 9411 44 9859 86 7015 4 9173 41 8086 62 5558 26 9287 60 3275 47
1128 8 311 82 2288 83 3276 66 9070 1 7466 91 3890 70 2398 19 8606 66
1129 11 302 53 1742 18 2315 56 5991 18 7956 24 6519 32 6468 2 2172 12 4502 14 901 21 4779 35
1130 6 1041 44 1238 82 1650 97 8457 90 9944 70 1161 86
1131 4 245 39 3664 84 6874 13 2602 22
1132 7 241 61 3811 17 5743 14 9353 75 1141 47 762 78 9395 33
1133 4 750 33 3157 48 2554 41 8589 58
1134 3 918 87 4625 51 9152 68
1135 9 6 25 1535 55 1943 13 2126 59 3208 14 3769 18 8987 3 2423 45 1963 14
1136 8 405 7 8025 85 9072 71 8148 51 8819 83 1183 81 7803 10 93 93
1137 7 103 27 1317 61 2489 23 9261 90 8088 27 2998 58 1719 81
1138 8 471 38 5502 89 1309 3 9665 60 3106 19 472 2 2710 37 4168 100
1139 9 286 77 1297 21 3458 35 4796 85 6023 94 3971 51 7192 23 2073 63 3779 36
1140 12 195 76 1712 64 4649 12 7438 18 3080 15 8924 61 7804 1 4632 68 815 8 663 92 2088 68 3882 43
1141 12 922 56 3291 39 4264 75 7030 78 1132 47 8420 100 3 84 6314 46 1800 92 5030 18 8010 1 5333 86
1142 5 908 90 5800 83 4632 90 7533 75 7585 93
1143 9 313 80 1346 33 2269 16 3516 66 8635 9 4409 93 8136 46 1656 54 9300 35
1144 4 749 72 1883 50 6803 32 1338 83
1145 4 31 36 8278 95 5814 91 1929 58
1146 7 217 46 1978 4 3335 39 184 5 3276 65 4760 1 191 83
1147 5 653 54 1502 3 2604 68 493 5 1223 12
1148 7 803 66 1362 64 2036 73 2145 53 3380 53 5106 92 890 34
1149 8 39 10 1401 92 8624 15 4779 65 3357 86 2754 37 3976 18 3688 9
1150 8 915 85 1166 15 1513 78 2191 78 6561 92 2095 91 3966 50 2687 58
1151 6 1040 8 2943 35 7699 21 8946 53 899 21 2124 30
1152 5 414 5 2893 98 7369 84 6542 5 1385 50
1153 6 196 79 2305 81 3644 62 3483 14 9799 53 5056 55
1154 9 680 60 4411 16 2229 91 8746 97 7663 95 918 55 2378 86 6290 62 5951 42
1155 7 1086 15 5215 31 2284 5 1618 32 6172 79 351 100 5541 46
1156 8 1059 31 2192 52 7048 25 2191 38 454 40 7668 22 8731 99 5817 11
1157 17 626 35 4788 48 5312 37 6081 20 6622 71 9337 36 3776 50 1966 84 1000 82 920 31 2708 3 9627 41 6699 2 7993 49 207 93 7001 47 2644 57
1158 6 346 17 1318 92 3429 98 1993 68 5610 70 6157 1
1159 13 226 60 1541 41 5074 99 6294 58 1415 55 1264 25 4131 14 2507 87 2180 5 1583 23 8936 88 1891 78 7762 4
1160 10 579 1 1386 75 3135 48 4645 46 1022 42 8263 51 3181 40 304 86 792 25 7 67
1161 7 232 52 3747 71 2068 64 835 69 1130 86 5577 47 4665 45
1162 9 369 17 6387 20 8824 71 4208 60 5255 51 565 29 9116 62 2418 25 381 46
1163 8 204 42 2280 88 3958 5 6379 90 1081 69 4491 37 9913 18 8698 12
1164 3 921 8 4131 40 3561 70
1165 11 813 33 7419 14 8680 13 9997 8 3336 34 9694 31 1118 99 5613 94 3073 66 4768 93 7542 29
1166 8 1150 15 2773 6 213 60 8064 6 1965 65 685 61 5735 46 8874 47
1167 4 988 15 1829 10 5705 56 9873 40
1168 7 820 27 5791 56 9113 56 4245 85 3919 1 5738 10 5954 81
1169 8 1113 4 5144 72 6786 38 9030 16 2638 62 5660 6 4929 31 4684 1
1170 7 647 6 7341 7 4580 74 1815 83 6477 68 3794 7 7190 83
1171 10 96 75 1355 16 584 9 811 6 6957 29 6246 3 8851 37 6990 79 376 13 6273 14
1172 11 957 51 1958 96 2436 48 4268 14 9961 32 6860 25 174 92 8470 75 6973 100 3295 60 4219 15
1173 11 657 13 2045 90 2141 60 9867 28 580 2 2397 7 6743 94 3951 94 6233 98 6897 8 5237 37
1174 2 286 31 3105 26
1175 7 69 63 7891 24 7945 40 8071 79 2277 95 9478 53 5043 41
1176 8 995 74 2297 38 7006 51 4716 88 3358 2 9277 56 8496 97 9651 2
1177 5 677 80 2539 66 4110 95 6008 32 356 34
1178 7 578 49 1999 14 8661 48 9519 66 7467 43 5008 26 8918 6
1179 9 495 16 2872 66 5299 78 8784 98 6151 1 3539 27 6255 2 2061 39 8434 30
1180 7 743 9 1259 24 2619 62 7850 59 7000 91 459 65 2329 88
1181 9 738 67 9348 48 9506 67 1946 27 5628 88 941 12 7208 29 8417 19 7242 54
1182 10 311 96 2008 74 3806 77 4635 35 9435 94 4813 92 1871 56 7785 74 7037 81 1655 43
1183 6 963 50 3334 76 1136 81 4004 29 5338 30 5091 33
1184 6 864 34 1820 97 7099 44 212 41 2035 70 903 21
1185 8 1083 70 3686 24 1283 75 455 99 1189 100 4857 55 956 96 4132 14
1186 10 187 50 2682 57 9668 68 4949 4 6338 80 2409 43 1268 53 6800 41 5689 62 3230 30
1187 5 291 13 1398 82 2983 87 3904 64 9375 97
1188 11 747 2 1543 1 3854 88 7812 64 5188 72 2211 46 204 47 4409 3 9137 94 979 42 860 69
1189 8 186 89 2175 66 2601 92 5378 15 906 21 1185 100 3782 34 5054 49
1190 5 875 20 3006 66 9486 11 1676 91 8640 67
1191 6 386 23 1900 63 3899 68 3947 68 4237 42 7745 22
1192 3 820 43 2732 67 9057 80
1193 8 894 13 3515 55 7813 58 6135 21 5646 65 1846 77 1080 57 1578 79
1194 9 558 66 3860 94 6242 80 4755 90 6311 52 6761 43 4611 31 6247 65 4669 33
1195 5 967 75 1549 26 4682 70 6928 51 722 98
1196 10 495 71 1457 32 3044 55 3724 19 16 95 1793 91 1610 81 6569 95 1486 7 1490 60
1197 5 1059 47 5955 16 4152 16 1112 91 5784 43
1198 8 633 15 1436 50 7710 62 4401 43 5492 54 929 50 2499 65 5921 21
1199 11 661 76 2119 65 5781 4 4479 41 8344 82 4507 22 3229 14 3900 76 4333 21 4030 81 9311 13
1200 6 808 68 2406 31 4818 33 4941 40 2542 45 1087 67
1201 9 1092 20 2162 56 5923 48 6332 34 2039 31 2335 27 1957 38 8343 66 3261 73
1202 6 477 99 3400 37 6000 8 7838 61 1679 26 5207 15
1203 6 802 44 2827 70 4186 61 6172 81 7548 16 7033 45
1204 6 360 91 1599 82 2580 12 2090 6 5700 88 4810 92
1205 10 537 3 6115 58 9543 21 685 48 4459 64 1291 31 2953 14 1014 48 6796 46 6088 34
1206 8 779 1 399 61 7550 14 8939 57 2427 56 268 29 2798 40 495 10
1207 10 800 97 9324 51 2622 53 7072 89 7265 85 1045 95 301 82 9736 41 3609 20 6302 97
1208 6 1086 77 2409 16 4112 45 520 35 2578 34 573 16
1209 4 67 47 9187 17 5165 17 1269 6
1210 4 682 92 1885 100 706 73 1819 96
1211 6 833 80 6524 55 931 51 6759 89 8911 89 9784 59
1212 7 911 44 5159 43 9472 2 2169 51 8434 52 5043 72 923 83
1213 3 758 86 4337 19 2347 86
1214 14 98 90 3628 20 3829 80 6541 41 6854 48 2264 42 3268 75 6025 28 6603 73 7794 99 326 72 5370 34 1325 96 1283 1
1215 9 454 13 2333 94 5612 3 6904 25 7114 30 7397 52 2830 28 6399 25 1694 45
1216 11 470 22 2784 86 7955 29 203 21 8391 39 4338 64 8766 98 6417 43 7631 86 9688 6 1348 23
1217 12 133 7 6661 8 8186 50 8463 84 6347 95 7868 3 843 56 4057 95 1007 23 9763 5 617 40 6279 5
1218 8 155 24 2281 67 4550 91 6940 10 7934 7 5856 14 2267 17 909 64
1219 9 894 5 1306 28 1403 52 7746 60 2482 8 5659 64 3733 1 122 41 7730 53
1220 10 609 9 1364 86 1425 86 3699 9 4095 46 9594 83 7302 56 1432 70 5539 62 3218 34
1221 6 324 40 2952 66 4616 96 2976 26 2679 52 1716 2
1222 5 519 28 2730 55 3708 27 8522 68 8225 21
1223 9 681 68 1718 92 1935 71 8295 47 7141 63 3683 88 8809 39 6677 76 1147 12
1224 5 146 58 9578 80 2085 87 5192 58 596 82
1225 5 415 53 1540 80 1575 79 7325 64 39 39
1226 6 90 16 7382 87 9582 93 7476 6 4521 78 7079 76
1227 5 814 15 1501 55 2591 33 8517 74 7464 2
1228 8 195 63 8483 20 4711 6 2759 7 2426 47 688 61 9758 89 9959 36
1229 5 957 3 9235 39 8425 18 8557 99 915 81
1230 6 421 8 1559 14 7644 14 9197 74 8475 63 9632 47
1231 11 1051 70 1352 88 1464 91 2581 11 7912 28 9150 69 4465 64 3511 55 9430 28 733 19 9595 14
1232 4 402 41 4480 54 1387 64 9504 41
1233 4 81 54 9664 20 2836 16 8581 30
1234 8 732 35 1455 15 2094 88 4378 9 460 76 6672 93 2809 40 8631 85
1235 7 958 59 5983 70 7080 14 5679 43 2736 41 7424 98 1423 1
1236 7 837 34 2164 54 5621 73 9734 44 5994 97 574 20 8066 25
1237 5 642 20 1773 36 5807 11 2210 59 1069 45
1238 7 1130 82 2038 83 7057 78 3653 13 2117 59 699 8 8257 9
1239 6 51 5 5466 22 9957 83 1016 73 451 46 399 12
1240 5 615 20 9169 88 8022 99 294 32 7371 31
1241 15 46 75 1282 30 3073 87 7081 50 7128 93 7527 4 6223 1 1525 36 4735 1 9545 70 3542 75 3784 55 7656 59 2147 71 9522 2
1242 14 1123 56 2523 15 9645 83 7077 31 1773 26 583 37 2989 26 4028 23 2337 30 7120 43 6883 68 6610 2 3279 27 6649 14
1243 3 66 19 9727 17 7379 89
1244 6 737 44 6720 54 4138 4 6713 22 2616 85 480 49
1245 14 936 55 1739 1 3308 2 5793 42 3640 93 4507 4 8238 7 4260 5 4770 61 3652 2 7043 74 8475 64 4231 72 7490 29
1246 2 1043 49 1889 42
1247 9 1004 15 1384 96 4309 69 4273 49 1096 1 7369 87 4584 76 3425 31 1818 16
1248 6 194 11 2963 17 881 82 2468 51 5725 9 9750 12
1249 8 328 58 2555 50 4347 68 3001 36 2952 55 2979 52 6387 13 8795 9
1250 10 405 31 1573 22 2613 97 8708 8 1719 36 2272 44 7278 71 1465 100 2507 8 5317 49
1251 9 69 91 1268 78 3105 56 3159 37 3694 33 5828 34 2697 82 9821 72 314 22
1252 11 204 21 1280 21 3712 41 3465 93 2264 71 2601 54 4057 27 7486 54 5565 35 194 41 8393 74
1253 4 609 6 1278 67 7565 54 9174 92
1254 13 496 84 4863 8 9940 88 498 17 4087 21 284 39 780 100 4880 6 3153 61 8745 7 2563 92 4033 67 9365 51
1255 12 393 7 2381 4 3285 90 3514 39 7560 76 6002 24 3751 32 5624 63 2674 32 4108 15 2940 54 5694 71
1256 7 1029 45 1335 19 7865 74 8913 58 379 9 1530 52 6764 49
1257 9 224 67 9889 94 2261 28 5869 72 3088 56 5717 94 5712 87 2284 93 4109 36
1258 13 1110 69 7024 41 8785 32 838 38 9205 42 202 22 3003 2 7236 65 4020 27 9732 3 9423 1 8169 47 2258 93
1259 4 1180 24 8710 99 5486 60 5806 58
1260 3 279 82 5388 65 4926 80
1261 8 200 78 1514 4 2568 19 5248 60 7434 85 4839 79 1578 69 7714 9
1262 7 218 96 2945 74 3785 27 2165 17 5520 60 494 24 4160 59
1263 14 161 39 2096 80 2602 44 101 21 833 99 8713 75 4269 60 7250 15 35 40 7809 56 107 65 1526 32 9030 53 8187 14
1264 7 928 42 5785 72 1794 64 1159 25 842 74 3173 59 1587 37
1265 8 903 94 4338 76 7087 93 7295 93 9402 79 1899 7 240 26 2403 36
1266 8 614 52 2235 69 3892 70 3838 59 4873 57 8614 87 6485 8 659 64
1267 6 505 44 3616 73 8768 44 1463 46 9961 100 2705 79
1268 6 1251 78 1583 71 8535 72 1186 53 460 27 8225 57
1269 10 455 35 2286 49 2873 91 2886 15 3479 20 4039 53 892 83 4602 26 3915 57 1209 6
1270 11 860 44 2670 21 2877 10 3607 97 1003 34 6245 30 360 41 8348 54 3914 81 214 22 347 55
1271 7 733 60 1473 27 5653 13 489 31 3150 90 450 54 4919 76
1272 10 165 63 1369 60 1497 93 1799 54 3192 9 8444 27 3875 16 9207 33 9125 35 3881 56
1273 8 901 86 5796 66 6908 81 6089 79 9222 31 120 1 2853 58 3925 43
1274 7 1015 8 6048 92 4675 21 80 58 560 10 4786 26 3790 2
1275 6 1106 87 5456 34 2634 81 3064 97 206 63 9599 7
1276 5 884 95 4207 69 2132 13 8977 25 8852 56
1277 9 1053 11 1382 17 2755 88 6348 85 953 35 392 65 6510 97 9974 62 3477 43
1278 12 1253 67 4295 70 4721 95 6253 70 8056 9 6523 17 5156 2 653 53 5506 13 4145 7 8750 28 2512 66
1279 13 636 59 3875 51 6670 79 8744 56 2175 36 1742 19 4211 37 8700 54 5515 97 7440 10 4155 70 7601 19 5223 89
1280 10 1252 21 8187 43 1408 45 5135 58 867 43 7441 81 8676 43 496 56 1679 25 537 50
1281 13 612 75 4929 80 9368 51 6542 81 5850 86 8707 92 9835 64 2179 18 4486 71 600 69 37 11 2530 68 4104 50
1282 8 1241 30 2360 61 6168 63 5531 25 4726 4 3764 7 9306 30 4098 72
1283 7 18 87 1660 64 1185 75 7256 69 8241 47 4443 95 1214 1
1284 7 229 57 5278 44 8187 56 3513 65 2782 58 1563 95 2987 55
1285 5 323 18 7997 18 2393 16 831 67 2776 69
1286 7 476 80 3610 84 4260 59 4949 6 9711 31 9678 29 7010 62
1287 3 911 40 5252 9 2227 25
1288 5 910 21 7804 22 2645 17 5012 83 4643 7
1289 10 937 3 1450 21 3333 4 7599 19 2022 61 8109 49 3419 99 7073 10 9352 84 7934 14
1290 6 1043 87 9375 17 7834 5 7055 65 1586 35 3601 41
1291 8 140 52 5349 10 7229 8 2424 14 2890 10 4031 40 1205 31 4522 38
1292 11 293 78 1946 55 1991 2 5140 12 6573 57 6342 52 9439 88 5963 48 4420 12 1771 14 992 31
1293 6 390 35 4747 98 1511 4 3866 80 6463 91 7522 100
1294 9 99 73 1825 76 3477 34 8702 41 6611 66 685 70 678 84 9134 34 1871 25
1295 12 199 78 3210 35 7413 96 1653 32 8502 87 7521 9 7613 71 1114 29 6183 93 2516 73 5391 2 8165 19
1296 13 932 83 3313 14 4313 43 7421 56 8418 98 6249 6 5744 54 1087 35 1927 40 3357 65 5783 74 9554 45 7212 77
1297 8 1139 21 3049 67 3281 6 4156 40 6723 65 9273 34 9830 99 3259 9
1298 4 75 69 5865 72 8009 7 4882 58
1299 7 314 43 1581 75 6601 93 8003 2 9523 93 4673 44 4788 46
1300 6 754 30 1474 17 8209 93 4948 41 9506 85 7434 40
1301 7 714 40 5702 29 4150 32 9883 7 3036 91 5090 26 12 84
1302 6 853 2 2537 57 1903 12 239 60 2232 39 590 55
1303 8 353 84 1931 20 4826 17 8868 100 997 100 3889 89 5855 77 4825 73
1304 10 528 14 8586 84 106 11 261 18 6782 74 6705 38 4429 34 7018 45 4262 32 3044 73
1305 8 69 87 4331 77 7982 72 7888 13 822 4 92 21 4288 57 8813 3
1306 11 1219 28 1912 48 2479 48 3256 18 5997 80 7495 50 904 42 7249 48 153 19 7264 65 779 82
1307 9 861 22 2565 44 8766 75 2511 3 2102 19 3697 89 362 23 4391 37 4495 20
1308 9 1037 7 5222 87 917 33 2319 34 7257 34 9261 30 2020 14 3310 58 6328 37
1309 7 257 5 3371 75 6071 34 6939 100 1138 3 8839 78 9778 63
1310 7 293 27 4711 41 1996 55 3380 59 5905 39 6338 91 3847 1
1311 4 1077 97 2680 68 2750 50 2244 54
1312 6 410 18 2719 96 3378 1 1032 47 7941 97 2835 97
1313 7 458 27 1961 14 2146 23 3116 16 868 78 601 44 6377 21
1314 12 227 33 1366 95 2564 46 3512 53 9081 80 6225 53 3786 97 6673 88 2804 53 251 90 9406 91 3881 89
1315 7 788 93 1371 91 4922 37 6150 2 719 18 1858 39 2796 2
1316 7 178 17 3216 1 3388 87 4852 27 2024 88 3074 90 8522 23
1317 6 1137 61 2137 74 1933 39 646 77 9624 10 2352 76
1318 5 1158 92 2676 83 4108 17 5721 23 9067 15
1319 9 588 84 3126 17 4647 25 5354 82 236 25 9585 51 3433 22 7031 44 6147 51
1320 4 315 52 2605 64 7758 11 8833 40
1321 9 1065 57 1637 97 3019 84 6573 80 4680 41 117 3 1323 68 4110 73 4354 50
1322 7 847 10 2466 82 2470 25 7835 67 6329 57 9565 85 7086 4
1323 9 161 58 2075 38 814 32 6503 21 4407 20 8293 61 1321 68 8854 53 8402 2
1324 3 804 46 1760 14 1973 48
1325 20 423 18 1328 61 1374 70 1444 23 1778 11 2826 56 3243 100 4045 35 5858 88 7964 59 7993 34 8041 89 5970 22 1424 94 1330 95 1214 96 7561 14 2822 20 1427 42 8663 12
1326 7 355 7 3197 14 7744 73 7139 24 9805 33 1750 8 4970 54
1327 5 446 99 9307 18 3415 8 7216 27 5367 56
1328 5 1325 61 1653 52 7354 30 4870 8 4525 23
1329 6 599 26 1432 67 8336 33 5201 7 8314 73 7952 9
1330 10 290 54 2087 85 2668 5 3211 77 4569 62 9159 27 4963 42 1325 95 4010 21 2204 34
1331 5 406 13 3652 100 6443 55 965 1 9890 25
1332 10 394 18 1518 51 2394 100 4947 39 890 84 6744 94 7527 92 9562 1 136 6 6841 39
1333 9 926 44 4227 27 1426 50 1601 10 5469 70 7206 45 7403 33 1041 21 6555 75
1334 3 345 24 4276 17 2972 100
1335 11 1256 19 1423 33 1576 82 1805 17 5763 58 7141 31 8208 73 3764 31 9080 78 8505 30 2549 29
1336 10 304 30 2225 18 2245 83 2752 89 2821 39 5057 50 6580 21 9351 78 5510 6 2461 54
1337 11 972 99 1703 72 2071 70 3361 95 3913 47 1436 99 93 86 170 4 7989 35 30 64 8774 20
1338 6 1042 48 7482 49 1144 83 2920 36 6907 10 4820 24
1339 12 305 43 1629 40 1705 19 2359 83 9999 77 1838 22 6813 92 1482 98 7958 16 1437 15 8118 46 4380 69
1340 3 398 68 1420 44 2484 26
1341 5 842 9 2518 99 1734 54 2494 29 237 55
1342 4 1111 90 1810 40 7208 36 2238 99
1343 6 343 97 2181 2 6442 77 2223 81 1445 18 2406 71
1344 9 134 28 1889 34 2171 18 1799 58 8996 68 4786 34 3814 72 9474 7 8776 38
1345 12 103 29 2627 19 7167 99 7706 41 9324 50 4009 81 8926 40 4057 39 2801 73 8137 66 4671 52 7933 55
1346 7 1143 33 1692 83 7575 62 7737 82 269 64 5439 39 7262 21
1347 6 143 62 1494 28 2324 55 7650 4 2313 26 7791 28
1348 16 433 53 2988 61 5119 84 7870 74 3779 11 8223 69 4930 59 9761 21 2088 16 2909 6 940 31 6975 4 5927 53 3684 14 8238 5 1216 23
1349 7 39 66 4062 91 5311 11 4887 93 5617 77 7174 12 5898 45
1350 8 440 12 3902 2 8595 24 9575 53 3219 55 365 42 1533 45 7204 41
1351 10 1001 66 2944 23 3232 91 9665 55 9626 31 3036 26 2754 36 3031 34 8415 89 4271 20
1352 12 1231 88 1461 69 2739 30 3068 76 3439 7 360 49 9949 83 6111 63 9799 53 123 30 5199 69 8937 68
1353 5 822 9 1910 33 8268 40 4970 15 1843 58
1354 6 573 92 1911 99 2617 31 2638 54 1662 38 3811 71
1355 6 63 22 6823 29 97 46 1171 16 8167 84 4116 90
1356 10 72 67 3390 14 7096 3 2731 2 6546 24 6256 79 2396 67 1798 14 9460 18 21 84
1357 7 501 23 8275 50 9423 1 1120 8 6324 69 7901 49 222 93
1358 9 992 52 2109 56 2313 15 6495 31 157 46 3078 100 6773 11 6117 48 5511 83
1359 8 283 27 2149 19 5156 14 7522 79 5000 38 2217 87 1916 96 9836 33
1360 12 876 87 2525 44 3038 99 6973 94 5761 41 9881 66 8232 100 6233 40 7452 27 2370 7 9312 55 3751 55
1361 11 762 85 1985 96 2117 94 5741 31 8658 13 2299 60 6964 98 5047 7 8514 76 2583 37 6191 72
1362 10 1148 64 5223 65 6791 43 8620 97 5406 83 3364 90 4782 74 2278 13 4999 15 4973 98
1363 13 410 97 1584 63 5385 10 8546 92 4918 91 9039 72 6063 30 5832 13 6058 87 402 19 4170 23 2576 78 27 14
1364 7 1220 86 2690 62 5346 32 3281 59 1749 76 3881 27 180 39
1365 10 176 70 1895 76 4090 50 7886 63 8153 69 98 96 6834 48 2050 23 1907 86 8894 38
1366 5 1314 95 1594 12 4737 10 587 69 670 40
1367 7 1023 20 9687 18 6095 16 7730 44 6468 91 2825 99 1901 15
1368 10 694 86 1975 65 2490 91 2997 71 9300 66 8985 69 3971 18 8966 9 4254 98 2308 24
1369 7 1272 60 2187 27 2369 27 6066 37 9211 75 8415 9 1621 19
1370 8 284 85 8695 55 4522 16 9605 39 1912 59 8987 66 2377 84 1387 69
1371 9 1315 91 1841 1 2348 42 3731 43 4327 53 4983 78 8915 81 7455 67 7959 49
1372 5 1057 16 1564 48 563 14 3557 69 1795 21
1373 3 697 43 5297 12 3600 26
1374 10 1325 70 4718 21 8189 7 5964 61 7570 53 9502 83 7766 16 581 26 1701 82 1642 85
1375 11 1057 80 2221 8 8613 26 89 22 3118 21 6779 32 1997 95 7041 54 4782 39 6679 6 9963 27
1376 3 199 18 3266 43 5668 52
1377 10 693 17 1836 14 5337 63 5620 95 1532 78 9101 83 4569 89 9074 74 4952 40 3206 41
1378 7 249 8 4523 74 6687 38 9451 57 1453 57 6468 7 9747 46
1379 14 434 25 3632 77 3867 3 4190 56 6760 11 3973 65 5208 60 6524 28 9547 83 4734 6 4557 14 1603 47 4772 40 8690 57
1380 15 473 1 2707 73 5161 10 5719 32 5724 56 1122 47 303 98 2974 45 8379 4 4613 28 545 98 9717 23 7096 60 207 32 555 42
1381 8 1015 81 6225 94 3078 21 4928 87 8706 68 1838 69 2328 93 5941 74
1382 10 1277 17 1570 8 3714 11 4065 45 9064 58 2608 65 7662 43 9992 1 5274 48 5806 69
1383 6 851 70 2655 88 8114 57 9445 45 100 37 1752 42
1384 5 1247 96 1945 14 7322 56 6400 68 5094 4
1385 8 993 92 1835 16 2699 65 9762 1 9377 30 1152 50 9290 2 527 54
1386 4 1160 75 3971 4 275 82 3432 37
1387 10 899 41 5417 8 3579 16 1232 64 8496 69 1602 9 9743 63 6393 67 6512 12 1370 69
1388 9 797 39 7211 83 8538 43 9293 59 4020 95 5266 86 875 3 3084 72 7711 89
1389 8 141 94 6145 52 4223 63 1743 66 4936 18 5782 99 1510 62 5906 5
1390 11 772 82 1672 60 2923 15 3264 68 5237 97 2702 75 4918 56 1655 26 1858 44 1433 44 6132 26
1391 8 685 41 4067 1 8812 34 1901 78 81 69 6653 11 1010 97 4610 57
1392 7 1039 89 1460 53 3115 18 4071 86 8394 89 1844 30 7076 82
1393 11 231 90 2799 27 8238 85 9606 94 7569 59 6781 100 5816 73 892 100 1063 71 7633 54 4640 50
1394 7 1047 30 1735 57 7826 60 2081 50 198 47 8177 10 3902 15
1395 8 792 51 3636 15 4387 9 5154 23 450 97 2983 73 3436 97 7122 15
1396 5 482 95 1633 68 1901 33 8364 8 6188 90
1397 10 8 58 8532 78 9529 94 320 29 9948 74 2987 96 8408 41 3755 10 4123 40 9296 1
1398 12 1187 82 3297 34 3504 87 8919 89 9395 25 4158 29 5873 41 4822 37 8909 20 2124 84 8557 17 1532 47
1399 5 389 28 1710 77 7674 75 1032 89 7019 6
1400 4 785 74 5636 63 5888 6 3508 93
1401 14 1149 92 2125 45 2357 87 3990 64 4439 43 5529 74 7450 23 6831 72 7894 73 7438 30 6595 10 8916 46 3713 58 245 11
1402 6 597 70 2350 31 9205 97 4200 77 6755 33 4243 62
1403 6 1219 52 1574 86 7305 80 8895 14 4694 31 7573 100
1404 7 905 9 1608 12 2062 45 6602 27 4678 24 1412 20 2081 42
1405 6 664 76 5492 73 7419 66 381 36 8462 99 4489 71
1406 11 158 61 1817 35 2480 11 3613 63 7558 55 8693 41 5192 24 1684 89 541 21 113 2 1569 87
1407 8 531 81 1619 64 1761 51 4038 74 889 70 4274 17 7646 83 4231 22
1408 5 381 44 1626 95 1280 45 982 6 5323 40
1409 6 872 76 9503 77 2593 70 5293 72 5910 88 9069 64
1410 9 707 88 1988 63 2502 11 9535 11 6225 48 833 12 5201 69 1591 4 2236 57
1411 8 163 66 1618 29 4387 40 5370 16 1729 96 8274 83 5786 51 8365 40
1412 8 431 46 3655 94 4826 49 6465 23 6179 1 1404 20 1592 80 8953 97
1413 4 422 6 1674 23 4195 7 280 9
1414 3 746 98 2779 51 3676 36
1415 13 389 29 1745 77 2603 79 4704 25 5692 37 1159 55 729 29 3740 49 8110 68 5035 76 7138 89 4445 48 1 97
1416 8 580 24 7122 81 7102 63 6336 59 1860 92 6432 62 7240 53 2993 38
1417 13 576 85 1763 84 3372 2 3487 15 3831 98 5503 50 5958 62 7428 94 8537 40 8849 18 642 26 7857 6 5896 51
1418 13 938 82 1555 87 1647 88 3215 26 3235 82 4168 80 6567 18 7972 50 9083 30 4424 25 395 100 1549 97 2722 17
1419 6 1094 93 6761 23 9526 75 5802 32 593 67 9179 45
1420 6 1340 44 2361 55 2905 96 8298 10 3611 54 6244 62
1421 5 450 28 9547 69 6937 85 3307 43 5604 72
1422 7 148 16 2684 39 6840 26 1667 73 5538 45 2823 35 84 37
1423 9 1335 33 1530 80 3262 46 4149 70 5863 85 1623 50 2386 49 3870 30 1235 1
1424 13 584 80 1526 52 2147 71 2683 91 5430 81 5803 44 6777 56 5237 25 1325 94 8651 55 7505 85 138 15 2623 16
1425 7 1220 86 5950 79 1433 98 647 68 1731 68 1747 19 193 5
1426 8 891 8 1886 46 3300 76 3365 67 4349 62 1333 50 3363 62 3075 31
1427 8 323 87 8558 37 7121 83 7882 4 8496 88 1738 47 4790 29 1325 42
1428 7 1022 52 4134 72 8905 70 601 1 9058 68 5584 90 9450 31
1429 8 966 32 2889 75 3745 23 6656 27 4837 51 1908 79 3166 47 7188 24
1430 8 69 69 4495 97 7403 17 8392 75 7721 16 9729 7 2760 88 9177 84
1431 5 659 97 6342 23 2561 33 2733 98 5176 65
1432 7 1329 67 8091 31 3348 27 1220 70 7003 81 3088 83 4670 25
1433 7 994 70 1425 98 7079 54 2492 53 5013 91 1390 44 9267 19
1434 8 226 19 2167 55 7830 39 187 68 5250 68 3835 88 8016 1 6990 34
1435 9 161 96 1959 79 2002 7 6483 9 9910 81 1928 22 8054 81 817 58 5568 5
1436 8 1198 50 3001 35 8864 61 1337 99 574 36 6570 32 8801 65 6645 47
1437 7 625 63 2160 40 6302 21 3017 6 2592 99 4271 88 1339 15
1438 5 484 82 1734 29 5071 22 7909 67 6180 67
1439 5 390 84 1504 85 1544 88 7793 81 2903 3
1440 8 137 75 2558 12 7746 20 7040 62 8217 44 8641 87 6240 38 769 96
1441 8 934 40 1693 15 9534 45 2444 28 8704 14 7158 13 5155 24 3217 36
1442 16 714 48 1520 92 1714 33 2632 18 8828 17 1072 56 2282 45 6687 27 83 52 4242 74 7625 52 858 26 6240 30 3293 43 2600 20 9678 13
1443 9 408 86 1753 59 2208 50 8055 28 9364 19 3109 29 9649 98 7186 25 271 42
1444 7 1325 23 198 11 5240 78 9500 73 7875 90 1026 100 503 40
1445 5 912 57 1947 32 1343 18 8782 3 6080 51
1446 10 77 31 1560 79 3340 26 9397 60 8987 46 9271 30 8077 59 5908 10 2327 54 6869 60
1447 6 847 53 830 79 7066 54 1096 71 1101 16 8681 94
1448 7 975 73 3555 52 3249 70 7647 43 2611 82 1648 73 7623 68
1449 8 534 52 1713 23 3307 5 4351 23 5613 27 5688 46 6021 6 8804 12
1450 8 1289 21 1488 61 2215 74 862 53 1001 98 4629 33 3189 49 5963 1
1451 5 90 76 1627 7 2908 98 5080 58 2426 87
1452 10 1024 45 3089 99 5607 79 5022 25 567 35 9974 27 9957 54 3963 3 6093 76 6258 41
1453 13 554 100 1498 50 3028 5 4631 84 6177 50 7223 24 9318 76 1845 93 1378 57 954 27 72 15 5443 86 1583 85
1454 7 325 94 3878 97 8832 4 9818 30 4993 38 5354 45 2158 20
1455 10 1234 15 2888 14 2866 61 5924 29 658 86 4239 52 9437 33 1934 66 153 59 7662 45
1456 7 326 22 4151 38 4221 45 149 80 3974 91 5401 30 5330 88
1457 5 1196 32 2252 98 9314 19 3771 85 9126 7
1458 6 231 66 1905 21 3608 92 3042 87 7636 8 8881 62
1459 10 908 62 6394 60 8579 71 7694 88 8722 81 9372 53 1904 59 7296 37 5550 52 8577 3
1460 4 1392 53 2156 77 2652 23 2943 29
1461 7 1352 69 5096 94 5956 34 7416 92 307 88 668 46 86 57
1462 10 34 56 2032 97 4316 19 2394 37 296 76 8744 20 8008 9 1912 36 8690 86 2236 52
1463 8 394 37 2356 95 2685 75 3760 15 8651 41 1267 46 5945 16 9669 94
1464 5 1231 91 7342 84 6910 46 359 56 791 95
1465 4 90 47 4781 20 1250 100 3706 25
1466 9 198 28 1785 42 3033 29 8685 77 8868 41 9645 39 4485 5 3621 53 7896 1
1467 14 979 46 2337 25 4273 90 4685 57 5751 13 4802 71 839 49 7502 1 5348 36 6640 30 3640 65 47 19 6035 85 4846 6
1468 6 569 31 2562 80 8640 42 2451 1 4694 39 7053 48
1469 12 379 4 3661 16 4745 38 6234 27 8935 100 8477 23 2115 57 9061 58 4398 47 367 4 6607 75 5295 71
1470 6 938 58 4587 80 782 89 7461 76 9949 6 2147 4
1471 9 136 93 1707 77 1986 37 4568 80 7347 10 3304 72 8126 14 9737 67 8296 97
1472 9 73 66 2497 17 9741 25 3374 82 5971 58 3496 52 9481 94 8782 28 2100 60
1473 10 1271 27 1605 24 2237 43 2716 26 3342 70 5969 7 7254 26 7213 97 8845 36 5089 52
1474 7 1300 17 3425 93 3505 47 4004 79 8736 51 1861 49 2676 55
1475 8 177 67 3004 33 3060 50 9308 13 3425 74 3661 92 6552 10 1901 81
1476 6 1105 85 2178 57 9996 60 2277 87 7977 82 2039 11
1477 8 403 67 3206 66 4441 28 8614 14 9231 13 4466 82 406 43 128 87
1478 8 1044 76 2895 3 7897 11 1925 9 2512 63 2222 4 8875 28 9579 68
1479 10 734 44 2516 52 4748 19 3653 80 2469 100 4719 26 1927 82 6785 25 1971 43 1922 14
1480 4 1079 58 3734 11 5062 72 6491 48
1481 10 503 6 5186 5 9539 17 7055 5 7528 75 8216 44 8588 4 3073 41 2761 77 8700 49
1482 7 879 49 4052 71 9296 88 5421 44 1339 98 6939 64 8100 62
1483 6 432 70 4695 60 6314 98 5176 31 8084 82 5739 93
1484 9 781 91 1950 68 833 61 4209 94 760 36 8603 3 4220 2 9803 57 9560 44
1485 7 876 42 8832 25 4380 42 4080 85 974 40 5484 68 9551 89
1486 5 173 5 2168 54 95 94 1196 7 303 86
1487 7 976 47 1924 33 2332 87 3844 31 9157 84 1561 93 2586 100
1488 10 1450 61 5515 95 5896 83 7096 14 8087 1 2964 57 2728 47 1709 37 4929 66 5339 65
1489 5 621 36 4005 33 2487 13 2460 30 5654 87
1490 9 63 25 2733 50 3988 76 8050 12 254 9 6122 88 1918 37 1196 60 7669 48
1491 7 713 82 1556 66 3473 94 5203 31 3681 96 5165 8 8500 48
1492 4 914 74 9409 36 4393 20 9591 73
1493 6 39 24 1775 26 1843 8 4477 11 9800 45 6330 90
1494 9 1347 28 5970 39 7453 86 1853 52 7990 43 5347 88 5181 35 6709 49 6575 9
1495 5 241 67 3120 52 4352 39 8928 62 8150 21
1496 8 201 88 2517 59 4420 50 6112 14 1760 47 1625 88 4983 66 8315 6
1497 3 1272 93 1827 54 3955 43
1498 10 1453 50 1833 83 4394 95 5470 58 7236 23 8604 15 6529 2 5193 74 9515 53 3502 80
1499 4 34 39 8438 55 7721 2 6573 90
1500 9 201 57 1607 15 1808 64 5868 33 9251 16 9427 38 2519 13 775 12 5279 26
1501 9 1227 55 1727 6 5886 72 8157 21 1684 26 9332 99 1880 42 4257 4 8669 9
1502 4 1147 3 3752 16 8049 10 2553 30
1503 6 1001 61 2154 83 9123 47 5414 91 1796 37 8202 34
1504 7 1439 85 3852 57 4620 61 2703 6 279 68 7654 82 124 87
1505 13 962 4 1965 31 2679 75 9642 2 9670 98 6367 96 7254 69 7603 1 6007 2 1796 18 6657 94 8567 50 1097 20
1506 11 693 73 1882 45 2964 18 7380 28 2743 93 9509 14 2125 87 2109 100 4014 11 922 3 1610 85
1507 15 1069 11 1996 59 2419 9 2557 70 9386 99 2282 87 2401 63 8118 44 9035 14 2329 90 6430 41 2566 73 2200 23 6066 24 3499 75
1508 13 50 30 2100 29 3079 80 2200 43 9378 1 3212 83 5909 89 4371 55 4731 3 4428 38 6290 95 8006 78 6005 10
1509 8 541 51 1879 84 6868 54 6747 37 1081 96 582 4 6027 57 4142 2
1510 3 11 42 4837 100 1389 62
1511 18 1052 18 1691 68 2294 74 3029 50 3698 35 3741 21 4527 55 6654 68 8757 14 1293 4 4833 13 3329 71 7942 38 4223 93 5865 57 3626 30 8443 62 405 58
1512 6 565 47 3449 88 6725 91 4561 93 7096 73 4870 48
1513 8 1150 78 9930 47 5430 3 69 47 3380 46 4549 41 2417 87 117 68
1514 7 1261 4 3195 15 1788 41 5601 70 1939 41 9186 7 2011 12
1515 7 486 33 1877 93 4324 74 8319 14 2358 60 9919 92 3551 83
1516 12 172 76 1632 91 2734 1 2946 10 6127 58 7170 44 7555 15 9082 71 500 65 944 20 5600 11 2205 90
1517 9 283 63 2133 73 4931 90 7573 91 1690 37 3469 17 8083 64 694 42 472 16
1518 12 1332 51 2088 1 3332 12 5600 87 7378 26 9311 86 930 35 8912 42 5876 98 6814 4 3126 100 852 40
1519 9 723 74 8600 7 6506 80 2051 22 8445 67 8506 25 6715 19 9943 79 4372 73
1520 13 1442 92 1807 97 2118 6 2131 59 3864 97 6964 83 6200 80 1583 89 2692 42 229 43 6220 55 3739 12 3414 60
1521 9 706 58 3939 43 2887 5 5494 72 5283 25 7752 38 8583 32 403 40 7852 2
1522 7 916 51 3130 51 89 52 3966 75 6158 32 2201 51 6143 80
1523 7 970 77 1963 75 6195 23 8154 84 8965 6 6826 74 1827 21
1524 9 178 8 2035 89 6930 85 378 74 9572 34 6473 41 1015 99 5724 98 729 78
1525 6 1001 37 2089 30 2965 84 2518 9 1241 36 6322 74
1526 10 1424 52 1590 8 5596 36 2120 90 5847 68 1263 32 760 68 1795 55 8118 84 4969 80
1527 9 777 64 2203 88 4314 10 1078 29 3204 14 4963 67 9496 50 5630 39 8191 51
1528 6 569 82 6453 42 2648 62 7302 68 6240 32 7341 31
1529 7 862 34 1913 100 9465 6 1890 98 9352 30 6109 46 2473 55
1530 8 1423 80 1617 50 5664 54 414 58 1256 52 8228 78 2199 91 102 28
1531 13 763 61 2283 64 5856 72 7842 90 2715 8 8703 89 8163 39 3435 99 8691 62 1122 93 111 100 68 75 4101 8
1532 5 966 82 3764 71 9651 20 1377 78 1398 47
1533 16 91 53 2735 76 3662 2 3896 57 4266 36 5706 22 8281 54 8760 3 8904 8 569 14 3288 79 1350 45 7867 12 5186 8 248 81 3072 31
1534 8 373 15 9406 65 6299 43 7160 36 5259 19 9213 69 1600 4 3104 57
1535 7 1135 55 2844 41 3118 12 5878 51 1766 3 5692 85 3631 37
1536 4 874 56 1750 65 7818 54 7593 23
1537 7 1125 92 9633 61 5788 23 8850 35 8933 44 9297 19 3708 15
1538 8 856 78 3102 45 8098 8 4171 58 6991 75 6351 99 4417 86 407 1
1539 2 612 33 6098 25
1540 6 1225 80 8031 13 7923 55 2258 64 8613 49 5659 19
1541 7 1159 41 4291 100 4825 59 8491 60 8623 13 251 48 3322 86
1542 5 982 20 1823 93 5438 37 5268 29 7329 59
1543 6 1188 1 2270 29 9732 73 4904 81 7809 14 8464 58
1544 6 1439 88 9052 55 828 5 5171 8 5051 68 3051 34
1545 8 69 48 3043 15 4595 73 7605 52 1714 68 48 86 737 62 2038 64
1546 7 492 12 2023 43 6825 87 8814 74 3744 61 4484 1 4727 4
1547 7 151 83 3008 25 9028 7 2885 78 5315 70 2684 73 7952 69
1548 9 951 86 3977 31 5988 66 7879 92 8633 87 6782 4 1021 14 4012 84 7988 44
1549 10 1195 26 3376 46 4402 26 6073 82 6702 39 9922 86 778 9 8944 79 2086 25 1418 97
1550 13 947 90 1944 28 3094 49 6555 90 7195 32 3514 70 2676 65 3599 67 8965 25 8329 53 8026 13 3839 40 4997 76
1551 5 108 23 6752 6 3748 91 6891 46 462 81
1552 12 400 28 1630 64 2723 5 3633 57 6569 52 9590 12 2234 11 1031 75 4001 78 3873 80 4016 62 5150 78
1553 7 778 42 2567 65 7727 35 655 77 4714 14 3612 28 77 53
1554 3 1055 2 2234 8 9633 8
1555 7 1418 87 2993 4 9097 66 6153 14 5995 30 3168 21 6514 80
1556 11 1491 66 2454 67 6182 84 7011 66 7963 57 4300 7 6404 85 530 20 2870 36 9130 75 3040 94
1557 4 756 100 3938 95 891 42 446 49
1558 9 825 44 1721 47 2011 27 8963 89 4460 53 8658 29 2447 65 2013 55 5816 79
1559 6 1230 14 4025 75 4209 88 6611 46 2042 48 4501 63
1560 8 1446 79 5840 59 7866 1 7946 39 2733 76 9338 76 1927 96 3954 15
1561 10 240 41 2481 53 4126 77 5605 83 1774 86 1487 93 5802 75 3384 66 6173 16 2836 35
1562 12 293 34 6520 43 9839 67 9456 65 384 46 8511 83 4369 7 7938 45 1721 27 808 39 5637 32 6950 95
1563 18 106 18 1609 54 9301 69 9555 92 3115 26 5626 74 7966 76 3785 95 1284 95 4370 7 4087 61 2282 2 772 35 458 11 7096 71 8195 54 3103 48 2344 80
1564 7 1372 48 4232 29 4391 6 5402 28 603 93 9785 91 9764 36
1565 8 632 17 7325 28 981 35 7677 79 9096 74 778 71 3468 40 5947 27
1566 8 906 73 1694 48 2279 43 3394 6 5071 36 898 100 1618 99 7182 89
1567 7 480 27 2314 7 6952 57 8729 49 3789 21 5028 89 9391 79
1568 9 1067 47 8996 15 343 15 4116 15 8254 52 2689 73 9492 55 7680 90 367 28
1569 7 540 22 3467 78 3784 27 9732 20 1406 87 5519 43 6761 11
1570 10 1382 8 2414 38 5143 68 7430 24 9699 95 7365 22 5430 60 3118 37 2514 71 3707 16
1571 8 952 2 1951 41 7379 77 5026 81 7217 40 183 7 8361 40 6608 48
1572 11 496 2 1625 22 2829 90 5590 72 6684 66 4723 76 2161 30 735 71 8949 81 2869 77 867 94
1573 6 1250 22 3594 11 5797 94 1114 94 2618 17 6577 76
1574 8 1403 86 5116 71 8456 67 6291 89 3918 22 7280 91 2181 92 5746 47
1575 9 1225 79 8944 90 7834 50 2359 21 182 7 592 60 9834 16 7221 48 136 20
1576 11 1335 82 3299 7 9795 16 9399 1 3534 26 3254 86 6041 59 1972 67 536 22 2647 28 4506 62
1577 12 235 80 1791 39 2158 99 2303 44 8843 95 890 51 8631 63 6544 46 5956 38 8048 65 6376 53 3817 10
1578 11 888 12 3789 72 5938 50 6857 46 9257 83 3287 28 2160 86 1261 69 5163 37 1193 79 6962 1
1579 4 923 79 5240 30 6981 46 1103 56
1580 7 136 48 3849 60 9722 21 6526 11 824 17 7168 81 293 66
1581 11 1299 75 2788 77 4780 58 4786 57 5091 72 7685 55 1687 34 3714 53 7091 90 7611 20 8473 55
1582 11 401 26 1640 10 2331 94 4472 18 7597 98 1606 69 4811 42 6476 13 7492 57 5725 55 3059 64
1583 12 1268 71 1716 59 4624 94 4928 84 5112 31 1520 89 2104 91 553 88 5624 4 1159 23 1453 85 1611 63
1584 6 1363 63 2531 90 2697 94 7390 30 615 1 9161 10
1585 4 257 81 6431 76 6727 17 2687 33
1586 8 245 10 2015 50 2442 37 4051 38 5708 53 5979 57 1290 35 5112 42
1587 6 229 34 2528 1 7493 56 507 46 1264 37 1907 53
1588 6 929 40 3348 34 2578 41 1649 46 9455 12 1675 4
1589 6 967 22 1781 16 8307 46 1064 13 7352 17 3661 91
1590 3 1526 8 1623 58 9555 72
1591 11 90 27 1612 79 5245 13 4517 91 8884 95 8094 84 1055 15 2876 92 1410 4 6175 99 2864 55
1592 11 217 41 1686 74 2587 59 4616 32 4220 72 32 8 5437 37 1768 80 5343 64 1810 5 1412 80
1593 10 189 3 5933 56 9949 55 5744 37 4739 100 795 58 5012 32 55 50 8033 56 1945 72
1594 12 1366 12 1957 91 1994 50 2658 16 3688 39 8348 78 5066 25 3444 12 7872 25 1960 18 4566 8 6336 44
1595 12 52 65 5824 43 8692 44 9484 48 739 85 8418 11 1694 9 3267 24 2707 25 2667 76 6329 38 5913 3
1596 4 1012 10 2140 91 4017 82 8553 19
1597 11 286 83 2060 90 2077 61 2501 34 2655 56 3177 93 4700 64 6215 53 1030 71 5785 56 9864 87
1598 10 156 74 1645 28 3012 9 6688 63 2298 42 3350 20 8710 91 3754 61 6060 74 38 50
1599 9 1204 82 3418 99 3422 26 4383 37 4603 58 8813 15 982 88 2669 22 6826 75
1600 7 353 79 2138 2 5962 62 1718 31 6285 66 2506 82 1534 4
1601 9 240 13 1888 68 2534 72 1630 83 2374 86 2593 76 1333 10 304 90 2510 24
1602 8 539 25 4131 40 5649 58 3207 47 2589 50 1387 9 5745 83 3845 65
1603 10 482 33 3642 34 5954 18 7922 14 7755 94 7685 79 2517 69 1379 47 19 31 5503 84
1604 13 337 48 2956 100 8277 54 4323 77 6428 73 8807 18 27 70 5881 59 5708 11 3993 77 6531 4 2425 81 4390 60
1605 8 1473 24 4171 100 8822 36 8665 8 1026 83 2812 39 1990 34 1001 28
1606 5 526 1 3923 9 4808 9 1582 69 367 77
1607 7 1500 15 5420 49 6219 21 7288 87 237 6 9448 60 9047 50
1608 7 1404 12 3015 58 1922 86 3137 20 9391 91 3693 62 221 93
1609 7 1563 54 1873 28 4197 81 5641 25 1830 54 6601 93 5017 18
1610 8 970 29 5949 88 1196 81 5555 48 923 65 7148 44 1506 85 1648 12
1611 11 1109 69 2057 38 2698 82 5893 24 9870 100 6492 76 7332 31 4714 53 6016 24 4396 99 1583 63
1612 6 1591 79 9215 54 124 26 5966 99 8177 73 2413 16
1613 6 601 38 4015 48 6451 81 1052 17 8789 88 5387 82
1614 10 810 45 2439 24 2883 10 4986 35 3753 1 251 37 8216 91 3786 98 2523 96 6201 93
1615 6 296 44 3802 47 2153 61 2277 39 2441 64 9325 92
1616 4 60 11 4014 77 6919 68 2728 84
1617 6 1530 50 1793 20 4787 46 6515 71 8646 76 784 41
1618 8 1411 29 1698 91 4374 85 5252 67 1155 32 5942 40 2542 36 1566 99
1619 7 1407 64 2262 88 6828 74 8704 96 3753 59 3851 7 3254 4
1620 6 309 75 1772 42 3466 76 8738 8 242 76 5683 14
1621 9 1122 26 2065 41 6251 26 8111 78 9581 35 8796 45 2467 48 1369 19 8140 73
1622 11 17 25 1654 29 2284 94 2749 71 7905 2 6906 96 2249 90 7960 50 480 36 9922 45 9572 20
1623 8 1590 58 2120 23 4612 53 7125 14 2113 33 4655 36 1423 50 5593 79
1624 7 864 39 2667 10 7984 97 4406 19 1802 90 1922 89 9889 69
1625 8 1572 22 2919 62 5009 68 8289 34 8649 1 1496 88 3220 85 7156 28
1626 4 1408 95 8867 55 287 69 9912 62
1627 10 1451 7 4280 49 4576 3 4936 47 8941 55 812 59 4462 20 5585 77 6832 6 9555 87
1628 6 161 41 2033 37 3381 55 434 41 8850 59 3898 36
1629 7 1339 40 4381 8 5104 10 4633 38 7634 100 3869 55 438 63
1630 10 1552 64 5532 48 3151 50 1601 83 6011 80 3664 28 5315 5 6932 50 7787 92 1984 75
1631 8 423 2 1811 34 6320 31 9992 9 3566 97 5171 69 3656 80 8059 11
1632 6 1516 91 4723 4 6359 74 8642 21 7349 4 391 100
1633 3 1396 68 2083 73 7988 91
1634 6 154 39 2183 87 3237 60 6445 24 7938 72 281 23
1635 7 352 93 9316 44 6942 2 6427 10 1658 29 5892 91 3243 7
1636 8 276 87 1655 80 5394 46 8856 24 28 73 1036 52 8957 77 9169 51
1637 6 1321 97 1802 29 2600 56 9870 2 9940 84 2884 95
1638 3 36 71 8997 7 6799 25
1639 6 663 25 2043 97 3383 86 138 34 7153 46 6453 34
1640 2 1582 10 2048 30
1641 4 651 35 1838 91 7583 8 6968 61
1642 8 89 70 2486 50 8727 44 4426 48 5412 84 3026 61 9745 62 1374 85
1643 5 453 82 2722 32 4752 70 3449 77 8447 28
1644 8 798 73 1665 68 5504 59 5776 18 8257 8 5678 16 2188 26 3363 39
1645 4 1598 28 8944 23 8355 46 9014 6
1646 8 233 21 1749 55 790 39 9095 50 2981 7 6471 54 54 13 9103 98
1647 10 1418 88 1685 24 1720 22 2763 33 6450 48 5346 32 639 91 2054 79 3796 34 8250 43
1648 9 793 99 5423 85 9887 90 6072 43 2732 84 1448 73 1610 12 17 34 5271 6
1649 11 1041 78 2871 62 3343 37 8010 29 9498 37 6247 66 9552 51 1588 46 3735 50 3286 43 286 100
1650 4 1130 97 2073 33 2223 45 8977 20
1651 6 410 68 4050 77 7312 19 2596 19 3564 34 744 55
1652 9 218 97 1953 5 2006 31 3741 56 8539 51 8459 71 5679 30 733 19 9771 83
1653 10 1328 52 8154 75 2375 88 1295 32 2928 11 9809 14 3776 92 6026 42 6933 46 6522 28
1654 6 1622 29 2574 95 4462 82 6356 23 9593 11 8783 89
1655 6 1636 80 7394 26 1390 26 6502 38 1182 43 3905 5
1656 6 629 33 1938 74 1720 94 1143 54 8003 30 951 26
1657 7 97 92 2867 10 7018 64 7443 98 1738 24 6772 34 3439 84
1658 8 58 82 2165 11 9837 89 4914 4 408 63 9947 15 1635 29 2092 68
1659 8 255 94 4793 89 7683 47 3733 53 6415 48 3172 30 1823 37 5422 37
1660 8 1283 64 2410 2 2477 66 2306 9 588 63 6270 8 9115 23 2083 63
1661 14 432 54 2851 45 933 85 2315 1 618 24 4520 48 799 1 208 3 3247 45 5068 1 802 81 9315 55 9159 94 6138 43
1662 9 277 5 7705 53 1354 38 51 12 6284 27 5018 70 9685 6 3193 5 8886 75
1663 7 508 25 5841 5 8896 1 4755 62 9466 57 4241 33 8182 71
1664 6 44 67 2027 87 3739 13 8408 33 7393 94 5817 36
1665 9 1644 68 4500 1 7837 49 7257 87 6949 70 9379 76 6692 47 2054 2 953 92
1666 6 959 12 3173 86 2719 42 2085 75 7702 72 5715 2
1667 5 78 33 6158 77 1422 73 4880 91 9970 71
1668 9 223 70 4569 61 7277 7 4028 66 8971 61 8514 74 4791 65 1757 64 3054 42
1669 7 722 41 3070 32 3184 69 2772 82 930 80 5980 90 1100 95
1670 6 154 90 8514 99 6557 74 6391 34 7223 28 5728 79
1671 6 1026 6 1902 4 4185 30 6307 72 6406 52 7198 41
1672 4 1390 60 2755 54 321 76 8116 86
1673 7 115 2 4093 30 0 90 4095 58 6144 66 4170 70 7653 17
1674 3 1413 23 9505 16 1106 93
1675 9 49 64 2190 95 8947 96 3937 56 7441 66 8658 38 7946 73 6562 77 1588 4
1676 9 375 48 7240 60 8446 8 6727 1 3041 16 2831 93 1190 91 3039 17 9960 32
1677 2 975 39 240 88
1678 4 112 41 2657 38 5459 86 3720 51
1679 6 317 62 8065 48 1202 26 8796 60 1280 25 1684 7
1680 5 540 8 4731 84 661 35 9851 10 4127 47
1681 6 546 3 2302 96 6622 66 1849 55 6236 78 4478 1
1682 8 263 97 2260 92 5220 87 8276 29 3004 83 7298 3 7888 61 3879 66
1683 8 399 87 2727 28 6039 44 5270 20 3301 65 4357 49 951 33 8248 49
1684 13 560 16 8255 63 4144 26 5328 49 1501 26 1406 89 813 83 267 46 1114 58 6699 80 1679 7 8543 59 1852 72
1685 5 1647 24 7565 35 2949 40 6837 31 5530 95
1686 5 1592 74 3912 8 5899 73 32 56 1691 40
1687 12 708 15 2107 5 2438 40 2451 85 2880 99 776 85 8012 23 1581 34 6177 17 1082 79 6254 91 263 23
1688 10 88 63 5720 81 8601 18 4441 71 9835 32 1740 46 1957 49 150 1 2673 20 2349 73
1689 8 445 48 1908 84 4560 59 2243 17 7309 86 3021 94 7404 9 6582 45
1690 7 54 21 9694 74 1517 37 3645 36 4600 16 9553 64 1828 44
1691 11 1511 68 2367 51 7810 95 8838 89 9198 52 5766 65 8889 41 6692 19 1686 40 4135 58 4014 89
1692 8 1346 83 1844 55 3064 30 5819 34 6863 93 9391 61 214 91 8235 22
1693 5 1441 15 2737 20 356 40 6071 41 8752 80
1694 8 1566 48 5204 12 7276 76 1872 4 1595 9 676 54 4398 2 1215 45
1695 13 60 70 1984 12 2378 15 4766 24 8842 57 4183 46 2499 42 7596 57 2113 13 7567 25 6174 15 8385 76 274 10
1696 8 97 48 1974 7 2471 57 9290 45 2692 7 7554 48 5626 19 2735 85
1697 5 823 19 3236 25 5498 34 8320 62 701 83
1698 6 1618 91 8961 11 9541 34 1902 56 887 30 9279 9
1699 8 430 86 7634 52 8847 35 5825 29 4318 24 9329 5 2856 65 9574 50
1700 6 496 65 4655 75 5285 68 6120 34 9511 47 2189 12
1701 7 384 2 549 58 8184 27 6192 66 8433 31 1374 82 6578 80
1702 8 190 2 2560 45 4489 97 2244 85 7704 41 6299 88 6470 69 18 57
1703 7 1337 72 2285 47 9369 76 3162 78 1930 17 333 86 780 83
1704 8 1051 95 3936 58 4773 71 159 75 4682 55 4465 7 3268 70 686 14
1705 5 1339 19 1918 17 4573 26 3187 72 9004 82
1706 7 912 64 3871 8 5393 1 9213 82 3597 77 2641 81 6757 63
1707 7 1471 77 2384 48 5882 96 1041 29 421 81 7096 89 7189 77
1708 5 869 67 3149 33 9588 60 3085 7 2290 13
1709 6 1032 17 6551 62 1488 37 4070 93 4860 77 5040 21
1710 7 1399 77 4212 53 4844 96 875 78 732 48 4776 33 7267 19
1711 8 927 78 1780 19 1798 90 5171 15 6115 65 9292 37 4122 35 9389 96
1712 11 1140 64 3600 61 3825 17 5876 41 7010 74 4982 23 4098 52 661 79 4826 2 7603 54 7116 44
1713 7 1449 23 1801 61 3419 14 5158 17 8457 57 1983 71 5630 4
1714 8 1442 33 4382 51 6705 99 1545 68 6155 81 4161 8 3291 54 5150 71
1715 7 401 79 6639 73 3917 87 6275 7 2141 91 84 2 7475 62
1716 14 1583 59 4792 86 9532 89 4018 69 2750 61 6634 53 3539 12 1971 46 9757 53 1221 2 111 73 7697 29 9196 97 2072 37
1717 6 406 51 6165 2 9166 21 7493 15 763 36 6847 27
1718 6 1223 92 5491 80 6278 56 1600 31 2032 75 2223 18
1719 11 995 37 3436 83 7143 96 1250 36 1044 29 709 55 6441 63 4020 70 1137 81 4387 48 8422 46
1720 6 1647 22 3109 18 1656 94 3664 52 5904 20 79 74
1721 10 1558 47 2093 25 4665 83 7437 100 6688 15 1562 27 7650 76 7229 92 2460 49 8890 67
1722 5 540 44 2254 56 8014 95 8849 54 2935 36
1723 6 968 16 6286 1 3676 73 6442 19 2684 80 5303 33
1724 8 1035 54 4524 96 7029 84 4137 92 2517 42 9663 34 9241 90 7668 76
1725 5 54 58 1751 37 7023 34 8137 91 699 19
1726 8 559 50 2541 52 5047 55 7053 79 7161 50 5207 3 4953 70 4 36
1727 8 1501 6 1976 1 2029 97 5360 5 722 37 8618 63 405 84 3081 49
1728 7 332 17 6824 92 6431 38 3653 66 9889 67 29 35 570 81
1729 5 725 68 2744 93 5616 79 4714 61 1411 96
1730 7 158 33 3075 57 5812 6 6616 82 8258 100 1823 84 4362 72
1731 11 790 70 1747 54 2177 9 5126 8 8758 43 8519 34 707 86 5180 49 8400 98 1425 68 2384 56
1732 10 697 24 2188 96 2374 15 5128 27 5882 67 3365 67 9980 100 3556 97 867 68 499 45
1733 8 198 50 3202 90 6179 61 3517 4 4078 6 5082 48 6529 77 610 63
1734 8 1438 29 2748 90 621 46 7584 19 1341 54 9097 79 3659 55 8276 32
1735 5 1394 57 6610 26 352 76 3665 51 6471 74
1736 8 1077 29 1989 88 8421 83 9655 72 6216 89 8429 22 2702 1 6556 65
1737 6 615 67 3643 58 9796 78 491 93 5460 76 9014 78
1738 10 240 81 8986 12 999 87 8596 76 1657 24 7412 37 7093 36 1427 47 1888 28 6836 65
1739 11 1245 1 2278 82 2975 6 4193 68 4567 45 6832 68 2789 89 5411 39 6807 47 894 51 741 48
1740 10 764 11 3675 59 5738 10 7249 71 6132 28 636 17 774 97 5041 99 1688 46 1970 36
1741 6 648 90 4226 23 5043 12 8816 11 4037 31 7713 52
1742 13 1129 18 4751 86 5838 94 6671 94 1279 19 855 47 2250 23 4535 17 3376 79 4525 42 163 87 4774 70 6196 76
1743 7 815 29 1782 31 7739 8 9845 34 7460 94 1389 66 8977 72
1744 7 802 81 7939 18 8377 74 5109 64 8654 16 4336 16 8498 32
1745 8 1415 77 3239 33 4064 44 9728 61 484 67 4120 48 6419 96 2321 87
1746 9 709 26 2903 59 1819 41 2377 21 5074 67 1106 38 2143 48 9729 14 5343 93
1747 10 1731 54 2115 78 2911 10 5106 89 7540 61 3407 24 2649 75 7981 100 1425 19 9567 48
1748 6 447 3 1849 91 4428 46 7025 23 2734 12 2903 2
1749 6 1646 55 2050 83 3645 9 7109 85 1364 76 7811 59
1750 6 1536 65 7358 15 8103 43 1326 8 4197 73 7102 59
1751 8 1725 37 2853 29 4269 98 580 69 6467 76 8784 3 1844 30 4990 89
1752 5 172 17 1028 40 3608 58 7743 96 1383 42
1753 6 1443 59 2979 45 328 52 4521 30 6346 73 1824 30
1754 6 459 100 7293 55 2828 28 1849 5 3585 96 7530 64
1755 6 803 75 2024 34 5355 90 7851 28 6505 92 8773 57
1756 10 745 85 4305 4 8525 73 9043 93 9702 45 8304 21 238 87 3251 47 2427 97 8922 25
1757 7 1076 72 1780 6 4854 10 6586 24 7479 26 1668 64 4836 26
1758 8 152 29 7634 14 2512 69 513 92 4222 1 7852 82 7411 13 7005 12
1759 8 892 83 2295 91 2743 48 5619 15 3442 13 4930 56 8994 24 7980 60
1760 10 1324 14 4096 87 666 24 5818 90 1970 14 1496 47 6587 10 5865 55 4353 17 6634 38
1761 5 1407 51 4228 44 4104 76 4660 87 5458 11
1762 7 984 84 6466 2 8392 85 9214 81 5106 98 7947 56 7713 4
1763 5 1417 84 1783 27 3904 46 6161 67 9991 21
1764 7 1021 84 6341 11 6547 54 5679 89 3461 99 718 21 9092 85
1765 14 169 64 2461 48 4348 46 6275 72 9371 23 8954 31 7306 88 7811 4 7151 15 9638 52 2839 42 2555 37 9548 58 5914 52
1766 7 1113 17 6834 47 1535 3 7469 44 422 15 1954 55 2510 88
1767 6 896 41 2020 49 7209 22 2474 33 4346 36 4480 57
1768 10 308 33 1893 66 4750 9 727 72 4612 3 1592 80 8269 62 5149 46 2742 27 9013 36
1769 7 213 77 1796 27 5900 61 6767 31 9255 88 2802 87 3970 90
1770 8 1054 51 2328 57 3296 57 6902 86 3648 32 8289 87 7404 81 94 45
1771 12 217 66 9574 50 3360 22 8737 27 4511 53 3078 59 7408 86 6015 93 5233 82 1292 14 6367 30 4666 100
1772 7 1620 42 2741 73 6295 20 8802 82 581 11 255 60 705 97
1773 8 1237 36 1242 26 2299 31 9736 48 1860 19 9842 56 1928 34 9199 59
1774 7 155 35 2039 95 3756 63 1561 86 8252 48 4633 51 9876 6
1775 6 1493 26 7759 85 7351 96 8358 40 3251 42 5463 72
1776 9 52 22 9530 46 9782 44 354 22 7224 61 5265 68 2524 57 4018 1 3281 76
1777 9 793 61 1794 7 2931 60 3082 37 5328 60 3251 32 9309 69 791 59 3602 36
1778 8 1325 11 8483 98 7781 27 5480 39 7107 53 3960 45 8798 44 5442 62
1779 8 887 3 2330 47 3777 20 4302 84 9826 8 2631 38 4463 3 371 56
1780 10 1757 6 2007 47 2205 92 3493 3 1711 19 7950 97 9538 48 1123 33 5567 17 317 50
1781 10 99 46 7436 60 1589 16 803 38 7418 77 437 100 9114 67 3769 47 2354 95 2575 46
1782 3 1743 31 3031 18 3385 29
1783 8 179 19 3167 24 1763 27 8496 57 5682 27 7715 57 7475 4 7749 75
1784 10 342 72 6692 74 691 34 2671 66 5215 48 7872 63 2216 44 6373 18 3402 37 2974 64
1785 4 1466 42 8292 60 5924 83 24 69
1786 7 1114 88 2216 14 3092 64 7589 43 8881 8 1997 76 8748 78
1787 6 85 31 2640 36 7273 35 6265 2 7661 76 5661 16
1788 13 880 97 2209 68 4430 5 4849 67 337 74 1514 41 1887 80 7412 34 366 57 2517 68 4972 19 2525 63 7110 21
1789 5 153 23 3191 68 9552 90 4165 26 9968 38
1790 7 906 79 8726 3 3327 52 121 26 4013 77 6934 18 368 57
1791 8 1577 39 3315 92 3539 58 5242 31 3687 77 7146 91 599 55 2281 86
1792 6 65 59 7810 88 27 28 585 46 8683 88 21 72
1793 11 1617 20 2059 85 2226 36 2770 27 3771 25 7290 25 8052 98 3050 14 1196 91 450 99 7749 12
1794 6 1777 7 2702 9 1264 64 9774 67 7447 33 6205 59
1795 7 1119 12 2614 46 331 1 1372 21 6000 53 1526 55 3507 82
1796 12 1769 27 9110 27 9945 15 8094 89 599 12 4795 1 1505 18 2221 98 5335 87 1503 37 3791 33 6346 86
1797 4 642 12 2014 27 7062 83 9523 18
1798 11 316 89 2654 56 6589 65 2064 27 1711 90 7837 19 5312 42 1356 14 3665 49 4703 95 9399 60
1799 12 1272 54 1928 76 4036 35 7668 90 1344 58 8459 63 8062 1 5343 6 6360 53 1052 31 497 34 9697 40
1800 8 1033 52 3865 11 4361 2 6513 69 8970 51 6713 20 921 25 1141 92
1801 5 1713 61 4652 35 8968 18 4514 15 3794 61
1802 12 1637 29 1624 90 5804 25 4005 93 6546 21 7299 28 4042 37 2290 74 7160 97 4092 32 8721 61 9053 85
1803 11 284 50 3238 37 4374 57 9282 29 6077 70 7050 41 9667 57 7976 97 7150 42 486 39 4130 97
1804 5 606 78 3654 5 2989 65 9468 100 3035 2
1805 11 1335 17 2939 97 3669 75 6138 92 2237 1 2025 44 2980 81 6113 26 3301 64 4650 99 4830 98
1806 7 525 48 3311 42 3785 93 3846 30 7932 42 9000 98 3070 100
1807 10 1520 97 5449 97 7696 64 679 59 7134 75 5644 70 3218 76 4163 62 1985 33 5810 81
1808 6 1500 64 2742 42 3156 45 3209 68 8489 95 9322 27
1809 4 234 16 6085 20 8001 50 3220 14
1810 10 1342 40 8062 80 5050 38 1017 20 7127 38 1592 5 8317 52 8954 39 9759 89 3510 63
1811 13 1631 34 4871 8 6457 54 6126 58 3475 97 4196 76 7507 74 1964 82 8049 12 934 86 2289 65 889 26 2430 99
1812 11 436 82 2194 72 5338 1 7129 61 8609 82 5503 24 9394 41 963 11 9114 15 6741 54 6806 43
1813 5 413 48 2747 37 42 48 5818 22 9422 93
1814 4 410 5 5307 58 8168 74 490 2
1815 11 87 76 1170 83 4436 61 4959 76 3411 28 8240 13 987 18 2773 53 7919 9 2960 96 9199 42
1816 6 189 64 6742 71 8274 91 4324 55 8533 62 463 100
1817 5 1406 35 3171 24 911 49 3769 68 2537 83
1818 9 1087 56 6278 38 4055 8 1871 19 294 73 72 98 1851 33 1247 16 3535 97
1819 12 1122 58 3053 26 3736 53 5372 26 1746 41 2943 76 8528 1 8 56 2861 74 1210 96 4857 92 3521 69
1820 6 1184 97 7464 78 4802 39 8668 41 7208 99 2739 1
1821 6 346 69 2668 37 4771 74 4757 34 9130 59 9747 91
1822 9 395 83 6392 87 6601 33 3447 4 9051 34 6874 98 2029 100 9783 17 8244 43
1823 10 1542 93 1730 84 5358 37 2852 28 9839 71 6164 35 1659 37 7188 29 1026 77 307 35
1824 7 300 89 4519 88 3582 74 15 34 1753 30 9125 33 6532 58
1825 6 1294 76 3278 48 4203 5 622 61 5722 27 671 43
1826 7 1099 10 2244 35 4587 94 6423 17 8836 39 3187 79 6439 1
1827 7 1497 54 3790 98 3804 10 1523 21 5887 82 2791 6 9832 24
1828 7 119 23 8321 73 8489 9 6147 13 1690 44 8941 24 1968 32
1829 4 1167 10 1949 91 5035 88 354 45
1830 10 533 89 1897 14 6961 82 685 90 1609 54 7559 42 2617 31 7654 24 5721 82 4886 47
1831 9 388 46 9395 56 4004 69 1971 23 71 33 7036 96 6396 95 2692 71 1900 41
1832 12 706 87 9527 46 8022 25 2316 1 3600 56 2156 16 5128 17 9461 3 8551 61 5541 85 8061 15 3722 29
1833 7 1498 83 1915 16 1940 77 3394 75 670 66 924 75 4304 45
1834 8 169 87 2322 26 2440 79 2971 42 950 22 607 75 5253 53 8803 50
1835 3 1385 16 7636 88 612 92
1836 8 1377 14 7406 57 6932 94 4317 18 4082 62 5790 32 6600 28 7 13
1837 6 1076 44 2830 80 5660 40 7657 51 3505 2 6715 11
1838 12 147 97 4713 7 5301 47 6910 80 3220 64 1641 91 3041 99 6366 16 1339 22 2924 47 1381 69 3425 80
1839 10 459 50 5008 30 1958 25 385 78 4888 87 3186 21 616 53 7393 40 932 63 8001 23
1840 6 41 69 2772 100 3784 99 4217 44 3270 82 2555 57
1841 6 1371 1 5083 56 474 24 9708 66 2597 11 7119 26
1842 8 1081 49 3964 52 5268 33 2529 86 2304 58 9443 87 3851 65 8056 9
1843 6 1493 8 2003 6 2666 85 6236 33 2803 17 1353 58
1844 11 1692 55 7324 81 9655 91 4504 32 2550 7 1751 30 1392 30 8923 65 7067 6 2367 35 2186 79
1845 12 218 99 2686 54 3544 54 4165 76 4357 7 5435 29 8015 42 2326 49 1453 93 7617 91 680 52 7104 67
1846 5 847 87 2233 51 7638 95 1193 77 2846 67
1847 5 855 79 7051 94 2994 34 4378 10 9814 73
1848 7 657 15 6050 58 6332 4 7448 60 5 98 1917 67 7520 30
1849 8 1748 91 1914 13 1681 55 1754 5 4856 22 884 41 4073 54 9720 46
1850 5 36 4 3468 100 7104 77 4513 69 8886 92
1851 9 46 75 4350 48 7470 78 2162 32 8516 2 9486 58 7830 25 1818 33 1985 40
1852 9 262 73 5807 84 2892 7 8168 92 6185 52 1684 72 7700 2 2276 100 8014 33
1853 7 72 9 2972 83 1494 52 3677 44 8359 88 5067 23 5854 10
1854 6 834 34 8793 22 3566 68 160 3 494 78 7827 89
1855 4 434 46 2482 71 3761 91 371 3
1856 6 652 90 3702 22 1984 15 3037 65 84 82 3115 4
1857 4 694 2 2201 4 4839 99 9782 34
1858 11 322 89 1891 30 2051 23 5324 25 7516 10 9490 78 750 42 1390 44 1315 39 2733 91 5027 78
1859 10 779 27 2210 7 4181 51 9626 93 5983 25 6653 54 6910 79 2947 89 6605 51 9741 52
1860 10 910 92 1416 92 3450 86 7360 70 3815 59 6005 35 5455 63 5184 74 1773 19 3187 44
1861 10 771 55 2103 75 5289 5 1474 49 9261 50 6088 66 2603 98 8253 79 5729 95 9884 52
1862 7 180 9 3375 26 7132 13 4907 7 3495 32 6390 78 8674 56
1863 8 1053 16 2754 58 8116 36 9347 63 7184 16 4103 56 6082 54 7432 62
1864 12 137 23 2143 59 3464 74 3587 34 4275 19 7967 38 538 80 2272 86 536 29 7593 92 656 41 9603 53
1865 7 352 23 6577 21 2676 35 8189 26 7938 30 5281 64 9844 26
1866 7 479 18 5878 30 2915 85 31 56 2051 75 3479 60 7170 80
1867 6 71 44 2257 44 234 10 7203 75 820 25 5885 3
1868 4 109 67 2387 19 5432 36 7923 77
1869 11 936 45 2321 19 5063 56 5562 89 9036 36 3215 43 2764 15 7027 30 6180 36 2514 29 6879 71
1870 5 620 2 6716 5 2904 29 4643 81 8664 70
1871 8 334 81 4985 88 1818 19 4333 57 1182 56 7357 99 8843 26 1294 25
1872 6 284 51 2367 24 1694 4 6068 92 6782 78 4199 22
1873 8 1609 28 3498 47 4705 57 2484 13 1980 63 6633 42 9589 24 7407 35
1874 9 433 59 3353 75 9563 66 2280 58 957 81 6866 60 3767 88 3280 32 9342 70
1875 9 370 64 1880 35 4844 37 6340 15 7284 47 8625 84 8339 98 7207 70 1964 92
1876 11 574 35 3129 3 4071 66 7879 26 8856 91 4369 18 3758 91 3735 7 269 81 8591 44 3546 89
1877 3 1515 93 2563 76 3318 1
1878 6 8 30 3013 3 5680 9 5915 55 639 42 8257 64
1879 6 1509 84 7148 78 4021 61 5405 80 882 7 6790 18
1880 7 1875 35 3090 58 4909 25 7819 93 1501 42 3055 49 4005 27
1881 5 734 16 7893 65 6402 84 2923 95 9319 71
1882 10 1506 45 2069 48 4258 62 164 15 9901 42 3954 22 5189 49 2688 43 5069 38 8284 39
1883 11 588 55 2180 37 4176 37 5022 94 1144 50 1958 78 3965 31 5285 62 3604 3 216 91 2281 85
1884 8 868 66 2478 74 3463 28 6932 87 8402 3 7569 70 4858 86 2605 41
1885 5 1210 100 7884 17 1111 74 7872 32 2913 62
1886 7 1426 46 2750 78 5569 43 3207 89 3732 59 8938 89 8615 66
1887 10 889 85 2808 71 5014 30 8956 24 9944 43 5273 12 1788 80 6733 48 6798 50 9679 59
1888 8 1601 68 3411 25 6069 44 7613 26 4390 71 1738 28 8800 38 2433 73
1889 6 1344 34 1246 42 8219 55 5400 61 9516 51 6462 7
1890 6 94 89 8034 32 1529 98 3595 75 481 84 916 36
1891 7 1858 30 9448 86 1003 97 7359 63 5539 80 1159 78 9012 43
1892 7 950 100 2961 95 3774 50 6361 91 5231 72 1116 16 6221 13
1893 5 1768 66 3325 33 3926 2 7145 67 6606 85
1894 5 412 58 2649 46 5987 20 2742 23 8272 58
1895 7 1365 76 8777 2 2582 79 5344 52 2777 65 3540 89 8516 39
1896 12 94 91 2232 27 2860 26 3269 22 5694 43 8222 42 9171 74 2427 61 4968 87 2485 38 5495 17 1007 71
1897 7 1830 14 5211 16 4604 79 7333 62 9904 94 4350 26 8878 34
1898 6 500 28 2202 20 5222 3 9051 9 9791 12 8789 23
1899 4 560 63 4656 33 1265 7 5580 37
1900 7 1191 63 4279 28 5701 80 9730 53 7249 85 9617 91 1831 41
1901 9 1396 33 2781 89 3058 79 3298 61 675 5 1391 78 521 57 1475 81 1367 15
1902 7 1671 4 4614 51 4796 20 5648 54 1698 56 5975 99 6230 25
1903 8 986 35 7412 72 4951 99 44 33 1302 12 6431 29 7149 60 2091 20
1904 4 163 5 1120 18 1459 59 2553 22
1905 5 1458 21 3596 50 4875 89 6456 54 1924 57
1906 6 1040 72 2731 90 3295 93 8423 7 7487 53 2757 83
1907 11 21 62 3198 82 5886 36 595 8 9953 77 3177 80 6967 92 1587 53 1365 86 4123 46 2262 24
1908 4 1689 84 226 55 1429 79 9339 16
1909 5 690 69 9916 67 9109 4 2014 29 673 94
1910 2 1353 33 7256 93
1911 11 1354 99 3782 53 7631 44 1016 75 6605 74 339 59 4213 83 2904 2 742 17 624 61 216 49
1912 17 1306 48 2469 32 3219 48 9343 28 5049 88 2004 22 4005 89 6769 13 9363 67 1462 36 6260 81 1370 59 7349 9 6849 50 4278 24 5768 84 328 56
1913 6 1529 100 7170 65 2555 45 901 69 7202 20 8243 71
1914 5 1038 45 3087 59 1849 13 601 68 54 92
1915 9 1833 16 2982 86 3408 64 3900 57 7273 34 490 95 5200 76 713 52 2014 61
1916 11 377 31 2915 44 5959 77 7340 37 968 7 1359 96 9204 9 2704 60 6416 15 7079 97 1002 91
1917 11 866 76 3979 36 9895 8 9548 23 54 13 3731 53 424 90 4404 42 3025 45 6472 39 1848 67
1918 9 1705 17 2204 89 4879 9 5527 75 9662 68 1032 87 1490 37 9415 96 5556 89
1919 5 1056 9 2671 73 3763 64 2373 62 6010 75
1920 7 683 43 2960 60 3444 6 3605 18 5526 89 9188 57 4842 55
1921 9 424 25 5903 62 6464 75 8354 58 8728 1 1043 9 3745 60 2872 14 4747 75
1922 11 662 37 4583 20 7047 71 7755 32 9058 72 1608 86 2462 55 7552 51 1624 89 1479 14 470 68
1923 6 528 15 6288 15 8637 66 703 62 6987 53 9459 30
1924 11 1487 33 2478 85 9453 38 7458 64 9411 60 7255 80 7535 96 3577 77 2224 98 2106 9 1905 57
1925 10 13 39 2543 12 3748 36 1478 9 6430 9 3715 10 7719 87 4215 72 322 92 5659 48
1926 3 130 95 7971 77 6240 16
1927 7 632 58 3268 9 3368 69 9174 35 1560 96 1296 40 1479 82
1928 5 1799 76 1435 22 5147 92 1773 34 9184 83
1929 8 439 35 2353 36 9599 16 3110 10 9192 49 6031 75 6681 10 1145 58
1930 13 552 7 2760 28 3339 61 6992 91 1703 17 4926 55 7665 19 4357 3 1067 75 4372 58 445 40 6767 47 5172 9
1931 5 1303 20 3828 62 4393 81 9216 43 9716 31
1932 4 702 88 5818 64 9528 58 5303 75
1933 7 824 3 7726 59 1317 39 3692 64 6980 50 6510 78 4980 83
1934 11 99 22 2345 89 3461 48 4147 94 4598 94 2286 10 4740 64 1455 66 275 6 3352 40 6968 99
1935 6 1223 71 557 9 316 41 1055 86 3620 40 8639 3
1936 11 800 76 2647 6 4365 5 7312 12 2885 78 7215 38 5771 80 8600 68 2338 60 2564 73 11 9
1937 6 464 57 2256 54 5957 7 7172 23 2711 67 1066 83
1938 9 1656 74 6452 78 8144 98 8730 100 6976 1 2858 85 8726 63 3610 93 415 7
1939 11 649 42 2694 48 7032 17 7691 57 7847 93 8314 52 8914 41 5015 96 1514 41 9373 99 885 27
1940 11 1833 77 74 74 2614 49 7249 43 5153 18 4905 73 2203 86 4159 24 7454 61 8798 10 3813 10
1941 6 362 52 6490 77 8514 97 8835 42 8572 63 3282 93
1942 4 247 48 4437 75 3845 71 4060 9
1943 5 1135 13 3182 55 3499 53 7479 89 2257 100
1944 4 1550 28 2589 34 8262 35 6266 17
1945 10 1384 14 2102 99 5350 72 5316 75 2168 13 794 22 7164 28 6706 76 1593 72 7530 65
1946 4 1292 55 2121 16 1181 27 8495 27
1947 7 1445 32 7210 7 844 60 5676 47 4291 92 7914 16 8503 72
1948 10 306 40 2207 63 2376 43 8055 48 609 38 2616 81 7462 74 5227 31 3339 26 8599 29
1949 4 1829 91 2776 40 3981 39 7846 77
1950 6 809 26 5009 46 5488 80 1484 68 5635 91 2959 9
1951 5 1571 41 5677 6 8764 32 8496 40 2467 7
1952 9 554 17 5114 25 6768 99 6164 14 9299 85 3925 35 7772 86 3469 78 3704 88
1953 9 1652 5 7489 36 1126 22 5354 9 2153 75 884 92 2348 92 5714 62 7918 35
1954 7 879 77 3723 65 7197 83 5616 34 2020 48 1766 55 7763 2
1955 8 427 83 2132 67 5013 47 7512 47 3246 54 8486 3 4773 71 5753 37
1956 12 986 26 2241 13 5081 37 5185 92 6011 34 6036 99 7722 43 8163 15 8670 16 9102 71 265 19 8165 96
1957 6 1594 91 1112 88 1201 38 6432 82 1688 49 5925 36
1958 11 1172 96 2831 42 9146 42 2569 71 5807 63 1883 78 1839 25 7789 7 3872 37 3572 49 3699 51
1959 6 1435 79 6267 36 2579 51 5635 70 266 79 4849 61
1960 7 534 8 8648 12 9221 87 7307 11 5151 90 1594 18 9597 79
1961 14 1313 14 2675 31 2868 72 4145 32 7890 57 5983 97 7950 30 3165 7 6998 46 9819 87 3826 36 8125 29 9071 87 4649 6
1962 3 181 63 5261 1 2843 61
1963 10 1523 75 2433 58 3910 82 4432 37 7762 93 6385 32 2461 99 1135 14 9397 18 4100 43
1964 10 369 37 9414 55 529 92 1811 82 7153 79 272 2 9089 97 508 43 1875 92 2366 2
1965 7 1505 31 2182 11 5238 27 1166 65 6193 40 7395 3 2334 87
1966 11 401 96 4139 34 7539 77 9783 70 9959 80 1157 84 8314 38 2139 41 5646 72 9389 35 7191 68
1967 6 692 66 2495 59 7128 99 9772 97 3093 87 2447 27
1968 10 626 26 4890 49 6156 37 3515 52 4724 61 3331 66 8481 41 9290 62 1828 32 4910 50
1969 9 983 62 6418 69 2833 21 4565 71 2638 54 2736 3 398 4 4696 85 5122 18
1970 8 198 69 6127 7 6489 76 7473 14 1760 14 2358 37 1740 36 9778 59
1971 11 383 33 2715 41 2761 87 3427 54 4409 31 5128 64 643 43 1716 46 1831 23 5163 68 1479 43
1972 9 498 74 6233 32 2233 8 2655 89 4316 58 1576 67 4532 67 5050 2 9289 14
1973 9 1324 48 5041 32 5530 68 9859 80 9140 50 4299 13 4874 26 6830 6 3181 20
1974 4 1696 7 394 49 4802 19 3617 32
1975 6 1368 65 4267 96 9759 34 4889 95 3178 33 2902 35
1976 8 1727 1 3417 84 5568 68 8444 81 469 45 9820 63 586 80 8298 87
1977 8 190 15 3407 2 3653 10 5895 84 6725 59 9904 58 506 29 9668 98
1978 11 1146 4 2173 43 2869 38 3853 75 5717 73 8662 79 6201 69 3724 67 7971 15 523 7 2474 15
1979 5 899 90 5244 97 8084 10 2425 72 5098 40
1980 11 164 49 2042 99 8218 65 5070 15 1873 63 6570 10 7392 96 2912 77 2478 76 8862 80 886 59
1981 7 614 49 2816 88 7028 4 5786 37 4866 41 2286 62 6408 46
1982 5 62 2 3324 99 4088 60 7924 44 7131 67
1983 9 262 82 3665 30 3918 83 5202 34 9942 17 5742 88 1713 71 2552 54 6397 48
1984 6 1695 12 4482 28 9738 49 1856 15 344 29 1630 75
1985 12 1361 96 2457 14 2849 42 6456 79 7716 84 7863 93 6550 54 7536 9 8160 52 8718 22 1851 40 1807 33
1986 7 1471 37 3045 59 8185 86 2911 42 2196 15 2392 1 9351 60
1987 6 1014 80 2548 42 4298 85 6979 71 7660 100 9839 24
1988 7 1410 63 3346 19 4362 33 7672 69 9192 89 9840 22 3125 68
1989 7 1736 88 6040 71 3262 11 660 32 488 93 493 72 1048 92
1990 6 898 86 8448 13 140 49 1605 34 4721 77 6711 72
1991 7 1292 2 4627 46 7344 52 2703 58 3167 27 5407 89 6065 56
1992 7 1074 5 5394 14 8574 70 8712 2 374 29 969 44 1077 80
1993 8 916 36 3000 31 7015 49 1158 68 7786 47 2647 93 5222 22 640 63
1994 3 1594 50 9600 54 9761 7
1995 7 361 44 4182 64 2345 9 5769 24 713 84 6060 13 307 43
1996 4 1507 59 2423 47 1310 55 2236 89
1997 9 983 81 3574 20 7058 94 1375 95 1786 76 9464 6 2416 96 3358 63 9392 42
1998 9 556 79 5448 43 6116 24 7538 97 1045 65 5983 1 6630 44 560 11 6769 77
1999 7 1178 14 4764 42 3617 95 7271 80 3649 68 2486 40 8350 3
2000 9 1065 1 4230 80 4901 55 7274 93 2744 25 5086 60 3625 69 3676 91 707 27
2001 5 448 47 2965 3 8172 70 9185 59 9896 40
2002 6 1435 7 3155 78 2786 13 602 13 9643 91 9372 99
2003 8 1843 6 2780 33 4116 98 5376 23 9723 60 9418 16 7176 53 1098 76
2004 13 173 19 2200 29 7633 27 9906 31 9345 61 6969 53 1912 22 3243 58 1029 74 2855 1 6069 34 5888 91 4586 27
2005 7 94 83 7225 72 611 6 389 81 3370 45 703 23 3413 12
2006 8 1652 31 3932 93 4105 97 4578 81 273 61 2264 51 7799 64 396 92
2007 7 1780 47 3707 87 4977 83 2608 95 34 36 6791 61 6885 84
2008 6 1182 74 2179 14 2634 24 4601 50 2969 91 4811 13
2009 9 586 73 4651 80 7359 37 8769 3 7168 18 2574 28 6095 34 2232 56 8727 78
2010 5 399 41 2169 52 9234 85 4749 29 3480 91
2011 6 1558 27 2116 35 3940 64 9568 22 3144 60 1514 12
2012 8 296 30 4516 16 310 11 6868 9 471 24 4753 53 9879 50 815 8
2013 10 191 36 2701 60 5721 42 8299 78 7997 9 6722 21 1558 55 8003 45 5801 48 283 11
2014 7 1797 27 6101 91 7281 18 6941 5 1909 29 1915 61 5200 88
2015 6 1586 50 7487 58 7179 52 2315 100 8302 94 5761 52
2016 10 873 99 3989 82 9707 80 9007 69 7368 4 208 23 7712 40 2769 42 7766 64 3434 96
2017 5 21 97 7005 76 8826 36 2287 48 4943 47
2018 5 814 30 8088 29 6101 26 5181 21 3015 89
2019 10 698 44 5549 28 7573 50 5322 84 5388 69 5634 16 5392 62 9042 7 390 77 1017 41
2020 8 1767 49 3322 6 3957 35 1954 48 3714 39 4178 37 1308 14 974 94
2021 4 801 12 4054 75 5304 51 8795 69
2022 13 117 7 2753 42 4335 63 1289 61 9572 75 9126 22 5164 23 7857 30 3927 23 4239 3 9237 2 722 30 5353 18
2023 5 1546 43 2766 22 8500 96 6905 75 8189 2
2024 10 1755 34 2971 5 4543 62 1316 88 718 49 2200 55 8051 91 2238 21 310 14 3031 88
2025 9 206 28 3060 47 3246 63 4575 85 2600 84 1805 44 878 43 6428 93 2293 14
2026 6 773 46 4110 41 9227 20 2164 80 9230 44 6334 89
2027 8 1664 87 5759 87 6698 58 3144 72 3525 3 5973 15 5972 66 9848 77
2028 7 525 48 3823 20 8901 99 5603 92 5988 26 2266 72 3937 11
2029 7 1727 97 9343 94 6602 97 2895 71 5483 80 1822 100 5783 7
2030 7 647 78 3914 36 4513 74 2152 66 9394 68 1061 69 6553 80
2031 12 711 61 6072 59 7466 13 440 68 5548 29 3783 56 2540 35 8696 13 1081 78 6631 67 8010 15 3620 50
2032 13 1462 97 2106 56 3041 19 5546 14 2838 49 1098 55 7709 10 4419 58 1718 75 159 73 7439 31 7659 35 357 35
2033 5 1628 37 2459 16 8534 43 622 78 9630 100
2034 8 307 94 3706 52 4211 20 4307 78 9980 42 8229 79 4040 76 2575 30
2035 10 1524 89 6350 20 6271 42 1184 70 5719 47 8399 1 932 69 9821 14 9205 22 8951 87
2036 6 1148 73 3824 48 9773 13 7376 4 1037 98 849 97
2037 4 85 64 6853 35 504 65 3088 17
2038 6 1238 83 8784 65 5460 59 6308 38 6150 87 1545 64
2039 6 1774 95 3251 45 1201 31 4650 65 1476 11 8340 88
2040 6 578 71 6547 63 8376 33 7843 93 4502 7 9519 34
2041 10 1068 10 2551 71 7018 91 3078 23 5378 36 9168 54 8466 76 2552 41 8837 86 8454 12
2042 7 1980 99 3890 95 1559 48 4315 6 3953 20 6910 16 6859 17
2043 5 1639 97 2424 49 5838 26 9134 84 6848 14
2044 6 1069 8 7217 98 239 96 4438 92 978 50 8982 50
2045 11 1173 90 4900 20 5230 32 5788 45 9059 43 5172 93 7370 92 2557 33 7299 27 8270 40 5498 54
2046 3 499 96 6905 90 8057 35
2047 9 718 48 7011 80 7539 88 6466 14 7635 65 5993 2 2293 64 4663 74 9925 19
2048 9 1640 30 4237 16 6130 47 8950 2 2904 86 8537 37 4594 57 4338 44 4883 10
2049 10 1023 61 2695 37 2833 98 5840 12 2746 57 7639 46 4464 89 5857 62 3297 63 6977 67
2050 7 1749 83 2282 21 8244 67 4183 92 3168 61 4717 61 1365 23
2051 5 1858 23 7458 32 3673 88 1866 75 1519 22
2052 6 73 99 2858 6 3866 66 9419 96 5152 6 4936 55
2053 4 1091 31 8923 80 4062 54 5671 81
2054 17 391 21 2767 26 4702 72 6204 47 9164 88 9135 26 569 33 82 46 1665 2 6483 50 8670 6 1647 79 3050 50 6097 15 4705 54 2435 62 7785 33
2055 8 1010 99 3377 50 6065 18 7255 27 9770 46 6635 50 8413 34 7532 77
2056 6 458 12 2688 76 2724 26 5645 77 9439 2 3820 42
2057 6 1611 38 2582 30 4913 98 5845 96 3583 29 2590 73
2058 3 332 38 3770 33 9166 49
2059 6 1793 85 3055 26 6224 90 3200 36 2382 33 4595 9
2060 5 1597 90 7449 95 5379 4 5390 56 3381 35
2061 6 850 8 7921 42 7803 57 8850 64 8030 7 1179 39
2062 9 1404 45 4850 70 8311 80 5288 90 9981 65 2320 62 9018 21 5096 12 385 41
2063 6 1076 98 3145 32 8231 73 9688 84 8343 7 4602 42
2064 7 872 24 4454 7 1798 27 6211 76 5336 19 5507 30 9529 99
2065 9 1621 41 2713 48 5731 99 5948 32 9336 18 577 76 6472 45 6696 50 1027 34
2066 4 1072 81 3279 85 8689 93 5218 57
2067 7 250 22 2405 91 3138 7 6146 11 155 8 9488 12 2296 35
2068 5 721 79 5608 26 1161 64 3905 34 9823 84
2069 6 1882 48 2142 84 4509 90 5022 9 3203 80 4427 42
2070 6 791 83 2458 86 3925 7 8644 36 4782 15 427 26
2071 6 1337 70 3086 5 4262 19 9038 75 4374 81 6843 75
2072 5 747 68 6815 57 8341 45 258 81 1716 37
2073 7 1650 33 4380 70 5748 24 6033 96 7042 23 5405 88 1139 63
2074 8 35 93 3963 9 4476 51 980 90 2520 42 6484 4 593 16 2542 79
2075 7 1323 38 5068 62 8989 72 8071 20 170 47 8667 48 2895 23
2076 6 716 54 2483 8 9726 88 5271 81 6247 91 4895 19
2077 11 1597 61 5225 49 4257 5 5743 3 2496 74 9579 75 9922 26 5558 38 4906 46 2890 33 4139 14
2078 3 867 89 4758 37 5582 5
2079 9 469 60 3164 22 3730 99 4984 51 8823 23 4364 46 1017 51 883 21 7094 69
2080 3 957 78 9457 81 4438 58
2081 11 1123 55 3225 48 3502 99 4782 82 7352 41 1394 50 6252 86 7634 57 3778 43 230 77 1404 42
2082 9 791 72 2519 19 6968 97 7509 69 2405 29 7173 4 4397 48 3923 29 3529 94
2083 7 342 51 3496 90 1633 73 9158 99 9819 94 1660 63 7565 7
2084 8 885 49 2696 67 9011 37 6582 38 2479 12 579 18 7103 80 6499 23
2085 7 492 91 5718 48 5205 64 1224 87 1666 75 1082 50 2703 45
2086 8 541 67 6221 8 6026 87 5040 96 6642 83 1549 25 7638 30 5942 39
2087 14 1330 85 8175 61 368 11 9867 32 3794 46 3467 78 160 94 1060 39 7747 21 516 48 2169 14 7527 6 2806 38 8340 98
2088 10 1518 1 6808 65 9962 12 7247 87 8745 61 1348 16 482 61 1140 68 7381 12 3788 59
2089 9 1525 30 3065 10 3416 56 7059 41 3748 22 8107 11 5879 38 4709 4 4002 6
2090 9 723 34 5184 39 6516 79 361 100 1204 6 349 18 4243 79 6060 3 829 53
2091 11 307 1 3010 23 6715 79 4358 12 8693 32 7804 80 3640 16 8121 93 6326 65 1903 20 9502 83
2092 9 686 12 2124 99 4554 66 8306 62 594 29 9297 58 4124 12 8761 91 1658 68
2093 7 1721 25 5617 82 9452 36 6564 75 9828 54 4028 51 5674 89
2094 5 1234 88 4806 55 4241 1 2764 6 6407 21
2095 8 98 37 3059 23 4761 44 3085 40 4237 23 3359 78 1150 91 2376 78
2096 3 1263 80 3545 73 8957 74
2097 13 780 52 2969 70 8308 24 8210 87 2179 69 3936 80 2685 72 976 47 9242 58 5504 4 5032 33 8044 76 3280 51
2098 9 399 4 3314 56 6820 35 5243 94 6212 4 2286 9 4750 11 236 15 7531 40
2099 14 556 66 4252 72 8464 96 9378 27 4944 84 5014 84 9222 40 2181 28 5808 40 2536 79 8369 34 7734 22 2574 100 8374 49
2100 5 1508 29 5718 59 8915 95 1472 60 5229 70
2101 10 128 9 5978 17 7848 31 8551 2 3041 30 5208 70 6254 95 4803 29 6302 52 141 6
2102 7 1945 99 8025 100 1307 19 750 52 6509 66 4345 61 283 84
2103 6 1861 75 8961 65 2163 26 6682 48 9219 75 2309 13
2104 8 922 22 3286 55 5133 39 1583 91 4446 85 5413 3 5874 48 381 38
2105 11 925 31 3591 36 3840 4 5219 34 7327 2 7485 30 9055 54 2479 63 8426 12 8980 55 5033 81
2106 8 2032 56 5522 52 9326 72 2377 53 522 92 455 11 9394 16 1924 9
2107 3 1687 5 2370 70 5332 91
2108 7 55 24 4289 68 4579 30 5273 64 4225 38 5331 30 6901 17
2109 7 1358 56 2276 27 1506 100 7271 33 7630 2 5081 90 8053 76
2110 6 101 2 2527 10 2572 2 7393 65 878 85 3980 98
2111 5 761 58 4801 1 744 93 2877 28 5698 77
2112 11 71 61 2224 9 4404 91 5171 1 2742 51 8644 16 5615 21 8797 29 2546 39 783 25 6847 35
2113 10 288 62 3721 38 7614 63 9535 20 1695 13 1623 33 4324 6 6880 2 8890 42 7107 10
2114 9 398 25 3712 74 2556 22 8485 41 2983 92 121 64 8533 4 193 85 5027 16
2115 9 1747 78 2503 96 3317 73 3935 27 2987 32 1469 57 8206 28 7125 72 9363 81
2116 10 1098 51 4201 77 6998 45 7357 39 2011 35 2527 81 5674 29 9912 93 3353 78 7564 45
2117 12 1361 94 2463 37 5486 3 486 87 9195 28 832 1 1238 59 9160 26 8362 1 541 1 5232 27 6834 33
2118 3 1520 6 2858 58 8624 96
2119 12 1199 65 2161 21 2450 25 7472 22 7637 14 7830 51 2716 44 7475 94 8562 37 757 83 7555 53 4278 9
2120 10 1623 23 2448 36 2623 91 3630 74 7917 6 1526 90 5604 66 69 3 133 19 1054 90
2121 5 1946 16 4919 53 8254 47 217 42 9459 64
2122 9 962 59 2838 63 3234 100 4095 27 2651 93 3355 56 488 28 757 32 9288 16
2123 5 204 79 9075 71 4968 63 9663 72 3164 45
2124 9 2092 99 5862 25 6812 81 5444 52 5196 48 5155 99 1151 30 1398 84 7688 71
2125 10 1401 45 2909 97 3575 54 6162 30 7310 12 1506 87 934 83 8189 47 7 83 2716 55
2126 6 1135 59 2277 97 1012 14 8534 60 3056 84 9450 27
2127 5 741 7 9218 91 9456 31 8897 82 3828 16
2128 5 603 75 2584 66 3099 11 6030 99 3772 65
2129 6 988 81 2184 71 3230 7 5400 20 8026 36 9447 96
2130 3 1008 84 2203 48 749 15
2131 5 1520 59 8225 74 916 90 4624 49 9126 6
2132 6 1955 67 5596 71 1276 13 7272 51 5480 71 4073 47
2133 3 1517 73 5463 8 487 90
2134 8 1091 80 5769 58 7106 43 3826 99 481 88 5744 81 3753 84 4312 88
2135 8 13 2 4265 85 8765 6 7993 82 3771 80 9846 10 4525 16 9271 35
2136 5 693 76 5547 57 2773 15 7661 37 2701 99
2137 7 1317 74 5656 31 5899 6 6856 36 3824 33 9756 99 4556 13
2138 12 1600 2 4976 31 5632 14 7531 19 9224 6 3242 1 8360 96 2946 62 45 7 3662 76 4142 45 814 1
2139 8 787 3 3140 77 4959 37 8782 90 6098 53 7428 95 1966 41 74 36
2140 7 1596 91 5755 80 8836 13 4557 30 4894 65 5837 19 4191 65
2141 5 1173 60 4061 93 6032 66 1715 91 2643 47
2142 15 2069 84 4315 16 2378 69 2498 14 8179 80 6605 39 852 67 7642 64 3668 63 8445 12 4371 68 3368 7 6490 21 4728 75 5074 60
2143 7 1864 59 2296 42 6151 84 8852 99 7684 91 4565 29 1746 48
2144 8 934 85 4343 10 5496 45 7163 6 2405 97 9457 90 4349 49 8751 15
2145 7 1148 53 3097 49 3161 74 9254 3 3174 71 2432 82 333 80
2146 7 1313 23 9301 79 3485 59 5093 56 6745 10 9498 90 2530 27
2147 4 1424 71 3987 7 1470 4 1241 71
2148 7 712 42 2366 14 4637 4 9726 57 2918 75 75 72 9409 68
2149 7 1359 19 2803 34 5768 55 5474 17 7628 2 6451 73 8923 7
2150 4 254 44 4641 99 5175 81 4301 76
2151 4 424 23 2223 97 7024 2 194 53
2152 11 293 73 2375 65 2508 66 4445 70 6950 12 7404 12 4386 10 5629 3 2030 66 9493 80 6752 87
2153 14 834 97 2559 96 2636 58 3744 61 3941 12 6550 96 776 76 1615 61 8996 79 1953 75 5950 16 3871 93 462 4 229 87
2154 3 1503 83 7364 18 274 11
2155 9 898 84 6225 60 171 40 9189 77 9209 99 7644 22 7437 21 7951 24 8308 63
2156 6 1460 77 3540 78 1832 16 2532 17 6885 47 6260 4
2157 9 448 42 4170 53 4388 74 5194 60 5330 44 7630 50 522 54 6224 49 7509 82
2158 8 1577 99 8498 78 8617 68 9977 5 3547 93 2537 2 7101 34 1454 20
2159 6 1120 15 4473 16 9051 70 6506 83 3742 47 4853 95
2160 10 1437 40 4069 66 5154 76 9873 2 4721 62 8097 40 5189 8 1578 86 4125 30 7795 75
2161 9 2119 21 7101 89 7330 89 9581 38 7930 18 1572 30 4482 27 407 73 2549 46
2162 12 1201 56 2951 58 5457 56 7524 71 1851 32 3741 58 3519 70 2341 5 5673 85 6915 58 7326 34 8764 22
2163 7 456 63 2616 31 3037 81 3428 1 8514 12 2103 26 9318 72
2164 10 1236 54 3740 2 6974 83 7892 73 3160 35 2026 80 3322 41 932 67 5594 52 9246 2
2165 8 1658 11 3494 11 4757 49 6283 60 1262 17 5784 76 8624 5 2456 72
2166 8 886 92 6439 30 561 67 3849 16 7653 83 4860 9 9772 9 118 41
2167 5 1434 55 3497 84 2674 90 7783 4 8050 30
2168 4 1486 54 2584 55 873 7 1945 13
2169 5 2010 52 3621 2 1212 51 8264 31 2087 14
2170 12 1072 29 2398 10 3349 26 5335 51 5347 56 5831 15 9737 32 6376 15 3238 93 9956 37 9627 12 3227 76
2171 7 1344 18 2597 1 9291 6 1082 55 9200 34 3442 54 3595 89
2172 8 410 78 3535 2 5699 78 6406 22 2559 79 1129 12 7027 12 7155 60
2173 4 1978 43 5399 74 2868 12 9462 67
2174 7 968 62 2336 15 2377 1 2855 61 4429 34 6065 94 892 97
2175 8 1189 66 9537 52 2240 34 1279 36 3735 56 6802 64 6596 56 8649 50
2176 12 762 2 2341 100 9133 57 4143 62 6263 86 7734 90 4518 19 6758 77 6451 16 3508 7 4764 97 6637 79
2177 8 1731 9 6028 19 9071 69 8117 3 1126 10 296 50 6170 96 4536 45
2178 10 1476 57 3801 83 4344 51 5947 93 7079 64 7174 56 229 49 6823 81 6180 36 6678 38
2179 5 2008 14 2097 69 1281 18 3005 11 998 51
2180 8 1883 37 3287 28 9562 86 8916 81 1159 5 7817 29 9688 95 5931 26
2181 11 1343 2 4994 28 9120 54 753 21 939 2 288 49 2099 28 536 25 1014 92 5605 93 1574 92
2182 6 1965 11 5604 77 5797 6 7965 87 6728 83 6593 8
2183 9 1634 87 2607 36 3552 74 8967 82 9686 45 6373 76 3520 90 517 38 5590 54
2184 7 2129 71 4573 58 5085 7 4418 14 772 11 4176 18 3366 47
2185 6 549 16 4679 77 758 61 770 100 2981 39 9653 43
2186 9 969 100 9255 86 8801 80 793 88 4613 52 6812 52 8605 93 5950 11 1844 79
2187 6 1369 27 2449 72 3937 82 4503 60 7033 11 197 57
2188 6 1732 96 3589 75 6186 56 4323 64 9787 10 1644 26
2189 9 766 82 2364 95 4664 49 2736 9 1700 12 313 16 6848 41 3877 80 7183 20
2190 7 1675 95 6241 32 7364 79 444 79 6374 5 8729 5 136 24
2191 8 123 25 6672 63 8886 50 1150 78 1156 38 7818 43 7723 98 2268 21
2192 8 1156 52 8633 32 2716 23 9973 97 5632 19 4664 81 8039 48 8303 50
2193 9 548 46 5260 79 7861 24 9541 81 6852 71 309 21 8590 91 5526 20 6741 76
2194 7 1812 72 2422 8 4811 62 7711 7 3938 90 2757 56 4744 33
2195 11 367 86 4348 11 2748 25 3662 15 9452 98 3684 25 3710 85 3283 64 3281 21 3622 48 3737 39
2196 11 494 33 2399 61 1986 15 7516 31 2266 89 6527 11 2402 74 3968 13 7843 26 285 93 3181 41
2197 7 1103 83 3063 91 7651 95 5041 47 9313 59 6027 19 3939 86
2198 11 420 89 2199 27 4584 63 7609 51 5747 56 2514 39 6342 15 9589 32 379 39 5495 89 5321 53
2199 10 2198 27 4683 18 5509 73 1069 87 1530 91 6693 29 9128 18 338 9 8721 59 9665 9
2200 8 2004 29 4459 82 5598 63 8132 50 1508 43 2024 55 1507 23 7687 29
2201 12 1857 4 2432 81 4174 28 6699 16 9436 74 7285 36 325 38 6308 27 620 79 8922 95 1522 51 6109 87
2202 7 1898 20 2243 31 7717 63 3815 25 3824 3 5009 39 2454 33
2203 7 1527 88 8516 1 2130 48 4642 8 1940 86 657 7 4843 3
2204 8 1918 89 3204 90 4222 46 3540 19 7837 97 1330 34 6774 89 3015 86
2205 12 1780 92 2566 70 2757 41 3818 89 6650 95 2647 59 6754 2 6858 65 6252 49 8584 69 2306 2 1516 90
2206 7 922 84 5555 11 7950 31 5498 6 4417 19 9858 60 5794 19
2207 5 1948 63 9592 11 2850 26 3519 50 4023 58
2208 15 1443 50 7341 92 8997 55 2567 64 9414 34 8246 33 7785 94 6109 46 4925 49 6267 24 943 59 3741 93 1059 63 2236 43 6618 4
2209 4 1788 68 3083 17 9246 38 8231 79
2210 5 1859 7 4494 68 7827 85 1237 59 2329 62
2211 4 703 39 3593 87 1188 46 4661 37
2212 5 768 40 3760 58 5030 47 2232 89 6648 18
2213 6 855 23 4881 42 7146 21 9929 81 6456 96 4306 96
2214 4 48 15 2783 73 5282 32 8979 4
2215 9 1450 74 5641 43 5196 22 148 3 5456 99 9277 13 338 38 5673 8 4522 12
2216 6 1786 14 5734 99 6357 31 270 98 3570 51 1784 44
2217 7 717 5 2533 82 8440 73 4259 76 1359 87 9296 15 6478 88
2218 10 388 49 2841 95 3999 63 4955 68 2309 70 314 37 3042 23 9187 74 8970 94 3169 51
2219 4 248 72 7584 51 5332 63 7203 51
2220 7 530 55 5195 82 4528 37 7208 90 7421 84 5767 22 3959 40
2221 6 1375 8 9242 75 1796 98 2786 56 4338 75 9479 17
2222 9 458 51 7209 65 7279 38 8963 98 3245 98 1478 4 7820 11 4791 45 3990 56
2223 9 1650 45 3503 6 6273 69 9534 35 1343 81 2151 97 466 50 5923 66 1718 18
2224 5 2112 9 5602 66 9048 9 705 96 1924 98
2225 5 1336 18 6795 30 7983 2 8994 42 2826 94
2226 3 1793 36 6303 65 8561 91
2227 7 294 86 3629 33 4848 33 2347 94 1287 25 9498 93 5517 58
2228 5 481 64 3830 79 4235 27 7677 44 9241 24
2229 8 265 62 2274 12 5618 68 1154 91 4063 79 2382 90 2961 62 497 95
2230 11 463 39 2914 74 4080 50 9672 35 8259 5 7121 31 5766 19 5201 48 6316 84 4094 43 7086 28
2231 4 340 21 2416 70 6532 31 3740 32
2232 13 1896 27 2542 48 5123 74 3905 1 2401 58 6401 74 4970 77 2212 89 1302 39 8894 25 3627 12 2009 56 158 17
2233 8 1846 51 3081 41 3847 93 4161 34 8206 53 4002 48 1972 8 8520 30
2234 6 1554 8 2845 46 4529 77 1552 11 8518 70 6307 39
2235 12 1266 69 2645 68 3176 72 9284 67 8505 99 3756 43 849 83 2332 69 8793 26 6233 62 9327 51 7352 5
2236 10 958 80 4586 74 9740 38 1996 89 8984 87 1410 57 7232 86 519 33 1462 52 2208 43
2237 10 1473 43 3147 24 7204 73 9857 35 9791 63 8583 83 1805 1 9147 99 6024 25 4377 30
2238 7 316 46 4436 83 5707 79 8746 19 2024 21 1342 99 2463 56
2239 12 880 54 3153 71 3780 71 7580 84 6322 57 4987 54 7438 75 5849 96 2469 80 7999 39 9128 47 9836 62
2240 7 258 51 2921 98 8160 39 8882 45 2175 34 14 3 7480 1
2241 7 1956 13 3280 54 8112 62 986 46 4655 88 8907 47 8119 84
2242 7 816 66 8723 80 3049 7 9842 49 4102 17 4705 91 2641 22
2243 8 2202 31 7102 91 1689 17 7419 19 9303 9 7240 39 4013 60 3288 82
2244 6 1826 35 6334 78 1702 85 2712 23 5073 68 1311 54
2245 8 1336 83 237 42 9953 43 9713 85 3990 37 8715 92 3153 38 9342 47
2246 9 172 46 3093 90 7915 69 6185 26 7411 48 9231 63 7017 87 2577 57 3876 24
2247 5 377 15 2629 19 7062 75 3133 98 942 80
2248 7 232 53 2760 63 5346 84 6123 17 5554 36 3117 11 5321 55
2249 5 748 45 3259 57 1622 90 3139 75 3678 26
2250 6 655 87 3315 5 1742 23 4844 13 3711 60 5343 26
2251 6 885 63 3700 49 128 3 7006 19 414 98 7910 34
2252 8 1457 98 3660 70 8776 46 9886 100 5846 49 4434 36 9637 14 1080 85
2253 7 555 48 3306 56 4735 9 7522 61 2352 42 9472 25 4908 44
2254 9 1722 56 3133 69 4664 65 7141 33 4691 51 4721 97 318 47 3366 24 5273 24
2255 5 627 3 3261 44 790 48 2575 75 465 3
2256 5 1937 54 6534 45 5383 87 9610 38 4132 31
2257 8 1867 44 6064 93 5688 94 8425 76 2871 31 1943 100 4673 58 7616 41
2258 11 1084 68 3755 2 4042 40 6530 86 6085 72 2755 48 631 22 8428 39 3243 7 1540 64 1258 93
2259 5 326 37 860 4 8511 82 650 24 573 77
2260 8 1682 92 3981 96 5788 89 3140 49 4636 59 6390 50 5151 30 3702 17
2261 9 501 7 5220 90 6472 35 8918 86 1257 28 70 56 970 50 821 88 2667 87
2262 7 1619 88 360 42 6487 16 9185 68 3952 35 6078 63 1907 24
2263 8 690 29 3905 6 4245 77 8366 48 8081 18 7648 23 2313 42 5818 32
2264 13 321 90 2385 47 9796 66 1214 42 3002 92 1252 71 2006 51 1087 77 7709 60 4386 46 8679 91 62 38 9586 61
2265 8 973 99 6447 18 6887 34 8030 71 3282 93 869 56 204 51 8962 72
2266 6 115 39 6411 70 2196 89 9092 11 7960 71 2028 72
2267 5 105 63 8311 98 539 21 589 23 1218 17
2268 5 624 59 5058 29 478 82 3958 24 2191 21
2269 3 1143 16 4011 51 499 98
2270 6 1543 29 3913 27 9279 56 5022 74 2356 75 8322 48
2271 4 415 92 6989 98 8959 88 3673 71
2272 8 342 72 2362 72 3470 40 1250 44 1864 86 8667 40 4943 51 9187 72
2273 7 673 44 9034 72 3295 4 4458 3 457 35 534 89 5336 43
2274 3 2229 12 8351 63 9184 65
2275 8 182 57 3095 61 3348 61 6487 94 4874 59 3925 39 8760 10 4405 27
2276 7 345 58 3857 84 2109 27 3513 20 3539 11 9032 58 1852 100
2277 8 2126 97 3582 63 9884 11 1175 95 1615 39 1476 87 5859 27 2542 42
2278 8 1739 82 2518 74 3007 59 5816 9 7457 11 6513 20 1362 13 902 84
2279 7 969 58 4968 31 1566 43 5598 11 1085 93 573 50 7365 19
2280 6 1163 88 1874 58 386 35 5285 39 6758 10 290 91
2281 5 1218 67 2719 85 3365 39 1791 86 1883 85
2282 9 2050 21 4950 45 1507 87 1442 45 8679 98 1563 2 879 84 5696 94 687 40
2283 10 1531 64 3884 2 6202 12 9946 57 5342 56 765 5 1058 83 5701 40 9004 46 9794 4
2284 6 1622 94 3875 57 1155 5 1257 93 8095 10 2871 97
2285 6 1703 47 5884 95 144 60 7208 8 8232 89 9070 27
2286 14 1269 49 2798 7 7842 2 4592 5 70 48 6249 49 1934 10 5468 97 9540 21 869 3 2098 9 1981 62 4517 45 6347 32
2287 12 582 44 4029 42 4407 65 5023 97 8739 22 4166 5 2017 48 9462 86 8220 67 8235 96 9709 4 9026 70
2288 9 1128 83 5241 88 7860 65 5821 75 5744 18 8217 32 7434 6 8075 10 7968 67
2289 8 189 52 3257 43 9008 6 293 95 7610 36 5987 86 1811 65 9005 45
2290 10 196 69 5356 45 3775 41 128 20 8851 18 9561 72 8515 24 1802 74 9923 76 1708 13
2291 6 590 66 3872 26 6756 3 503 73 5130 66 7413 8
2292 6 632 7 2912 69 2306 88 5045 66 5730 16 571 53
2293 7 890 90 8792 93 9381 44 3473 19 6543 43 2047 64 2025 14
2294 8 1511 74 3881 55 7545 24 7748 42 8569 68 7059 62 8411 30 3101 59
2295 4 1759 91 8923 6 9046 85 2776 85
2296 6 2143 42 9095 15 9514 27 915 65 9875 74 2067 35
2297 10 1176 38 2308 26 2512 38 4552 50 6227 65 6916 76 9276 19 883 20 4897 23 8011 2
2298 5 1104 15 1598 42 6054 35 7884 86 8254 48
2299 8 68 92 2407 66 1361 60 9425 20 7422 64 8988 49 1773 31 4919 49
2300 7 391 15 4681 46 5878 68 6049 33 6296 43 7614 43 484 41
2301 6 303 16 8916 18 5035 53 4494 46 4408 48 7002 22
2302 13 1681 96 3186 41 4063 33 6092 13 8146 74 6609 23 8392 28 3339 20 9641 45 4377 84 3621 80 4890 23 8870 78
2303 3 1577 44 2656 68 5133 92
2304 6 735 37 8093 93 7410 7 1842 58 4934 12 9708 89
2305 7 1153 81 2473 24 688 16 6417 66 4456 44 5183 19 569 29
2306 9 1060 7 5523 81 4924 48 2292 88 1660 9 2205 2 6822 63 8826 3 3171 56
2307 6 216 33 3021 2 7309 74 7426 17 5605 18 6474 28
2308 10 2297 26 2425 80 3614 17 3765 92 5313 18 4765 8 6078 45 8670 28 174 87 1368 24
2309 10 969 97 5322 12 5533 79 5552 45 2218 70 1048 86 1030 31 2103 13 2434 76 5634 47
2310 7 475 14 8128 16 6000 68 4289 20 4710 56 5742 85 98 90
2311 7 417 36 3916 74 4202 86 5136 74 909 19 6955 89 268 80
2312 6 883 67 3450 48 6528 52 7074 15 9138 17 8588 61
2313 5 1358 15 3786 96 6349 84 1347 26 2263 42
2314 4 1567 7 6317 72 9856 5 9634 93
2315 10 1129 56 2608 76 1661 1 7214 72 5630 46 415 29 2969 34 2015 100 9112 8 7395 56
2316 8 72 86 2388 4 5242 91 8921 3 4458 93 1832 1 5570 5 2905 38
2317 6 204 67 2687 63 3241 85 8521 13 8911 91 4127 17
2318 6 742 50 3975 33 2603 15 5510 15 9385 9 1092 5
2319 7 27 95 4149 15 3386 74 637 74 3251 22 1308 34 6726 66
2320 6 68 8 5506 97 2062 62 470 37 6243 91 9576 42
2321 8 1869 19 2774 51 8401 40 7486 9 4967 92 9085 2 4424 14 1745 87
2322 7 1834 26 7219 30 7403 90 7855 58 4195 6 9451 39 7444 76
2323 8 783 82 3680 68 7168 93 8625 73 1110 63 8766 10 2698 54 7603 64
2324 8 1347 55 6198 36 6310 2 9693 74 9019 35 6445 83 4996 67 3849 19
2325 11 139 3 4373 13 4898 53 6727 4 7546 93 861 72 8807 37 1095 89 8293 84 7394 25 2693 84
2326 13 316 80 2554 99 2947 2 3820 26 7628 49 4077 93 1845 49 4233 33 6250 95 9542 33 8875 11 9264 70 5224 28
2327 8 282 28 2365 22 3482 73 4341 52 8513 94 1446 54 3521 93 17 29
2328 6 1770 57 6757 39 9674 73 7173 55 2931 33 1381 93
2329 12 1084 71 3684 10 4119 61 6424 92 7146 2 8303 75 2210 62 5093 36 1507 90 1180 88 9453 45 8090 76
2330 7 1779 47 8404 38 7101 78 2702 12 708 83 7899 94 9550 48
2331 6 1582 94 3592 90 4902 75 183 92 3920 66 2623 86
2332 10 1487 87 3052 100 8676 42 7548 35 2235 69 7047 15 4218 50 6380 23 7621 54 4231 53
2333 8 1215 94 6077 16 9412 61 4379 50 9071 58 6813 50 3991 43 7597 47
2334 11 726 91 7903 60 8473 75 6620 13 6011 49 8128 48 2586 51 1965 87 6247 26 7150 41 162 88
2335 8 379 62 4868 20 4980 93 5050 89 3139 51 1201 27 607 32 8630 41
2336 4 2174 15 801 25 9345 76 417 36
2337 7 1467 25 5971 53 352 80 5143 46 1242 30 9778 64 8627 40
2338 7 360 94 8373 23 1936 60 110 34 9289 11 7941 19 5439 53
2339 3 581 60 450 25 4079 75
2340 7 527 10 3519 48 5835 26 7733 99 8128 25 6901 89 6906 30
2341 8 2176 100 6547 79 8261 87 8206 22 3728 47 7801 58 2162 5 6919 31
2342 4 1121 86 8680 46 3128 39 9041 65
2343 13 743 27 3893 41 4920 19 8611 66 9845 51 9623 23 9459 45 3607 93 1029 51 1021 32 8211 11 7252 6 1108 87
2344 7 665 91 5406 79 5624 72 3443 56 3879 74 7122 90 1563 80
2345 9 1934 89 4443 4 8846 30 9995 15 1995 9 7476 23 9591 28 25 17 9767 9
2346 7 852 53 9872 54 9949 89 9221 66 7841 19 8471 8 4764 30
2347 6 630 66 7919 6 5773 75 2227 94 1213 86 628 19
2348 7 1371 42 3413 56 9041 41 9910 7 1953 92 3225 86 3198 4
2349 7 633 55 3272 87 4749 6 2859 88 6703 15 5045 45 1688 73
2350 6 1402 31 3108 79 5335 2 4166 13 2526 42 3537 64
2351 5 572 33 2998 81 9338 40 692 1 7883 36
2352 8 933 26 6955 17 3089 75 7659 74 766 66 2253 42 194 43 1317 76
2353 6 1929 36 2653 9 5888 74 9276 44 5647 59 4864 65
2354 7 214 44 4033 84 9452 40 4122 49 2858 25 8699 25 1781 95
2355 5 135 7 3222 76 5101 20 3563 65 6771 85
2356 9 1463 95 4542 98 4621 5 9229 25 6134 51 571 95 2270 75 3932 37 299 37
2357 6 1401 87 2496 98 5334 5 4443 47 9642 89 8612 33
2358 9 52 7 5942 64 4613 49 1515 60 4016 10 1970 37 666 52 7160 48 5090 82
2359 8 1339 83 3501 6 5045 32 9073 6 1575 21 4830 16 907 17 9960 31
2360 7 1282 61 3648 8 6313 13 8144 33 6354 93 2710 14 3108 99
2361 8 1420 55 3796 46 7275 2 5328 71 2984 9 3077 26 4496 60 8374 10
2362 9 2272 72 4626 66 6819 38 6806 52 2625 4 7066 31 3645 29 7095 4 9892 10
2363 6 148 24 2764 62 3566 20 7910 58 4250 61 6143 5
2364 6 2189 95 4590 36 9066 75 9936 63 2857 39 7175 26
2365 4 2327 22 5203 16 7496 9 616 13
2366 3 2148 14 101 41 1964 2
2367 17 1691 51 4736 61 5395 29 5917 21 8447 47 811 68 5875 49 1872 24 868 95 4237 16 8127 10 7398 48 6851 31 4086 37 9439 96 1844 35 7613 87
2368 10 1042 93 2465 38 2585 81 2622 34 249 8 9517 26 7621 58 423 89 126 72 4444 58
2369 3 1369 27 4762 79 9420 13
2370 4 2107 70 7603 52 8901 24 1360 7
2371 9 1009 20 2959 57 3071 1 6614 87 9229 83 8740 20 697 16 8850 87 8831 65
2372 6 630 27 5477 64 6003 24 9166 21 3347 45 2895 36
2373 8 139 37 4468 16 7511 69 9166 80 1919 62 8699 65 4988 44 8926 36
2374 10 98 54 4657 67 5227 49 1732 15 1601 86 276 46 5186 12 7800 48 3551 14 5431 27
2375 11 2152 65 2393 28 2429 53 2955 28 4053 13 6951 67 5539 55 1653 88 5046 10 8799 4 4239 46
2376 11 1948 43 5226 81 5909 59 8603 67 9658 78 8833 43 5542 68 8783 64 2095 78 4045 48 7401 55
2377 11 2174 1 3536 70 4538 38 155 37 2106 53 1746 21 9602 13 4066 74 244 10 7841 9 1370 84
2378 8 1695 15 3521 43 4772 26 2142 69 4558 70 8745 73 1154 86 7423 92
2379 7 819 74 3347 36 8544 67 9104 44 9852 53 2519 5 9036 55
2380 8 551 6 2521 73 2832 16 3273 25 313 2 8124 4 1000 74 9767 25
2381 9 1255 4 3874 64 7246 28 3287 85 3174 33 9293 17 9783 2 3699 62 9824 97
2382 10 771 48 4460 18 8598 20 9944 60 4992 29 7523 23 2059 33 2229 90 3789 84 29 44
2383 5 1122 52 4371 74 703 20 2600 25 6066 69
2384 9 1707 48 3984 33 5840 88 5743 91 917 35 6110 98 6947 12 1731 56 8330 32
2385 4 2264 47 2552 72 2749 65 367 49
2386 7 784 5 7662 44 4435 7 854 14 1423 49 2727 50 6026 49
2387 9 1868 19 8408 38 9428 95 8453 90 6741 38 7117 81 488 52 8694 58 5011 96
2388 5 2316 4 3881 51 8202 41 7606 77 3457 4
2389 2 277 65 2828 70
2390 9 386 5 3459 71 9940 86 5149 83 2415 16 6871 2 2678 64 5388 28 3430 92
2391 5 1117 76 2429 90 5593 38 721 47 5717 18
2392 9 312 61 3110 89 4452 38 828 87 7168 27 4727 49 548 76 9803 21 1986 1
2393 7 2375 28 6888 86 7951 77 9540 86 8271 56 1285 16 6809 44
2394 7 1332 100 8039 88 7462 1 1462 37 9525 86 436 19 3947 95
2395 1 830 51
2396 10 1000 16 3410 14 3967 52 6175 38 5072 10 689 49 1356 67 7765 31 9088 88 3940 9
2397 4 554 84 1173 7 4617 79 8714 55
2398 10 2170 10 8265 48 4893 48 9328 63 8257 48 9562 1 5290 5 2607 44 1128 19 3943 10
2399 6 2196 61 2769 87 7027 22 5403 55 5602 94 5832 40
2400 11 1083 7 7118 72 9597 35 3413 93 7251 43 9562 44 9841 76 4458 2 5064 2 3475 27 2777 66
2401 5 884 87 2232 58 1507 63 7889 26 7022 94
2402 7 1119 77 2756 74 8663 59 269 16 2694 73 2196 74 727 26
2403 11 686 15 772 33 5343 98 9579 57 3363 66 694 88 134 48 1265 36 5731 24 836 77 7087 34
2404 5 10 11 4938 7 7754 12 8673 94 9103 86
2405 6 2067 91 2504 4 2144 97 5049 20 2082 29 3358 29
2406 15 1200 31 4677 97 6651 67 6064 59 66 8 3111 5 8308 13 8764 11 4480 39 1343 71 8393 7 3019 74 553 22 7217 58 2634 78
2407 5 2299 66 3491 46 7065 30 9779 98 4928 2
2408 8 645 23 3553 48 4926 18 406 55 6867 42 4238 78 1071 17 4240 70
2409 4 1208 16 1186 43 6847 45 7694 16
2410 8 1660 2 2435 60 2804 44 530 17 353 41 3578 42 635 57 9137 62
2411 5 484 77 2547 4 523 38 4450 6 4765 98
2412 6 516 79 2506 24 5954 11 8245 37 9810 7 3989 54
2413 8 45 91 2691 23 6500 58 827 32 8530 65 716 46 1612 16 2605 15
2414 5 1570 38 5779 64 3623 57 4405 21 772 91
2415 10 669 62 3143 4 6059 92 8511 59 2390 16 7184 41 4466 79 7461 56 5355 19 2994 90
2416 6 2231 70 4322 79 93 19 3019 53 3866 15 1997 96
2417 10 482 44 2815 5 3894 72 6136 73 7564 50 4395 29 8199 44 4576 12 1513 87 2532 18
2418 2 303 15 1162 25
2419 8 1507 9 3563 30 8149 53 7347 82 9323 53 7648 20 2562 42 2512 68
2420 13 703 76 3326 100 3640 62 8809 12 9417 87 3143 95 4692 31 971 2 6340 56 9706 78 9230 75 8250 12 826 45
2421 6 157 45 4376 62 6391 29 5345 4 6436 43 3855 37
2422 4 2194 8 3076 88 9120 64 9800 57
2423 8 1996 47 6439 9 9084 75 8576 92 1135 45 3933 19 8899 41 6888 52
2424 7 2043 49 2746 19 4627 41 1291 14 3313 47 326 30 9522 98
2425 6 2308 80 331 84 557 7 4597 76 1979 72 1604 81
2426 8 980 33 5479 81 9256 26 2881 5 8527 15 1451 87 4405 58 1228 47
2427 16 246 65 4024 2 3661 19 7780 26 1896 61 3146 94 6019 42 9898 1 4809 59 1206 56 3121 48 1756 97 5748 88 8012 62 3743 82 6909 2
2428 6 1012 68 2737 5 5681 81 9329 42 9835 37 7571 48
2429 6 2375 53 5274 14 6974 96 2391 90 5532 6 3383 36
2430 10 653 42 9550 5 5948 80 4858 44 93 77 4184 23 3634 5 8492 87 9764 68 1811 99
2431 4 107 94 3996 91 3320 36 4274 72
2432 7 2201 81 3312 11 3447 75 6747 5 8912 6 2145 82 3593 8
2433 9 1963 58 3803 28 7757 28 417 87 9133 62 4380 95 4920 25 8034 63 1888 73
2434 10 299 77 3289 11 4534 19 6057 2 3660 3 6142 1 5606 38 6702 51 1053 10 2309 76
2435 7 2410 60 4233 40 4930 25 8697 95 2054 62 5114 32 4305 54
2436 6 1172 48 9103 29 7245 9 3913 66 6920 85 4044 69
2437 7 1110 29 2695 43 4430 98 9547 68 7472 15 8080 26 2596 49
2438 5 1687 40 8351 34 681 39 4961 55 2442 36
2439 4 1614 24 2678 79 3597 44 7887 13
2440 11 1834 79 4405 57 263 2 7594 58 4416 70 7221 69 9117 61 6998 22 2479 41 7832 8 5294 66
2441 7 802 13 7759 79 9020 8 911 67 8237 59 3827 6 1615 64
2442 6 1586 37 3090 90 8980 42 7850 76 5237 81 2438 36
2443 8 1013 86 2487 5 8173 19 9002 1 8498 82 7190 26 6034 26 574 83
2444 7 587 40 129 26 1441 28 5934 75 4171 75 7411 86 4632 41
2445 5 107 13 7420 9 660 18 6204 44 5287 1
2446 9 315 56 8829 97 7760 6 16 39 8546 95 2534 7 3564 26 6527 60 572 5
2447 9 135 90 2717 96 2594 34 3123 72 1967 27 4363 88 2536 73 1109 79 1558 65
2448 10 2120 36 4858 41 5739 57 5247 95 232 1 3463 15 9045 91 3725 70 359 44 3153 100
2449 9 2187 72 3673 58 6841 90 4593 77 9683 22 5809 64 7263 81 6975 70 8727 70
2450 7 2119 25 3136 42 8844 92 7215 16 3975 66 5232 35 2930 48
2451 10 1687 85 4795 14 6883 40 1468 1 8066 12 5228 36 4035 86 1019 44 3222 98 7446 55
2452 6 379 21 2859 8 3551 20 3870 99 9349 74 3922 93
2453 8 444 19 5362 33 9522 45 8326 18 7841 32 6696 39 6433 4 632 30
2454 16 1556 67 3083 82 3599 10 3612 36 4031 61 6892 17 8714 40 5915 85 7268 45 4822 11 7565 40 6009 9 9747 10 9684 46 1099 93 2202 33
2455 6 2 89 3688 92 7307 28 3106 64 5931 5 5159 70
2456 5 1067 65 8131 52 179 65 2165 72 6182 31
2457 8 1985 14 3337 14 5479 64 7137 47 8316 4 8086 80 2503 46 2544 17
2458 8 2070 86 8362 32 9548 52 8551 75 2776 79 483 44 8842 38 351 70
2459 7 497 68 6865 63 7628 77 8715 42 2033 16 5617 35 5353 85
2460 6 969 61 3672 48 5700 75 1489 30 4051 72 1721 49
2461 10 1765 48 3646 70 4540 46 6571 40 1336 54 7977 5 1963 99 1099 80 4544 4 5214 23
2462 6 822 90 8375 69 1922 55 2870 31 3248 51 4153 55
2463 5 2117 37 8059 59 5204 29 5100 54 2238 56
2464 3 44 15 8242 3 5226 73
2465 6 2368 38 3670 24 6864 70 7441 74 8017 45 6752 5
2466 6 1322 82 632 75 8998 76 7732 95 7624 63 7442 26
2467 7 302 24 5538 25 7884 85 2649 87 70 21 1621 48 1951 7
2468 5 362 73 1248 51 1054 34 2517 92 3277 69
2469 9 1912 32 3917 63 7172 44 3114 24 1479 100 385 3 6662 37 2239 80 7484 33
2470 6 1322 25 2637 87 8976 77 952 2 2937 29 5500 35
2471 10 1696 57 3396 80 3524 40 7186 47 7225 17 1040 60 6563 88 395 40 6535 52 4254 67
2472 7 1013 12 6360 65 9078 36 9701 98 7618 52 4179 60 5090 20
2473 10 2305 24 2775 49 3233 70 4824 5 5910 66 6258 76 7007 96 3734 67 3429 88 1529 55
2474 6 1105 24 2710 6 5725 46 1767 33 8491 71 1978 15
2475 9 120 65 3561 57 5447 80 9437 83 9256 36 3098 99 3990 70 9115 7 3567 40
2476 5 691 53 5026 100 8309 52 8745 64 3966 4
2477 7 1114 81 1660 66 640 40 8068 10 4497 59 7042 92 8450 59
2478 9 1884 74 5883 49 3515 3 1924 85 3931 92 7570 100 6272 74 6608 62 1980 76
2479 5 1306 48 2105 63 2084 12 2440 41 9766 16
2480 7 1406 11 6929 33 9084 64 9146 52 6295 37 4388 65 2651 7
2481 5 1561 53 8429 20 6714 68 8503 34 7347 31
2482 6 1855 71 5265 64 4379 46 1219 8 4642 48 9945 62
2483 6 2076 8 4644 95 5667 79 8304 5 3995 45 4161 85
2484 12 532 99 3166 48 3775 73 9195 86 1873 13 7238 94 4752 35 3411 94 7419 39 7229 40 1340 26 9317 59
2485 4 381 60 6433 18 1896 38 3196 37
2486 7 1642 50 7646 87 9598 47 4661 34 9326 23 1999 40 6850 44
2487 9 2443 5 4007 2 4546 89 1489 13 9440 20 9800 11 4750 36 3741 70 5609 23
2488 9 488 70 4483 65 4636 12 2918 75 141 8 201 55 1051 34 9635 7 8848 61
2489 5 1137 23 5109 5 7077 29 4700 36 9006 45
2490 5 1368 91 142 100 250 27 5199 93 6888 10
2491 4 904 51 9663 41 6466 6 4758 23
2492 4 932 83 9086 11 1433 53 7148 70
2493 5 347 5 3056 82 397 22 5491 12 161 58
2494 14 103 50 3934 14 5859 49 8012 29 9789 10 9211 38 7837 55 727 50 91 27 7732 100 4862 99 1341 29 8443 15 309 1
2495 6 1967 59 2885 42 6125 85 5706 71 6665 2 4864 66
2496 9 2357 98 4396 93 9362 20 2077 74 6507 99 4136 23 7594 24 9023 64 695 38
2497 3 1472 17 6429 69 330 72
2498 9 690 50 93 93 8210 21 2142 14 8516 29 3 25 9287 24 2613 35 8714 47
2499 7 1001 90 5064 73 828 23 1695 42 221 97 339 72 1198 65
2500 15 982 38 4107 78 4141 63 6390 99 7508 8 8369 13 9140 73 3191 24 8664 32 4253 55 8619 41 720 65 689 56 2933 33 6589 75
2501 7 1597 34 3114 41 7296 29 9918 27 3754 40 4248 46 9958 50
2502 6 1410 11 2906 52 2511 17 5783 47 2913 46 6188 7
2503 6 2115 96 4642 59 6936 4 2457 46 7315 23 9675 63
2504 9 2405 4 6089 91 5677 39 5151 29 9258 78 7720 99 2649 15 5094 10 6423 19
2505 6 113 62 3022 11 7908 62 8327 20 4689 21 8451 70
2506 7 2412 24 4453 33 9671 78 3923 67 1600 82 923 52 9639 98
2507 9 239 26 3220 63 3929 28 5935 20 7788 55 1159 87 352 42 9483 85 1250 8
2508 4 2152 66 7665 17 5635 5 9333 19
2509 3 383 23 3039 79 4196 13
2510 5 1020 81 3455 100 1601 24 9861 95 1766 88
2511 6 822 97 3074 36 6842 4 1307 3 2502 17 8108 93
2512 14 2297 38 3978 86 6035 36 2701 26 8653 99 1758 69 6267 42 1478 63 6520 16 6624 98 7482 3 1278 66 2419 68 5130 67
2513 7 261 1 7501 52 8813 94 9073 10 9949 15 3752 65 8000 99
2514 8 526 74 6393 82 2198 39 2583 82 1869 29 1010 80 1570 71 6647 83
2515 5 463 17 5829 53 3393 5 9586 38 3034 48
2516 5 1479 52 4545 41 5300 41 5490 78 1295 73
2517 20 1496 59 4366 34 5092 42 8700 80 8747 78 9937 28 8312 47 3871 87 1724 42 2599 89 1788 68 6114 46 7043 2 1603 69 4236 74 9221 26 2722 47 5635 47 2468 92 821 58
2518 8 2278 74 2926 16 7199 67 5984 76 1341 99 1525 9 7325 87 9295 2
2519 4 2082 19 7523 75 2379 5 1500 13
2520 7 659 35 3837 25 3676 55 7210 4 605 9 2074 42 7085 95
2521 5 2380 73 3057 39 6096 19 3588 75 4494 5
2522 5 707 29 7796 23 2820 44 406 76 4618 75
2523 10 1242 15 7034 9 8776 38 8208 97 3082 92 6109 55 9230 22 4075 76 9797 58 1614 96
2524 11 740 72 2740 41 6232 31 8494 28 5175 71 5558 84 9601 13 2637 16 3417 27 6212 20 1776 57
2525 14 1360 44 2545 8 2759 77 3123 72 5270 92 5462 60 9650 62 6246 94 8993 43 8467 80 9886 39 1788 63 7450 11 361 96
2526 6 378 3 4739 50 7474 72 2350 42 645 91 1102 43
2527 9 2110 10 3994 61 5432 25 2116 81 5536 40 4903 6 4888 40 8773 11 7381 64
2528 8 1587 1 2934 39 7677 67 4405 41 284 9 7149 85 3842 98 8163 29
2529 7 1045 58 5202 35 6200 69 4244 74 7132 27 1842 86 6427 63
2530 11 774 63 3968 60 6546 10 60 96 9016 93 5681 6 5470 80 6455 87 1281 68 2146 27 3342 24
2531 9 1584 90 6499 37 6869 2 1083 85 1010 3 6944 45 3491 88 9348 21 6327 38
2532 5 283 12 6955 74 8257 96 2156 17 2417 18
2533 6 2217 82 3028 72 4061 65 3477 96 4388 72 3524 96
2534 5 1601 72 3227 61 822 31 6273 9 2446 7
2535 7 974 21 3726 53 5734 84 5788 32 9427 4 4525 93 8239 29
2536 12 834 58 4389 30 2891 96 3283 28 7474 3 2099 79 2447 73 9416 74 7988 55 2847 33 496 28 4178 21
2537 9 1302 57 1817 83 4365 52 7547 90 411 72 2158 2 5662 43 7463 19 9430 5
2538 5 737 75 6231 60 6704 23 3209 51 5967 38
2539 6 1177 66 3862 81 3281 89 5634 3 7331 75 152 65
2540 6 747 12 3991 44 5538 27 9689 59 2031 35 4163 45
2541 4 1726 52 5498 49 4906 51 5836 93
2542 9 2232 48 827 9 9654 71 8948 31 5088 58 1200 45 1618 36 2074 79 2277 42
2543 7 1925 12 2806 41 7907 69 3647 64 8996 29 7858 58 9810 88
2544 8 586 13 3794 96 6971 5 5228 57 7107 19 2457 17 8978 55 8955 1
2545 7 2525 8 3113 2 5198 81 767 57 2857 77 5996 4 3844 20
2546 6 902 37 8790 32 4843 29 347 33 2112 39 7406 84
2547 2 2411 4 6543 68
2548 7 1987 42 4895 38 8480 31 943 2 5638 56 278 94 3961 81
2549 11 699 24 714 36 1045 62 5420 28 6510 42 5671 83 2161 46 9718 12 7100 67 1335 29 5021 47
2550 6 288 6 9749 95 4859 87 6099 26 6510 38 1844 7
2551 10 2041 71 3454 30 6584 41 7570 35 8526 37 132 61 5001 85 3110 95 523 60 6751 26
2552 8 451 20 7225 30 2385 72 3812 18 7962 61 5713 77 2041 41 1983 54
2553 9 156 58 3822 91 6162 44 1502 30 4422 75 6356 14 8149 26 1904 22 8769 81
2554 7 2326 99 7514 84 7897 24 4198 17 8545 7 1133 41 5235 91
2555 8 1249 50 5200 1 9534 43 1913 45 6144 88 2875 26 1840 57 1765 37
2556 6 49 18 5076 15 8839 95 4779 96 2114 22 6346 32
2557 6 1507 70 5077 4 8271 87 4998 83 2045 33 2891 73
2558 4 1440 12 3180 57 9447 65 5155 97
2559 9 2153 96 4177 65 592 63 6939 29 2172 79 6587 83 8111 72 5591 85 7288 73
2560 8 1702 45 2575 21 7335 35 430 42 4276 76 6531 11 2768 52 7877 71
2561 5 202 82 173 9 9771 97 1431 33 7857 68
2562 7 1468 80 4423 56 7963 33 5101 66 9799 100 6630 49 2419 42
2563 6 1877 76 3395 95 3940 48 9584 72 9731 69 1254 92
2564 6 1314 46 273 85 6711 23 7015 54 3613 63 1936 73
2565 9 1307 44 9704 92 9288 90 9728 22 6924 1 6903 87 3689 28 810 3 5000 99
2566 7 2205 70 9932 88 4588 12 4177 17 1507 73 691 7 5523 96
2567 5 1553 65 6160 91 2208 64 9487 29 5840 27
2568 4 1261 19 4501 45 9005 34 936 42
2569 8 536 91 5001 27 7256 79 1958 71 8402 14 3181 7 9163 67 1106 86
2570 4 874 35 5066 96 80 59 5108 44
2571 8 628 95 2609 83 5670 51 7948 20 9495 7 3954 43 33 23 6224 56
2572 7 2110 2 3974 67 6504 21 9814 18 6078 27 2642 41 9298 54
2573 5 127 95 313 47 150 64 5404 34 5274 36
2574 9 1654 95 3424 19 3620 61 4236 31 5099 65 7441 43 2009 28 5059 8 2099 100
2575 9 2560 21 3440 38 2679 43 2255 75 6531 19 4770 20 5923 36 2034 30 1781 46
2576 9 944 16 3320 60 3647 92 6330 99 1363 78 861 47 4225 19 2666 13 3395 47
2577 3 481 48 2246 57 5890 4
2578 9 555 44 8976 75 1102 71 1588 41 8501 17 6578 16 1208 34 319 48 3403 25
2579 8 481 45 5683 60 8541 90 2679 68 1959 51 2774 33 6937 62 8183 48
2580 7 1204 12 4997 72 5429 52 9019 75 7118 84 9480 21 7349 92
2581 5 1231 11 3912 45 9689 90 429 45 2882 84
2582 12 2057 30 2625 95 3319 63 6790 13 641 58 2754 1 1895 79 4381 4 5293 65 4341 51 3982 51 6497 97
2583 9 228 86 2985 14 6015 95 2514 82 8643 79 1361 37 3442 90 5241 54 479 76
2584 5 2128 66 4933 96 2168 55 7794 19 403 77
2585 9 2368 81 3162 5 5277 38 4122 100 377 36 2669 26 3021 52 614 46 9323 77
2586 8 583 17 2992 75 6322 41 6821 5 9901 25 9955 58 1487 100 2334 51
2587 6 1592 59 5728 38 906 44 2611 86 787 88 7979 33
2588 5 435 60 6853 41 7224 82 6942 56 4635 61
2589 3 1944 34 1602 50 3751 13
2590 6 545 57 4905 43 6415 90 6015 87 538 38 2057 73
2591 8 1227 33 2840 94 6944 84 9814 22 7507 13 6348 96 6281 51 7392 8
2592 8 655 32 6012 21 9370 50 7994 81 1437 99 5784 80 4487 77 9099 27
2593 7 292 87 8868 64 1601 76 1409 70 9250 48 1083 93 11 84
2594 6 384 45 2932 5 3624 35 2447 34 4366 42 9253 43
2595 2 691 12 8749 46
2596 10 397 8 3733 90 4455 12 245 4 8163 94 4629 19 1651 19 1051 13 3891 98 2437 49
2597 7 2171 1 5691 51 9834 79 7183 55 9298 17 2966 34 1841 11
2598 7 321 12 4206 55 7269 5 9487 73 1093 35 4347 68 89 95
2599 6 136 42 4178 38 4472 55 713 29 2517 89 5860 15
2600 10 1637 56 3426 47 4914 88 359 94 2025 84 9186 93 2383 25 734 55 1442 20 9415 87
2601 9 1189 92 3602 21 9760 25 1252 54 8411 63 4534 7 3125 89 6325 59 4189 59
2602 7 1263 44 3253 17 3370 48 8791 43 5107 78 1131 22 2642 26
2603 5 1415 79 2318 15 5145 64 886 69 1861 98
2604 4 1147 68 3742 97 6701 58 6051 21
2605 6 1320 64 7303 52 8051 65 7730 27 1884 41 2413 15
2606 9 528 94 8898 81 6355 31 9974 99 9630 50 6110 92 6467 70 252 10 4541 74
2607 8 2183 36 4418 16 5198 60 9621 31 9469 49 5758 75 2398 44 5896 67
2608 7 2315 76 2848 29 5013 56 1382 65 2007 95 5444 89 3979 47
2609 6 2571 83 5609 53 7607 100 9352 22 7750 20 7548 80
2610 7 372 99 3237 86 4465 64 4574 67 6495 22 9305 32 3883 60
2611 5 944 33 9812 63 8891 17 2587 86 1448 82
2612 4 982 54 3571 46 5288 64 5862 82
2613 5 1250 97 4400 23 4662 99 8825 63 2498 35
2614 5 1795 46 1940 49 5294 53 7245 20 4543 38
2615 10 55 67 2813 84 4032 25 5666 68 9412 50 4151 38 8562 21 988 80 5875 13 5986 34
2616 9 2163 31 3472 49 3766 20 6206 91 1948 81 8250 93 1244 85 2899 45 7006 98
2617 10 1354 31 4694 19 7669 58 2867 10 5652 37 696 12 1830 31 9251 75 7490 92 3922 52
2618 4 390 47 3588 59 1573 17 3751 74
2619 6 1180 62 1023 18 5949 6 6715 81 9165 39 5468 9
2620 6 203 54 4661 30 6358 13 583 33 7111 24 7602 55
2621 6 396 40 3883 33 9885 83 3428 48 8289 71 8922 89
2622 9 2368 34 8493 29 1207 53 2700 67 8695 71 7828 43 7075 54 3924 3 2648 44
2623 7 2120 91 7656 67 6439 56 6598 100 6364 4 2331 86 1424 16
2624 5 173 16 5572 94 8437 90 708 52 5689 72
2625 6 2582 95 7623 69 7525 37 2362 4 7128 39 8221 35
2626 13 973 54 4034 8 4634 71 9731 97 9800 61 3157 91 4304 56 5210 32 3555 25 5465 4 6702 61 9383 28 137 37
2627 5 1345 19 2940 90 3735 58 9009 82 3796 1
2628 10 230 50 3002 91 4128 59 1063 73 8420 17 5174 84 2880 8 4965 44 5759 55 5570 48
2629 10 2247 19 3026 24 5414 28 9906 32 827 70 5307 26 719 49 214 82 4313 97 8195 9
2630 9 388 59 8707 6 4194 65 7548 9 6765 14 7491 27 9435 44 6971 26 544 75
2631 2 737 50 1779 38
2632 8 1442 18 6009 80 7859 62 9427 2 8880 23 8056 82 7804 74 6287 72
2633 6 528 42 3271 38 4623 91 7577 82 8230 4 8534 8
2634 8 2008 24 2726 60 4210 62 1275 81 526 99 9984 85 9913 71 2406 78
2635 7 992 98 7969 3 172 72 9525 5 2823 76 6218 81 4751 71
2636 5 2153 58 7472 21 7412 91 6783 76 8924 81
2637 9 2470 87 2950 1 4506 44 553 70 6566 23 135 99 9862 58 2524 16 4030 64
2638 12 531 1 3151 8 4046 19 1354 54 1169 62 129 86 9275 33 7530 81 1969 54 7961 59 9103 46 2675 57
2639 7 801 49 4600 81 379 38 6240 74 7200 3 16 89 9304 87
2640 3 1787 36 4383 99 9670 45
2641 12 686 88 2790 79 2891 13 7942 82 9519 99 607 50 1706 81 7174 57 4400 93 5538 5 961 29 2242 22
2642 6 619 22 2729 71 4158 51 5966 86 2572 41 2602 26
2643 7 1041 75 8020 33 8988 23 5279 97 8829 32 6203 25 2141 47
2644 7 530 80 5191 20 3677 66 5317 20 9603 68 6151 59 1157 57
2645 6 2235 68 3972 64 4348 31 1288 17 5433 48 5081 32
2646 4 92 7 7523 88 5113 64 9208 30
2647 10 1936 6 5790 48 7975 22 2205 59 4523 59 215 78 1993 93 9789 18 758 93 1576 28
2648 10 810 57 7394 10 9975 59 5460 50 1528 62 5343 75 4359 71 2622 44 4162 78 9477 34
2649 10 1894 46 3069 94 3982 90 6382 89 9229 87 4754 59 2467 87 2504 15 1747 75 9645 74
2650 5 908 6 6396 2 6753 93 3129 25 6165 71
2651 12 295 99 5029 47 5902 36 8474 54 5917 33 2122 93 4166 80 4977 77 2480 7 5257 65 8081 95 6586 29
2652 6 96 41 8248 10 1460 23 9412 68 4437 48 3543 62
2653 6 2353 9 2995 87 7072 100 1027 78 3014 36 5476 4
2654 6 1798 56 2791 96 6020 20 162 23 3795 60 8660 6
2655 4 1597 56 593 11 1972 89 1383 88
2656 6 2303 68 9691 46 7494 14 7916 7 8280 32 6640 33
2657 4 1678 38 3656 33 7298 8 9405 44
2658 8 1594 16 2820 21 9470 41 8028 39 7522 58 3245 43 52 18 9653 27
2659 4 504 28 4945 82 707 2 3610 13
2660 6 680 9 8324 74 5551 4 9209 87 887 47 165 42
2661 3 159 48 5017 42 6938 13
2662 2 588 18 583 73
2663 7 800 5 2835 49 6689 29 6785 26 8046 32 5168 100 9213 97
2664 5 940 4 4860 44 5936 76 5303 60 9207 35
2665 6 1009 71 4369 59 94 43 3327 17 4314 30 3395 6
2666 6 1843 85 3790 2 5947 28 3372 74 2576 13 8047 22
2667 11 1624 10 2834 65 5502 6 1595 76 6729 86 4568 96 2261 87 8981 74 9982 7 95 10 4552 22
2668 7 1821 37 8893 1 9245 60 1330 5 3011 60 8572 80 5987 45
2669 9 935 77 6434 95 978 80 468 7 2585 26 891 75 9181 2 5219 58 1599 22
2670 6 1270 21 8282 33 5631 12 294 13 9346 12 4249 41
2671 7 1919 73 1784 66 618 76 4442 94 6167 63 5211 11 8809 48
2672 7 673 28 6693 40 9716 77 6127 80 9024 69 5457 89 3963 14
2673 13 385 24 9460 51 9486 71 9908 56 7057 99 610 69 9124 87 5634 67 6302 86 7364 13 5164 42 8287 72 1688 20
2674 8 681 14 3213 43 2167 90 7075 95 5065 59 9029 34 1255 32 7100 89
2675 7 1961 31 3402 58 3032 25 6733 14 5363 94 919 46 2638 57
2676 9 1318 83 7306 92 1865 35 4959 26 5916 4 1550 65 1474 55 798 69 7567 51
2677 7 773 71 3119 99 9100 18 3513 83 8513 57 290 65 5042 12
2678 6 2439 79 5805 57 2390 64 6399 29 8945 98 6500 28
2679 7 1505 75 2579 68 2575 43 6271 76 1221 52 824 7 8352 61
2680 7 1311 68 4738 96 3952 85 4192 99 2705 19 4019 77 9656 38
2681 6 510 84 6461 57 3155 80 1088 10 6155 89 1031 74
2682 4 1186 57 6731 71 6376 46 5227 66
2683 5 1424 91 4582 81 5561 67 5048 65 7400 32
2684 11 1422 39 7862 18 5374 48 52 71 9495 74 9791 16 3230 57 1547 73 3824 50 446 59 1723 80
2685 18 1463 75 3576 31 4753 65 5033 74 6044 34 7500 37 9696 86 6795 68 4608 68 977 92 2097 72 7098 36 9896 53 7904 42 3691 66 6811 73 3514 87 5760 31
2686 5 1845 54 7289 4 3432 47 6652 99 3655 14
2687 7 2317 63 4802 81 8270 84 1585 33 5297 5 9308 25 1150 58
2688 11 2056 76 2919 7 3165 85 9756 89 5224 88 1882 43 8810 29 8869 1 8040 42 3605 96 9533 53
2689 5 735 34 6921 68 1568 73 6558 72 9188 39
2690 3 1364 62 7609 26 8600 24
2691 6 2413 23 4851 10 812 34 310 87 954 99 8390 37
2692 8 52 99 1696 7 5387 87 1520 42 8079 40 164 7 120 20 1831 71
2693 5 144 87 5407 10 6881 28 326 65 2325 84
2694 10 1939 48 2847 39 2907 15 7036 5 3477 29 5948 9 7610 20 4648 80 2402 73 539 47
2695 10 2049 37 3715 29 5002 53 8363 78 2437 43 7893 18 8107 47 812 94 5441 85 5522 16
2696 4 2084 67 7875 63 4280 63 8202 88
2697 10 1584 94 3244 3 3841 72 6137 34 49 44 5490 45 3166 83 1251 82 9112 72 5721 65
2698 12 1611 82 5257 32 7278 48 9373 38 8049 34 5486 98 8748 44 784 72 2323 54 4235 20 9557 7 8341 73
2699 7 1385 65 5848 80 8859 71 5230 100 6307 89 507 3 1022 40
2700 5 706 52 3791 48 2622 67 5783 12 6089 90
2701 11 2013 60 3367 47 4834 51 2512 26 590 10 4570 22 3341 77 9679 81 409 23 2738 97 2136 99
2702 16 1794 9 4658 49 8515 92 1390 75 6521 12 3676 89 615 14 1736 1 3075 65 7685 60 2330 12 6626 82 8216 29 3237 24 5729 37 4933 46
2703 7 521 67 6259 9 1504 6 609 83 1991 58 2085 45 7295 60
2704 10 700 28 3639 82 4419 85 7301 100 652 75 8670 56 3736 73 4087 27 1916 60 5059 7
2705 8 648 65 4184 25 559 52 8388 63 3962 82 2680 19 8157 54 1267 79
2706 6 239 30 4555 39 3113 80 3688 45 9193 82 3458 1
2707 5 1380 73 9266 51 4012 57 904 49 1595 25
2708 12 680 38 2794 10 4512 97 8709 29 4243 82 983 76 1157 3 5790 53 6305 29 6437 77 663 60 1059 22
2709 5 937 59 6538 34 8624 47 2839 47 9029 71
2710 7 177 13 7858 28 8892 16 2474 6 2360 14 3614 86 1138 37
2711 4 785 99 3942 74 4333 86 1937 67
2712 7 505 38 3495 68 5845 35 7270 27 3752 17 6067 54 2244 23
2713 5 2065 48 5686 25 6917 74 3252 65 7904 74
2714 4 682 84 8126 33 4260 28 466 10
2715 9 1971 41 2864 90 9111 90 9876 48 6641 23 5038 41 1531 8 423 62 5012 86
2716 8 1473 26 2192 23 2119 44 4997 96 4921 75 2125 55 4941 11 267 96
2717 6 2447 96 4954 22 6990 27 9804 92 5485 96 7624 82
2718 6 93 8 3444 76 5762 48 7771 30 218 92 3930 32
2719 11 1312 96 2281 85 9481 16 6643 30 1666 42 8697 74 9175 27 7543 30 8667 84 6112 81 8627 7
2720 7 1093 77 9854 11 7945 11 8408 6 7844 31 3122 17 3663 24
2721 9 955 85 5965 29 6010 46 3929 31 5736 19 4588 67 8535 99 1014 34 5652 61
2722 9 1643 32 2981 14 9509 44 346 50 4828 9 9595 25 2517 47 3251 37 1418 17
2723 4 1552 5 540 3 5192 60 7925 48
2724 13 2056 26 5778 10 5826 78 7552 68 7833 24 3931 39 9307 30 9949 21 9535 47 7005 9 4627 18 6314 76 9257 85
2725 3 441 85 9161 39 8748 47
2726 8 2634 60 3601 26 5131 6 728 73 7629 79 719 71 359 18 9307 40
2727 10 1683 28 2897 42 3683 46 4467 74 7498 79 4873 34 5887 98 9566 38 2386 50 6813 74
2728 9 800 69 3489 8 5333 8 5132 4 1488 47 5813 43 7704 50 8718 33 1616 84
2729 12 2642 71 3836 64 3861 62 6088 8 8018 67 2753 81 5739 13 6112 82 7330 28 4477 13 3906 90 9294 42
2730 3 1222 55 3484 62 3763 72
2731 9 1906 90 7052 54 8137 43 1356 2 9469 69 3450 75 9214 39 4466 24 696 87
2732 4 1192 67 3708 15 5813 18 1648 84
2733 7 1490 50 3809 31 5927 87 6470 95 1560 76 1431 98 1858 91
2734 5 1516 1 3885 42 4709 38 528 55 1748 12
2735 5 1533 76 3141 37 4785 12 3296 75 1696 85
2736 12 316 33 2876 33 3810 82 5268 98 6370 53 8203 69 2189 9 9000 24 1235 41 1969 3 511 67 5452 3
2737 8 2428 5 5439 44 8567 90 98 69 1693 20 3079 15 9426 77 4280 90
2738 7 1062 6 4016 48 3121 60 3326 36 2701 97 4467 22 8926 59
2739 6 1352 30 4789 7 7700 8 6338 63 1820 1 4262 92
2740 3 2524 41 913 30 4733 32
2741 11 1772 73 4392 20 4891 75 4979 9 6846 59 3652 21 4117 31 5403 56 9332 95 9615 75 5218 59
2742 8 1808 42 7040 74 8997 63 517 53 5566 4 2112 51 1894 23 1768 27
2743 6 1759 48 3995 77 6492 22 9602 85 1506 93 2808 63
2744 10 1729 93 6079 40 7146 61 4139 55 721 86 2000 25 6918 43 4803 87 5290 50 5808 27
2745 7 849 95 5373 3 5889 8 9250 28 5334 68 9017 71 6627 96
2746 7 2424 19 9455 78 7395 64 8062 34 2049 57 7193 63 9589 1
2747 8 1813 37 3452 60 4440 30 6367 50 5780 71 9823 93 7132 75 9181 74
2748 8 1734 90 3293 89 6770 39 364 11 2195 25 455 32 7550 99 3954 66
2749 6 1622 71 9977 79 5885 89 2385 65 9825 67 9779 69
2750 12 1886 78 4421 66 7374 21 8427 67 6314 55 1311 50 3423 26 1716 61 7361 100 7541 20 9212 39 9274 59
2751 8 450 27 3509 47 4691 11 7037 65 7934 74 4931 26 4624 86 3434 70
2752 7 1336 89 7588 63 4795 19 3842 37 498 75 3863 13 2820 23
2753 7 2022 42 6847 93 2887 47 4253 78 2729 81 3002 49 4116 49
2754 10 1863 58 2797 45 4556 14 9793 45 8800 24 7267 3 2582 1 1351 36 3533 60 1149 37
2755 9 1277 88 1672 54 2258 48 9930 91 4038 67 9007 62 7374 98 9143 97 789 81
2756 7 2402 74 4903 48 5205 50 9367 49 671 29 6360 46 6341 48
2757 9 2205 41 3685 63 4719 20 8127 72 9900 81 6157 95 2194 56 8001 22 1906 83
2758 6 3 11 9925 48 4692 78 6879 7 7637 8 7709 53
2759 3 2525 77 634 50 1228 7
2760 6 1930 28 2248 63 4592 99 327 81 4404 25 1430 88
2761 10 1971 87 8885 38 1013 91 6839 74 1481 77 670 42 4673 45 9349 61 9927 88 620 31
2762 7 919 96 5044 60 3474 67 9947 92 9968 83 9116 12 7431 97
2763 8 1647 33 2866 38 3027 80 3762 80 4848 60 6510 67 8955 26 8266 15
2764 6 2363 62 3125 48 1869 15 2094 6 735 88 960 88
2765 5 63 75 5733 77 6216 18 3961 79 5655 41
2766 5 2023 22 4924 12 9299 100 5037 22 8991 66
2767 5 2054 26 4113 61 6488 55 5701 39 9220 8
2768 8 897 22 5971 44 3215 29 4714 75 4752 32 2560 52 4119 99 7633 77
2769 6 2399 87 4733 89 2016 42 4691 61 6252 70 3008 73
2770 7 1793 27 3737 36 5756 22 7499 61 7932 83 9476 8 5163 87
2771 5 1020 8 3042 71 5033 94 4808 14 7699 44
2772 8 1840 100 3183 64 7849 75 6327 60 1669 82 3247 44 5829 40 5697 47
2773 8 1166 6 6522 38 5540 16 8848 34 2136 15 7519 21 1815 53 6834 4
2774 5 2321 51 545 94 2579 33 7329 13 6895 54
2775 8 2473 49 3389 79 3414 7 270 30 155 55 339 88 2925 43 352 22
2776 9 1949 40 6061 82 9027 96 4691 18 2458 79 2295 85 524 42 1285 69 6273 36
2777 5 138 27 3523 28 166 71 1895 65 2400 66
2778 4 659 43 5293 16 564 12 7334 16
2779 8 1414 51 8570 100 7409 65 4966 46 8857 12 8771 83 333 16 9093 26
2780 9 2003 33 4601 66 6221 27 3203 59 394 26 8696 1 3191 36 8006 12 7647 96
2781 3 1901 89 4840 21 2863 66
2782 3 317 49 7615 90 1284 58
2783 3 2214 73 5749 38 5704 83
2784 6 1216 86 7707 85 5699 90 9020 85 9219 77 8009 77
2785 5 445 5 8389 49 9833 1 7450 98 4753 84
2786 5 196 49 2002 13 7849 95 6299 60 2221 56
2787 7 297 42 4974 4 6029 6 3583 17 9028 15 9608 41 1028 86
2788 8 1581 77 4776 35 9667 38 5553 11 1114 8 4757 15 4725 59 7562 42
2789 9 859 3 4389 69 2958 72 192 60 9526 86 1739 89 6235 57 6750 85 9052 1
2790 2 2641 79 5103 33
2791 11 2654 96 2814 80 3691 71 6287 10 5229 70 6560 74 699 98 4765 19 1827 6 3409 33 6181 82
2792 10 282 11 2817 94 310 10 7679 81 7729 56 457 65 9973 35 5096 90 5886 34 9864 62
2793 5 78 36 3327 21 146 92 2865 74 7078 100
2794 7 2708 10 3710 46 8339 100 9213 52 6733 5 5005 84 1016 3
2795 6 327 23 9263 19 808 74 3190 34 4812 85 968 35
2796 7 723 2 2801 3 8343 43 9055 73 8360 62 7822 82 1315 2
2797 4 2754 45 5739 91 5975 74 2844 51
2798 3 2286 7 1206 40 2998 1
2799 7 1393 27 7899 12 3087 17 3235 18 8228 99 9747 95 4295 21
2800 4 540 23 8906 3 7621 58 5264 66
2801 2 2796 3 1345 73
2802 5 253 96 6283 60 1769 87 4555 64 7485 18
2803 5 2149 34 3121 74 6214 18 3061 64 1843 17
2804 6 2410 44 9214 57 5345 44 3814 65 1314 53 5040 85
2805 5 640 65 4002 47 5112 50 8260 41 5940 7
2806 5 2543 41 4285 25 5374 12 5826 11 2087 38
2807 5 556 39 8189 39 8468 73 7141 78 8292 62
2808 7 1887 71 7851 84 6575 58 9761 89 4456 24 2743 63 3099 60
2809 5 403 38 5634 63 6649 22 6773 38 1234 40
2810 5 104 87 6857 38 7541 15 591 13 7466 6
2811 3 902 36 5295 33 3637 43
2812 5 1018 49 9767 6 4714 77 1605 39 7183 96
2813 9 2615 84 9459 83 807 12 7635 15 9997 34 9067 11 7400 3 755 100 5874 79
2814 5 2791 80 3717 30 5046 10 9911 88 8059 20
2815 3 2417 5 2918 36 6008 23
2816 5 1981 88 2985 47 3421 33 233 24 4205 50
2817 2 2792 94 5528 78
2818 6 671 100 8485 37 9491 10 5635 50 4713 22 5356 41
2819 5 650 50 5831 32 5650 38 5517 8 3901 92
2820 7 2658 21 3384 31 5055 22 2522 44 7558 52 6167 6 2752 23
2821 6 1336 39 8850 74 4303 43 9487 11 4299 39 7202 65
2822 5 955 55 7479 84 8357 37 6895 26 1325 20
2823 7 60 53 9986 48 5544 27 8643 72 1422 35 2635 76 3619 34
2824 1 342 67
2825 7 70 32 4079 84 5914 90 5610 7 1367 99 5777 30 7421 2
2826 4 1325 56 4216 35 8091 8 2225 94
2827 6 1203 70 9056 45 8504 81 4495 75 3937 10 8402 41
2828 8 2389 70 7124 87 1754 28 7966 94 9661 81 2996 32 3660 65 9495 72
2829 5 1572 90 9751 5 7345 64 8149 72 258 76
2830 5 1837 80 5318 97 8097 15 1215 28 9274 76
2831 3 1958 42 1676 93 7868 77
2832 6 2380 16 8783 38 146 90 7475 86 8827 52 7290 33
2833 6 2049 98 8773 33 6723 97 1969 21 877 15 6380 69
2834 6 2667 65 7595 35 9933 9 9539 95 215 37 4920 1
2835 5 2663 49 5392 50 8425 51 234 85 1312 97
2836 5 57 48 5701 32 6996 32 1233 16 1561 35
2837 3 1082 7 5179 95 9207 77
2838 8 2122 63 2870 50 4328 57 5317 52 7361 98 6447 10 2032 49 7189 15
2839 10 474 7 2900 61 5160 49 5884 56 8716 84 5517 10 8632 94 2709 47 1765 42 7674 20
2840 5 2591 94 7786 3 4639 33 148 34 3342 25
2841 6 2218 95 4734 14 6109 56 980 38 2881 48 6165 39
2842 5 825 35 5771 98 7341 98 795 13 6803 28
2843 6 45 31 3355 67 3527 87 9988 49 1962 61 4351 96
2844 13 1535 41 4220 93 6755 34 6994 56 9480 22 3966 58 8375 3 8125 100 5382 48 5001 40 6457 74 7350 13 2797 51
2845 5 2234 46 3392 45 4882 55 6922 53 3544 16
2846 12 98 19 3229 29 4696 79 6861 2 8203 92 4413 92 867 86 4308 68 9561 17 9031 57 105 23 1846 67
2847 7 2694 39 7749 98 3539 51 9115 11 706 63 2536 33 8395 18
2848 9 2608 29 2968 47 3084 22 4435 48 6710 71 8910 27 6208 64 7355 9 4198 13
2849 6 1985 42 5327 88 5669 45 6954 35 7356 32 7081 91
2850 5 643 23 8985 95 2207 26 5082 89 3378 17
2851 4 1661 45 3197 88 9692 82 4051 7
2852 6 1043 41 3681 79 9536 41 1823 28 3588 58 3233 49
2853 8 1751 29 4101 92 9860 11 9274 50 610 94 6395 63 1273 58 3703 61
2854 4 1051 47 3403 27 6417 63 7602 32
2855 6 2174 61 7045 18 4327 97 2004 1 4696 55 8890 29
2856 8 896 62 4648 54 7226 48 8660 86 4344 28 8329 65 6892 99 1699 65
2857 6 611 75 3020 50 9620 69 8755 63 2364 39 2545 77
2858 5 2052 6 8267 74 1938 85 2118 58 2354 25
2859 3 2452 8 6594 35 2349 88
2860 5 1896 26 9614 79 2979 77 3058 42 883 22
2861 5 210 53 5144 25 1819 74 5058 43 16 85
2862 5 1087 77 3385 99 8434 12 249 85 5345 79
2863 3 534 47 8365 93 2781 66
2864 5 721 62 4263 1 2715 90 7200 58 1591 55
2865 4 443 63 2793 74 179 27 4467 24
2866 7 2763 38 6147 56 1455 61 522 28 6063 78 7447 3 3016 70
2867 5 1657 10 6730 57 2617 10 3546 77 9142 70
2868 4 1961 72 3221 82 2173 12 9367 6
2869 10 1978 38 3184 28 4030 74 4971 20 4978 100 5939 50 7153 86 6223 46 4768 54 1572 77
2870 9 2838 50 3956 75 6459 41 6478 1 2462 31 953 29 1556 36 3860 6 3505 49
2871 9 1649 62 6791 83 9286 90 7019 67 2257 31 5363 75 7742 87 9109 54 2284 97
2872 5 1179 66 4875 79 5526 75 5555 22 1921 14
2873 6 1269 91 8416 47 5810 62 4691 79 591 63 272 95
2874 6 438 51 3758 70 4991 62 6571 74 2926 58 8908 26
2875 5 570 56 6750 96 7418 59 3726 32 2555 26
2876 7 2736 33 3876 7 4169 100 7302 18 7441 13 1591 92 1019 38
2877 4 1270 10 2981 55 2111 28 4675 14
2878 6 797 30 2967 24 4099 7 483 30 4476 71 2979 64
2879 5 130 79 8727 78 6928 16 910 50 3862 93
2880 6 1687 99 5468 99 685 90 6508 38 2628 8 8559 61
2881 5 430 68 3188 80 4859 45 2426 5 2841 48
2882 5 728 10 3242 17 9303 54 9740 46 2581 84
2883 4 1614 10 6364 34 8615 13 4623 69
2884 4 522 89 5332 17 3217 73 1637 95
2885 4 2495 42 1936 78 1547 78 9713 14
2886 5 1269 15 4142 80 5083 97 1031 60 9539 78
2887 5 456 19 4194 81 2753 47 1521 5 6386 11
2888 2 1455 14 8980 50
2889 7 1429 75 3641 47 6268 32 6232 25 7734 70 3830 58 6747 17
2890 13 159 85 4767 23 5284 73 9386 79 8709 32 8477 77 1291 10 3783 90 5659 79 3957 75 859 95 9708 46 2077 33
2891 4 2641 13 6315 54 2536 96 2557 73
2892 9 120 54 3330 52 8851 3 8878 62 9724 99 1852 7 9089 26 5926 68 8571 62
2893 3 1152 98 6991 91 4670 90
2894 6 662 54 7743 78 3821 43 9863 6 144 93 913 93
2895 7 1478 3 8731 89 5145 75 4445 33 2029 71 2075 23 2372 36
2896 6 443 8 4456 60 6470 83 6045 21 6322 76 9693 62
2897 3 2727 42 3817 16 5200 85
2898 1 217 68
2899 9 262 94 5710 34 4504 20 728 58 7750 68 5724 16 875 76 887 99 2616 45
2900 7 2839 61 5303 75 8668 82 5462 57 7853 63 322 93 3050 50
2901 8 898 52 3185 86 3205 97 4055 66 4162 88 700 60 7644 36 4635 68
2902 7 221 52 3127 2 4159 61 7278 74 4678 41 724 21 1975 35
2903 10 1746 59 3374 67 6144 69 9938 15 1439 3 5121 5 8413 63 960 19 1748 2 4538 34
2904 8 613 30 1870 29 2048 86 6611 66 841 24 1911 2 4921 91 8188 65
2905 7 1420 96 3382 45 8172 47 535 7 5224 38 1064 75 2316 38
2906 3 2502 52 6286 48 6922 28
2907 3 2694 15 7185 39 9410 85
2908 6 1451 98 4724 62 5650 47 7548 43 5326 21 6625 78
2909 2 2125 97 1348 6
2910 9 487 58 4127 23 6038 89 9490 50 9571 68 840 94 8937 19 4172 37 1050 78
2911 9 1747 10 3255 20 1986 42 2927 69 3349 12 6872 26 6247 61 9664 88 6583 81
2912 4 2292 69 775 76 8609 28 1980 77
2913 6 22 40 7162 79 3565 21 1885 62 2502 46 9309 74
2914 5 2230 74 3360 100 5113 6 6931 66 733 52
2915 5 1916 44 7414 97 1866 85 7042 19 7141 72
2916 6 414 66 5814 88 6279 9 9955 95 8674 72 8880 88
2917 7 839 25 3480 4 7492 49 723 23 6219 9 6115 31 5762 66
2918 8 2815 36 8934 48 2148 75 3922 21 2488 75 903 81 4812 44 136 95
2919 7 2688 7 5165 84 5305 86 7163 35 1625 62 6828 43 5704 42
2920 4 868 54 1338 36 8610 20 9236 14
2921 2 2240 98 9563 80
2922 5 968 32 8013 11 7695 43 9547 40 5551 84
2923 4 1390 15 8653 14 9791 18 1881 95
2924 7 162 19 3529 6 6485 32 857 41 312 75 1838 47 3638 19
2925 10 404 2 6333 22 8583 69 8581 65 4791 4 7523 34 6437 82 2775 43 9606 83 296 38
2926 7 2518 16 7111 23 2874 58 751 45 185 36 583 27 4304 29
2927 5 459 53 4557 89 2911 69 9121 88 5582 23
2928 6 1099 14 8280 28 1653 11 491 31 7841 22 9751 47
2929 5 361 27 7959 93 9601 46 7081 19 4982 71
2930 7 1082 57 3034 13 3666 16 3961 16 6884 27 2450 48 443 90
2931 8 1777 60 3350 18 3625 92 6591 11 2328 33 4210 42 4711 2 8136 16
2932 5 2594 5 9684 64 8731 37 3543 8 9098 92
2933 6 836 20 7499 1 543 49 6618 99 3965 36 2500 33
2934 1 2528 39
2935 5 875 39 6422 29 7499 3 6461 93 1722 36
2936 5 852 10 9357 64 4042 24 5893 76 4928 95
2937 8 14 64 4414 26 3833 30 4352 16 8183 36 5104 72 334 21 2470 29
2938 7 1022 1 8072 80 4061 89 3872 15 6240 41 403 35 814 44
2939 5 1805 97 6660 30 8117 67 8992 79 500 96
2940 8 2627 90 3231 68 4812 58 5467 64 4688 64 8951 1 1255 54 4094 99
2941 4 514 9 4180 39 784 52 9107 24
2942 2 166 2 180 88
2943 8 1151 35 5567 3 7089 76 1819 76 6885 93 6345 25 1460 29 4329 83
2944 4 1351 23 3434 49 6351 44 7720 37
2945 3 1262 74 7664 24 5325 10
2946 8 1516 10 7528 12 6627 76 2138 62 4097 49 7712 68 9733 39 8968 82
2947 3 2326 2 6106 56 1859 89
2948 7 184 91 3091 56 4293 89 7874 22 9314 36 9359 47 4541 45
2949 7 380 10 3448 63 8557 57 4534 51 1685 40 551 42 6989 64
2950 7 2637 1 3054 62 5729 39 901 98 4774 76 955 10 8523 11
2951 5 2162 58 3951 94 9718 1 6935 38 3936 20
2952 4 1221 66 5902 85 7618 76 1249 55
2953 4 473 23 7283 100 1205 14 3056 48
2954 3 24 71 4275 75 7754 41
2955 4 2375 28 3855 79 159 68 9841 62
2956 9 1604 100 3718 99 6866 80 9346 21 707 73 9960 81 9381 55 4558 23 23 40
2957 5 442 60 4951 34 7889 8 5480 83 7743 20
2958 7 1076 18 2976 2 5236 75 5072 16 2789 72 7481 25 4399 93
2959 4 2371 57 6209 54 7455 5 1950 9
2960 3 1920 60 5846 3 1815 96
2961 7 1892 95 3419 11 4137 62 8618 3 9518 24 4328 60 2229 62
2962 6 668 91 3548 52 8212 9 1116 20 243 78 9047 21
2963 8 1248 17 5823 39 8539 73 5361 100 3705 55 6267 95 6552 77 4085 77
2964 9 1506 18 4433 83 9366 49 1488 57 367 92 4283 65 299 78 7198 83 5621 41
2965 6 2001 3 1525 84 3783 70 6534 14 4441 95 32 76
2966 7 996 26 2977 39 4015 66 4821 67 2597 34 5638 94 7760 57
2967 8 2878 24 3011 95 4398 11 4842 53 9124 42 8288 52 364 25 3586 39
2968 4 2848 47 407 89 4263 55 8088 69
2969 6 2097 70 8308 34 8732 99 2315 34 2008 91 5520 46
2970 2 602 82 9539 56
2971 10 2024 5 3207 23 4041 56 4856 52 7011 61 1834 42 7367 55 8030 44 8404 34 688 1
2972 6 1853 83 4585 45 5661 57 158 77 1334 100 8478 40
2973 6 1114 100 7390 85 9784 39 9444 72 4519 8 206 54
2974 11 326 38 4246 54 5438 15 7087 25 9533 79 1380 45 7662 94 9905 11 4207 49 7428 51 1784 64
2975 2 1739 6 3309 58
2976 5 2958 2 3598 43 9170 91 1221 26 6294 49
2977 2 2966 39 6656 65
2978 5 319 94 9919 13 7066 63 7651 64 7824 78
2979 5 1753 45 2860 77 1249 52 2878 64 8244 76
2980 3 1003 100 1805 81 5971 34
2981 7 2722 14 791 49 2877 55 3044 79 1646 7 5995 63 2185 39
2982 5 1915 86 4967 62 5172 34 3137 29 9006 67
2983 5 1187 87 5338 21 2114 92 1395 73 8585 31
2984 3 876 51 2361 9 3700 83
2985 3 2583 14 2816 47 531 80
2986 11 731 42 3446 94 3839 94 9881 83 7722 63 5757 89 7839 15 484 85 3776 45 8099 58 939 13
2987 7 402 47 5138 48 6602 80 7198 1 2115 32 1397 96 1284 55
2988 10 1348 61 6498 2 9211 8 410 99 7179 92 8289 73 6741 31 3308 33 9317 33 8248 46
2989 3 394 84 1804 65 1242 26
2990 3 123 64 7855 74 7533 73
2991 4 189 95 5379 58 9276 46 7812 56
2992 6 2586 75 3345 53 4021 22 8979 55 9465 43 4470 59
2993 7 1555 4 6336 22 5308 81 9714 9 546 13 6351 13 1416 38
2994 7 282 74 7353 46 1847 34 2415 90 8886 58 7759 98 8694 24
2995 5 2653 87 4707 49 8632 62 7697 86 8525 14
2996 7 1003 59 9681 59 5354 21 9721 94 9996 22 2828 32 9015 62
2997 5 1368 71 4864 45 9748 63 7043 12 6564 17
2998 6 2351 81 3409 13 6178 48 1137 58 372 53 2798 1
2999 7 987 20 9525 55 8832 39 8606 63 9345 61 3888 91 6601 73
3000 4 1993 31 6521 17 7520 96 4524 57
3001 7 1436 35 3025 32 3944 57 1249 36 9712 58 3987 19 7441 19
3002 7 2628 91 7248 67 2264 92 3506 40 9527 64 2753 49 9942 78
3003 6 854 95 5358 97 7224 3 9322 45 1258 2 7160 71
3004 7 1475 33 3538 59 6882 28 9705 48 702 82 1682 83 6666 83
3005 5 978 5 8370 3 4923 30 2179 11 6820 38
3006 8 1190 66 3199 47 5106 55 7608 69 3111 39 805 64 5991 78 6763 42
3007 2 2278 59 4744 64
3008 6 1547 25 3476 71 9786 45 4793 27 7248 8 2769 73
3009 2 99 54 3193 24
3010 4 2091 23 3742 44 7622 81 8128 16
3011 6 2967 95 146 87 4232 40 2668 60 470 12 570 50
3012 8 1598 9 5770 3 7046 26 7728 41 9084 55 7138 11 9365 23 152 38
3013 3 1878 3 3226 11 6356 35
3014 7 773 16 3928 65 4940 58 2653 36 7848 5 3781 52 967 45
3015 7 1608 58 4238 51 8432 99 613 39 4368 23 2018 89 2204 86
3016 4 704 56 8065 95 307 95 2866 70
3017 6 1111 52 9482 89 9160 28 1437 6 7140 22 4637 16
3018 6 854 69 6867 22 3912 46 8831 21 8078 74 5340 95
3019 6 1321 84 9019 62 9566 43 2416 53 4370 84 2406 74
3020 11 2857 50 3112 12 4049 54 4830 17 5104 95 635 12 296 88 3240 65 7 55 6243 14 9096 84
3021 8 2307 2 3671 29 4740 3 8437 91 4255 22 2585 52 1689 94 4662 58
3022 7 2505 11 4518 25 4904 15 6933 43 8975 83 8132 22 211 12
3023 1 863 60
3024 9 729 38 3603 88 5180 11 5676 15 6889 48 4245 87 7596 82 1084 79 7958 37
3025 5 3001 32 8115 39 3513 6 1917 45 4134 87
3026 10 2629 24 4013 48 7553 55 7822 2 4009 10 9474 30 9854 18 1642 61 3206 90 3730 60
3027 6 2763 80 3061 15 3952 79 635 53 8952 48 5054 68
3028 8 1453 5 3846 13 4726 24 9429 91 4943 11 5173 89 2533 72 7924 67
3029 6 1511 50 4680 48 9311 24 7026 83 4164 15 9783 83
3030 8 194 57 7041 46 7291 65 5406 20 9824 79 4529 63 9610 44 274 78
3031 8 1782 18 3489 11 4445 66 460 84 1351 34 3692 8 5059 44 2024 88
3032 9 896 40 3282 70 3850 3 5082 79 5241 7 2675 25 3685 26 8757 12 5818 29
3033 5 1466 29 5266 15 6188 75 5347 98 771 51
3034 6 2930 13 3111 88 4939 36 9287 15 4979 47 2515 48
3035 6 43 3 8942 65 7295 82 9796 71 261 100 1804 2
3036 12 999 78 3729 63 8122 43 8288 25 624 70 6153 29 1351 26 8686 13 9267 88 3275 76 1301 91 383 15
3037 7 2163 81 3144 66 5633 76 7152 100 3371 36 1856 65 4405 28
3038 2 1360 99 3548 54
3039 7 2509 79 4308 83 6312 22 3504 89 3211 97 1676 17 6761 71
3040 5 573 60 6067 82 9340 51 7810 43 1556 94
3041 12 2032 19 4816 3 5213 39 6297 36 4799 61 2101 30 1676 16 1838 99 6545 62 5625 13 6120 4 7371 11
3042 9 2771 71 4813 80 7776 63 1458 87 8827 70 1028 15 2218 23 5020 54 7580 53
3043 4 1545 15 4410 38 3176 50 3550 79
3044 5 1196 55 4367 70 2981 79 8407 12 1304 73
3045 2 1986 59 4593 20
3046 7 1096 1 3066 78 4716 92 5331 40 7519 68 9226 20 6030 42
3047 6 10 51 4814 94 8924 14 4201 21 3562 100 401 55
3048 3 281 49 8276 85 3142 68
3049 6 1297 67 6527 96 7658 38 2242 7 5791 52 4167 79
3050 8 1088 93 4331 82 5114 89 1793 14 9923 11 2054 50 8299 32 2900 50
3051 5 519 36 722 47 4916 4 805 17 1544 34
3052 7 2332 100 6652 69 7214 39 7835 43 328 78 3447 77 696 49
3053 7 1819 26 518 19 260 32 9144 5 4919 36 1037 13 4153 26
3054 4 2950 62 4478 30 7431 65 1668 42
3055 8 2059 26 3769 63 6615 72 8862 81 922 32 8536 86 7274 40 1880 49
3056 11 1118 45 4912 15 2493 82 8094 83 2126 84 962 45 2953 48 5538 8 8236 88 9327 57 9733 58
3057 6 2521 39 6352 96 7459 68 7917 63 4559 89 7674 95
3058 4 1901 79 9540 87 3973 60 2860 42
3059 5 2095 23 328 1 3060 11 1582 64 7849 3
3060 5 2025 47 8587 34 1475 50 3059 11 790 13
3061 5 3027 15 2803 64 499 29 8097 64 9690 23
3062 6 751 17 6374 78 3277 3 5254 34 7700 85 260 18
3063 5 2197 91 7014 49 7930 94 780 94 572 27
3064 10 1692 30 6982 8 3956 46 7086 10 5128 9 1275 97 870 2 7987 75 4308 68 3270 91
3065 4 2089 10 3301 16 1107 25 7115 12
3066 6 3046 78 7181 77 4035 45 3861 87 7195 3 6974 81
3067 6 748 18 3492 71 6871 10 7324 47 8211 96 5247 52
3068 4 1352 76 3277 5 4589 34 9841 13
3069 4 2649 94 5132 45 7339 50 6910 34
3070 7 1669 32 4070 56 6169 35 3941 12 6075 55 1806 100 278 48
3071 2 2371 1 8582 49
3072 6 36 31 3168 3 4402 10 9117 83 1533 31 4179 41
3073 7 1241 87 3085 17 7232 65 1481 41 6585 59 1165 66 3516 97
3074 4 2511 36 8418 21 1316 90 3283 48
3075 8 1730 57 3793 33 5439 27 6263 73 9956 69 2702 65 1426 31 541 32
3076 4 790 88 3579 38 6813 86 2422 88
3077 10 288 14 3921 60 6321 78 9657 62 7204 84 4846 76 7913 66 9638 61 7665 66 2361 26
3078 10 249 67 3462 10 4521 64 6355 19 6488 78 5990 99 2041 23 1771 59 1358 100 1381 21
3079 10 894 66 4972 22 8638 83 6393 28 9576 65 2737 15 1508 80 280 92 4092 7 9992 66
3080 2 376 78 1140 15
3081 4 2233 41 9788 94 3395 73 1727 49
3082 7 1777 37 3218 73 8792 17 2523 92 412 100 9085 86 9311 62
3083 4 2454 82 9057 51 5334 23 2209 17
3084 6 2848 22 3856 57 5787 55 5489 8 1388 72 6666 36
3085 8 3073 17 7035 46 2095 40 1062 46 45 26 1708 7 4069 44 7032 3
3086 3 2071 5 4219 43 4693 10
3087 10 540 91 4741 69 6741 32 7451 20 6755 58 1914 59 2799 17 9900 11 534 54 9089 36
3088 5 376 73 8225 22 1257 56 1432 83 2037 17
3089 4 1452 99 7704 23 2352 75 6850 76
3090 11 2442 90 3288 33 3302 8 3323 64 8118 88 1880 58 7788 73 919 53 9826 73 8681 4 9213 4
3091 7 2948 56 4958 46 3173 83 3356 78 5489 30 4500 23 669 77
3092 3 1786 64 9475 50 6684 16
3093 7 2246 90 3567 73 3966 62 6709 42 9941 79 1967 87 9997 61
3094 5 1550 49 8312 33 9265 88 7713 24 226 69
3095 4 2275 61 827 77 5599 11 7120 68
3096 3 829 7 5528 97 5175 90
3097 4 2145 49 5910 86 8952 50 8973 59
3098 7 402 37 6700 27 2475 99 730 100 11 60 4332 30 5458 84
3099 8 2128 11 6638 64 7921 9 6184 61 5290 53 9810 20 5773 100 2808 60
3100 1 502 98
3101 3 81 34 5986 9 2294 59
3102 3 1538 45 5406 56 776 34
3103 12 1049 45 3178 74 5810 34 6458 12 6838 47 8110 61 820 90 9704 70 8220 91 6609 82 4371 6 1563 48
3104 5 257 74 7954 87 9872 27 8137 1 1534 57
3105 4 1251 56 6133 76 1174 26 201 98
3106 9 229 93 4310 81 5870 87 6329 6 2455 64 516 34 3999 68 184 95 1138 19
3107 6 349 53 4300 30 3923 77 416 3 3398 70 8684 20
3108 4 2350 79 4279 24 6763 99 2360 99
3109 8 1720 18 6430 51 1443 29 6804 87 6941 81 6139 44 8614 97 3294 55
3110 9 2392 89 3969 28 5723 12 8398 97 9862 68 1929 10 7542 37 885 30 2551 95
3111 6 641 84 3034 88 9976 44 3006 39 2406 5 8750 53
3112 3 3020 12 5346 99 6894 61
3113 5 2545 2 4163 19 2706 80 6160 17 8839 50
3114 7 2501 41 3585 76 5573 75 7706 37 2469 24 5725 100 230 79
3115 6 1392 18 5445 25 1563 26 717 96 7294 24 1856 4
3116 6 1313 16 3283 100 6447 65 318 28 4543 91 848 57
3117 8 334 22 6212 74 9995 7 4665 25 3123 48 1085 45 2248 11 9419 55
3118 4 1535 12 6653 13 1375 21 1570 37
3119 4 2677 99 8080 88 543 85 4043 61
3120 7 1495 52 7318 84 4101 39 6853 3 272 30 4802 19 7135 44
3121 6 2803 74 2738 60 9026 67 9005 61 2427 48 6765 33
3122 5 415 93 3191 39 7189 46 2720 17 7613 44
3123 8 2525 72 3247 38 7338 5 7697 74 9555 45 2447 72 3117 48 938 37
3124 2 568 83 3412 82
3125 7 2764 48 4675 76 8970 9 8543 65 2601 89 1988 68 3964 31
3126 8 1319 17 5418 26 5472 77 5653 84 7785 40 8182 5 301 37 1518 100
3127 7 2902 2 9843 24 7035 80 373 41 492 19 4064 92 8184 49
3128 5 371 1 5192 35 8227 57 5066 99 2342 39
3129 4 1876 3 6283 46 6871 51 2650 25
3130 2 1522 51 4290 20
3131 6 304 2 7943 34 9704 100 5921 66 8838 96 9827 86
3132 5 126 100 4562 80 6078 87 6135 25 8484 91
3133 4 2254 69 4572 95 2247 98 9594 55
3134 3 1106 34 9369 14 5613 10
3135 4 1160 48 3201 43 6621 29 5060 59
3136 6 2450 42 7334 25 7446 7 9844 46 6754 68 6210 21
3137 10 653 12 4253 77 6563 10 1608 20 2982 29 572 30 9423 1 8387 44 9693 65 4645 53
3138 5 2067 7 4565 84 249 64 4974 42 9339 35
3139 8 397 56 7073 83 2335 51 4471 5 3176 46 2249 75 70 83 6780 51
3140 7 2139 77 5979 60 5958 92 2260 49 9311 42 7570 82 1001 3
3141 2 2735 37 9966 78
3142 10 949 60 8527 53 9190 94 9671 8 6802 78 8222 86 3157 10 3048 68 9567 22 8329 20
3143 6 2415 4 3483 41 3511 80 5076 84 627 58 2420 95
3144 7 3037 66 6124 71 2027 72 7972 53 2011 60 7635 14 4066 28
3145 4 2063 32 6366 58 5189 29 496 69
3146 6 586 30 3615 98 2427 94 8732 89 9611 83 9756 26
3147 5 2237 24 4499 66 4698 16 6388 70 6597 58
3148 3 867 94 9590 35 6241 28
3149 5 1708 33 58 19 9933 21 8348 82 8591 6
3150 3 238 71 781 46 1271 90
3151 7 2638 8 4111 77 1630 50 7719 3 5876 10 6544 76 8678 14
3152 3 299 28 7284 26 8455 40
3153 7 2239 71 3680 28 2245 38 7921 65 234 36 1254 61 2448 100
3154 4 509 77 9545 7 6623 56 3390 72
3155 5 2002 78 5597 51 2681 80 8841 19 3977 41
3156 4 1808 45 4611 9 5761 88 479 18
3157 5 1133 48 2626 91 6812 25 5115 64 3142 10
3158 11 352 42 3754 66 4563 66 4662 38 6831 81 9583 4 9630 68 484 43 3800 95 718 56 8957 64
3159 6 1251 37 948 42 7680 29 9592 63 8499 87 7778 19
3160 8 575 15 3554 88 8436 53 8847 20 9236 100 2164 35 884 89 4869 93
3161 4 2145 74 5069 48 6063 97 400 28
3162 5 2585 5 4060 58 1703 78 5657 46 812 5
3163 4 931 63 4086 64 5754 45 3637 82
3164 5 2079 22 7107 77 8979 13 507 51 2123 45
3165 8 2688 85 9109 80 7936 68 7931 76 7054 18 1961 7 4216 72 6762 63
3166 9 2484 48 7789 5 6737 34 2697 83 1429 47 4035 98 1118 36 8519 42 8935 57
3167 3 1783 24 3355 46 1991 27
3168 8 825 74 3772 21 2050 61 3072 3 7404 11 3801 62 1555 21 7213 48
3169 5 410 59 8096 65 9831 56 8597 28 2218 51
3170 7 823 84 901 81 4004 19 602 59 448 3 3728 32 33 89
3171 5 877 65 1817 24 3986 8 5231 55 2306 56
3172 7 321 19 7523 69 5254 70 8341 87 1659 30 6513 6 3637 1
3173 6 1666 86 3091 83 5201 97 1264 59 6861 36 3356 33
3174 7 111 55 8932 7 9946 75 9285 58 2145 71 2381 33 4081 84
3175 3 887 6 4085 62 8435 89
3176 8 2235 72 3948 39 1065 72 5685 17 7559 56 3139 46 3043 50 136 77
3177 5 1597 93 5489 62 1907 80 786 17 5773 40
3178 5 3103 74 4321 28 5651 74 1975 33 5051 76
3179 5 660 28 4728 89 6025 11 8388 57 9501 76
3180 11 2558 57 3549 45 5474 93 8469 81 878 65 8064 12 7890 53 6203 58 6874 53 5183 90 3370 49
3181 9 947 31 4768 70 7559 57 1160 40 9189 20 3808 55 2196 41 2569 7 1973 20
3182 5 1943 55 3539 99 3827 48 9053 85 5140 46
3183 4 2772 64 6021 31 6252 80 8771 45
3184 3 2869 28 1669 69 5806 12
3185 3 2901 86 4793 19 480 68
3186 3 2302 41 749 94 1839 21
3187 9 87 34 4012 49 91 26 8894 56 3781 66 1826 79 6259 33 1705 72 1860 44
3188 5 2881 80 5232 42 5614 28 6324 7 850 39
3189 6 982 62 6293 30 4416 77 1450 49 3949 96 7375 78
3190 9 925 55 9577 19 9070 6 9796 15 5197 5 4864 43 2795 34 7535 81 3669 24
3191 5 3122 39 2500 24 1789 68 9534 82 2780 36
3192 4 1272 9 3814 1 6122 46 69 91
3193 8 1043 88 3832 9 8645 75 3009 24 7358 87 9475 9 7206 70 1662 5
3194 2 182 64 6018 36
3195 7 1514 15 6769 15 9542 5 8718 4 8745 91 7352 65 3884 92
3196 8 397 85 8322 12 99 55 4445 8 893 69 6076 37 4433 2 2485 37
3197 5 2851 88 1326 14 975 65 5235 50 9748 89
3198 6 1907 82 4623 83 3758 94 592 3 2348 4 6238 57
3199 11 3006 47 3911 31 786 24 6316 41 6482 21 4962 3 6701 53 7606 33 9743 59 5703 60 8771 97
3200 3 598 22 2059 36 8282 60
3201 6 3135 43 9042 95 7822 64 4990 73 5690 71 9797 31
3202 3 1733 90 5997 98 5215 17
3203 5 268 28 4268 26 2069 80 4548 89 2780 59
3204 4 2204 90 4219 5 9173 17 1527 14
3205 7 2901 97 4470 72 8981 4 575 7 255 44 9158 93 602 73
3206 6 1477 66 3211 43 8135 48 1377 41 3026 90 8918 11
3207 8 2971 23 3240 25 6384 69 1886 89 1602 47 5080 28 9963 54 325 30
3208 7 1135 14 3834 38 7606 89 9792 66 3540 43 4388 43 6792 94
3209 5 1808 68 3550 47 5473 53 5809 75 2538 51
3210 3 1295 35 6860 77 8686 2
3211 5 3206 43 3039 97 1330 77 9357 78 6815 84
3212 5 699 16 1110 41 4366 70 1508 83 7354 17
3213 3 2674 43 8841 73 743 52
3214 5 326 51 3249 52 5198 40 6761 50 6743 16
3215 7 1418 26 2768 29 1869 43 4325 21 3725 42 6555 93 7541 60
3216 4 1316 1 3366 40 8133 10 3882 16
3217 5 103 92 2884 73 7171 37 6375 2 1441 36
3218 7 3082 73 6376 50 880 60 1807 76 1220 34 6221 38 3980 5
3219 4 1912 48 4091 6 7675 20 1350 55
3220 10 2507 63 4674 84 6174 5 6351 21 1838 64 1809 14 7551 57 582 73 5026 39 1625 85
3221 5 2868 82 8306 31 5857 61 4099 24 450 84
3222 7 2355 76 5308 75 230 18 4082 23 5359 18 4413 26 2451 98
3223 6 840 98 3331 96 3486 74 4456 26 292 34 7195 69
3224 8 1030 23 3254 69 4299 60 9023 28 7631 51 3579 55 8234 13 7727 60
3225 3 2081 48 2348 86 7816 31
3226 4 3013 11 7916 71 3414 40 3780 82
3227 6 2534 61 6996 39 7490 78 3446 7 6916 66 2170 76
3228 7 656 64 3757 63 5419 91 7000 37 6679 82 9436 18 9446 67
3229 5 2846 29 4931 79 6060 5 1199 14 977 67
3230 6 601 16 2129 7 785 85 9822 62 2684 57 1186 30
3231 4 2940 68 326 50 9725 60 5020 19
3232 4 1351 91 4044 74 8232 17 8602 39
3233 9 2473 70 6345 88 417 72 4473 61 6486 33 7013 41 9385 1 9501 84 2852 49
3234 4 2122 100 4522 55 8082 40 8991 81
3235 6 1418 82 5586 69 9327 52 667 14 2799 18 4475 29
3236 4 1697 25 5572 87 8657 84 8130 77
3237 7 2610 86 557 76 6705 54 6856 18 1634 60 877 83 2702 24
3238 8 1803 37 6963 84 7935 32 8045 62 2170 93 6136 95 9332 14 6461 87
3239 3 1745 33 6642 93 9033 86
3240 5 3207 25 6460 82 3020 65 7817 51 9129 84
3241 8 2317 85 3387 4 3423 99 5365 27 8393 100 9756 12 3744 70 6604 82
3242 7 2882 17 6704 83 9791 21 3731 2 2138 1 9595 16 5008 74
3243 10 1325 100 9396 56 478 20 9424 26 2004 58 6514 93 5265 24 3574 14 2258 7 1635 7
3244 3 2697 3 7283 12 7348 52
3245 3 418 13 2658 43 2222 98
3246 7 2025 63 3573 7 5258 94 5282 91 4923 2 1955 54 6549 87
3247 7 3123 38 5334 67 6226 32 9421 39 1661 45 5842 78 2772 44
3248 4 600 5 2462 51 7202 68 4725 88
3249 3 3214 52 1448 70 7752 94
3250 4 784 9 8391 75 5310 20 4237 51
3251 10 2039 45 6930 60 1777 32 2319 22 1775 42 1756 47 2722 37 9694 55 9398 2 9865 46
3252 5 802 54 5444 100 6643 74 7210 54 2713 65
3253 3 2602 17 3674 1 4155 3
3254 8 3224 69 7937 90 1576 86 6226 21 6959 83 6864 79 3769 93 1619 4
3255 5 2911 20 4046 75 6236 58 3827 20 7484 45
3256 6 1306 18 9407 44 9820 57 160 55 9562 99 9486 29
3257 4 2289 43 6744 24 4329 29 830 73
3258 7 448 43 8272 99 5501 47 6833 15 7852 45 5029 75 4828 20
3259 6 2249 57 6013 35 1297 9 5499 31 5235 65 7922 25
3260 6 697 47 5580 49 6339 16 5401 7 200 86 8589 44
3261 5 2255 44 3604 37 510 75 990 4 1201 73
3262 4 1423 46 7351 72 1989 11 6849 56
3263 8 157 56 9062 33 9499 29 9492 73 6049 3 4737 16 8695 21 7321 52
3264 6 1390 68 5806 70 6112 53 8454 99 7105 9 3538 61
3265 4 427 55 5281 77 4763 43 9009 80
3266 3 1376 43 4277 68 4610 55
3267 5 403 41 459 32 295 45 1595 24 958 11
3268 10 1927 9 4887 26 7095 22 1214 75 8438 19 5302 15 4739 39 5047 11 1704 70 5068 40
3269 5 1896 22 5437 97 9568 63 9601 35 7945 73
3270 8 53 92 6170 6 8523 85 7890 26 6144 57 7685 26 1840 82 3064 91
3271 5 2633 38 3690 52 5926 14 7849 44 8901 34
3272 9 2349 87 6097 78 6801 49 6959 81 7660 18 3759 67 367 7 8977 1 5465 97
3273 5 2380 25 6054 17 8384 27 6470 12 6935 68
3274 6 883 10 8260 21 111 38 195 14 5053 52 5645 64
3275 8 999 11 4765 94 7252 36 5252 39 5264 65 8017 12 3036 76 1127 47
3276 10 1128 66 4918 22 5377 55 1146 65 5972 32 9135 1 58 14 4938 12 3901 65 4022 27
3277 7 3068 5 5387 69 7251 83 3062 3 7088 90 8313 60 2468 69
3278 4 1825 48 9106 82 5310 1 6228 53
3279 7 218 29 555 97 3701 43 4635 99 2066 85 6237 5 1242 27
3280 7 2241 54 5137 95 9114 33 7671 26 963 8 2097 51 1874 32
3281 8 1297 6 444 8 1364 59 2539 89 3969 20 7766 14 2195 21 1776 76
3282 7 3032 70 6091 1 6479 98 1941 93 2265 93 8672 27 4870 78
3283 5 3116 100 2536 28 3074 48 2195 64 8256 35
3284 3 379 97 7791 40 6848 48
3285 2 1255 90 5441 16
3286 3 2104 55 5314 33 1649 43
3287 6 2180 28 1578 28 676 48 4261 92 2381 85 90 26
3288 5 3090 33 5934 77 1533 79 6477 45 2243 82
3289 8 2434 11 3405 29 5250 61 6186 25 7818 59 6503 15 7415 44 755 19
3290 6 520 74 5025 87 5134 53 5679 48 7998 54 101 38
3291 6 1141 39 3328 10 9600 2 9675 33 4661 61 1714 54
3292 5 1063 7 253 85 8263 71 5950 11 6108 79
3293 4 2748 89 3874 4 7237 79 1442 43
3294 5 214 53 9612 78 3109 55 3637 67 8670 43
3295 7 1906 93 8428 8 7926 63 2273 4 9454 92 1172 60 3725 14
3296 6 1770 57 9320 27 8096 20 6750 57 2735 75 4708 19
3297 10 1398 34 3701 85 9003 55 5360 81 3435 61 4741 68 2049 63 8990 78 4944 83 6 2
3298 10 1901 61 5976 18 6624 28 7786 41 9489 8 9413 69 6260 27 807 71 6932 10 4467 59
3299 4 1576 7 5332 91 5611 44 939 67
3300 3 1426 76 782 26 4806 90
3301 9 3065 16 4377 35 6319 35 6925 46 5457 98 3676 16 6192 99 1683 65 1805 64
3302 3 3090 8 6024 10 7474 38
3303 5 645 86 4464 31 8653 69 5911 10 900 53
3304 6 801 3 1471 72 7389 99 3667 94 4460 91 9480 45
3305 3 653 86 4624 2 9979 50
3306 5 2253 56 5820 13 6496 89 5267 60 6512 96
3307 7 1449 5 3770 46 4406 19 9000 38 8917 16 192 79 1421 43
3308 9 1245 2 3474 10 7593 28 5029 44 2988 33 195 50 5257 16 5919 79 3864 13
3309 6 77 96 2975 58 3723 93 4655 72 3 28 247 100
3310 4 479 77 3651 89 700 55 1308 58
3311 4 1806 42 3627 80 5062 56 448 84
3312 7 2432 11 8712 95 9820 18 6010 45 9664 2 7146 75 1082 68
3313 6 1296 14 9771 39 2424 47 6652 58 8515 62 8377 35
3314 3 686 22 2098 56 5323 18
3315 9 2250 5 4866 94 8069 33 1791 92 5798 85 6628 98 3856 91 7727 56 877 4
3316 9 1096 85 3946 87 8587 100 5798 80 5647 69 4032 4 509 97 9741 29 7218 41
3317 8 2115 73 6153 41 8568 61 9260 49 7506 78 7382 39 7370 38 572 29
3318 8 536 32 6169 89 7004 100 7906 35 1877 1 5142 9 5002 48 7325 79
3319 6 2582 63 8138 41 5850 27 9996 68 502 75 5432 2
3320 8 2576 60 4505 66 2431 36 6051 87 9792 83 816 17 4996 61 9713 74
3321 4 185 10 7561 61 5926 2 8907 49
3322 12 2020 6 5061 53 8143 19 8188 78 2164 41 3364 23 5041 8 7150 92 6305 6 6631 23 4231 83 1541 86
3323 8 3090 64 3441 2 4318 21 4944 53 9167 44 3996 27 5347 83 7860 5
3324 6 1982 99 6076 71 9090 90 3902 79 3751 21 6209 4
3325 3 1893 33 9380 80 3759 65
3326 4 2420 100 2738 36 803 66 6444 75
3327 6 2793 21 3950 4 6197 37 1790 52 2665 17 7658 97
3328 5 3291 10 132 91 6086 1 177 12 4028 7
3329 9 412 91 4385 1 7512 94 3892 87 1511 71 3488 57 5716 81 193 74 4056 3
3330 6 2892 52 8107 65 768 56 7363 87 5023 70 9629 92
3331 6 3223 96 5995 4 6297 82 6270 93 1968 66 5386 49
3332 8 1518 12 4904 31 5325 23 9698 7 9721 88 9407 38 5357 5 4018 50
3333 4 1289 4 6854 75 9029 52 9321 31
3334 5 1183 76 6517 16 5795 87 5774 14 6653 86
3335 5 1146 39 3649 81 6202 78 4912 28 5592 69
3336 3 153 86 1165 34 8204 1
3337 3 2457 14 3412 69 3951 59
3338 5 646 78 4047 61 8678 17 9441 9 9730 19
3339 4 1930 61 6574 27 2302 20 1948 26
3340 1 1446 26
3341 6 751 80 6538 6 5306 37 2701 77 3674 54 9629 99
3342 7 1473 70 4532 98 7405 32 7064 26 4490 13 2530 24 2840 25
3343 5 1649 37 7011 56 6414 88 9370 15 9150 82
3344 6 436 21 3692 33 7182 77 7641 81 4749 45 7754 88
3345 6 2992 53 3508 24 7436 9 727 17 8556 49 4104 92
3346 3 1988 19 4270 20 3910 75
3347 4 2379 36 9924 1 2372 45 7174 72
3348 7 2275 61 4118 7 7649 87 1588 34 4558 6 1432 27 3911 33
3349 3 2170 26 2911 12 347 91
3350 5 2931 18 5765 36 1598 20 8701 33 7953 9
3351 8 751 47 4670 62 6240 96 8944 77 808 98 241 99 3491 28 3716 78
3352 7 195 8 8401 3 6517 94 4277 41 1934 40 323 94 9449 95
3353 5 1874 75 8922 18 9775 54 6774 86 2116 78
3354 6 652 86 4933 68 8995 55 5299 74 9503 53 6186 80
3355 6 2843 67 76 21 9893 40 2122 56 3167 46 9417 7
3356 7 826 63 5379 4 7178 86 9291 82 3091 78 9378 24 3173 33
3357 6 497 95 4034 83 1149 86 7042 60 1296 65 5843 96
3358 6 889 99 6366 35 2405 29 1176 2 6799 74 1997 63
3359 5 1047 88 9717 40 793 66 2095 78 6658 31
3360 5 2914 100 7265 54 3460 39 1771 22 7989 49
3361 4 1337 95 7080 82 459 61 942 17
3362 6 1074 92 5553 40 4747 4 58 6 5203 33 7353 28
3363 11 793 42 5802 8 10 59 2403 66 995 95 3719 28 7542 81 1426 62 7780 52 1644 39 9958 92
3364 4 264 52 1362 90 3322 23 169 96
3365 6 1426 67 4481 97 6399 34 2281 39 1732 67 6912 80
3366 4 3216 40 8739 59 2184 47 2254 24
3367 2 2701 47 6103 17
3368 8 1927 69 4832 32 7156 53 7936 35 9417 100 769 8 2142 7 4996 23
3369 4 253 41 3586 17 5885 7 4125 88
3370 7 2602 48 3766 2 113 61 3180 49 9105 7 8935 25 2005 45
3371 6 1309 75 8450 38 6373 17 3037 36 5958 66 6138 73
3372 6 1417 2 9578 89 7444 26 4123 69 2666 74 390 21
3373 8 680 3 3711 56 4192 19 5601 8 6707 89 8105 12 5011 24 8004 58
3374 4 2903 67 1472 82 7675 91 766 79
3375 6 1862 26 3517 18 8062 66 5680 27 7171 4 7864 51
3376 5 1549 46 5212 10 7439 18 4119 12 1742 79
3377 4 2055 50 7608 15 3813 63 7357 8
3378 5 1312 1 4438 37 4047 84 2850 17 4927 96
3379 5 324 18 6428 35 38 11 447 75 9462 93
3380 8 1148 53 4965 63 1513 46 7644 28 6368 25 1310 59 623 82 4130 20
3381 7 720 90 9405 50 1628 55 4634 69 26 83 2060 35 7315 8
3382 4 1039 49 2905 45 7997 38 6756 65
3383 6 1639 86 763 47 8846 58 2429 36 5138 20 4744 84
3384 7 2820 31 6694 17 8691 74 5723 61 4007 42 5670 49 1561 66
3385 4 2862 99 194 25 5236 26 1782 29
3386 10 440 79 4090 10 6898 20 2319 74 3847 17 5795 43 8041 68 32 37 4132 52 1020 87
3387 2 3241 4 5803 27
3388 5 1316 87 6575 62 7109 51 9140 29 9186 75
3389 5 2775 79 8657 11 5933 18 3477 54 4199 12
3390 4 1356 14 8706 62 3515 78 3154 72
3391 5 358 96 4692 32 6719 45 5869 52 7356 62
3392 4 2845 45 5455 40 9792 94 161 42
3393 4 124 61 2515 5 4094 36 6937 46
3394 6 1833 75 1566 6 120 99 8595 83 6930 11 9120 8
3395 8 2563 95 4093 79 6238 73 2665 6 3081 73 5955 26 7611 68 2576 47
3396 1 2471 80
3397 7 1114 3 4558 65 5930 8 4879 77 7823 54 818 2 5697 21
3398 7 199 24 5276 43 5926 13 7562 70 1055 46 8911 37 3107 70
3399 4 572 73 4198 25 6532 93 8636 20
3400 2 1202 37 5218 47
3401 9 126 45 3635 15 3833 86 9331 32 9728 69 180 63 316 2 6322 87 8841 78
3402 8 2675 58 4498 63 5745 84 6304 27 4239 31 3568 68 1784 37 7131 63
3403 3 2854 27 4004 53 2578 25
3404 5 94 10 5783 33 9160 55 593 7 9809 51
3405 4 3289 29 7215 24 7210 56 9614 95
3406 3 516 21 5714 1 4105 7
3407 6 1977 2 5830 86 9440 99 4921 75 356 47 1747 24
3408 8 1915 64 3816 62 4272 58 7200 85 4305 38 6522 78 310 7 7606 93
3409 7 2998 13 4687 36 650 46 948 82 2791 33 709 81 5847 63
3410 5 2396 14 7544 76 4108 55 8993 38 4247 50
3411 8 1888 25 4514 20 5288 30 9138 12 6467 64 6252 64 1815 28 2484 94
3412 8 3337 69 3606 8 5512 79 5028 87 3124 82 5633 73 784 84 7756 7
3413 6 2348 56 5003 45 2400 93 3760 88 9537 33 2005 12
3414 6 2775 7 6102 95 6366 53 3226 40 8905 16 1520 60
3415 6 452 71 4566 78 8698 38 9451 39 4691 1 1327 8
3416 5 554 75 5019 49 9780 49 2089 56 8066 28
3417 7 1976 84 7766 21 8931 37 9434 25 6873 10 8340 85 2524 27
3418 7 1599 99 7860 36 408 24 942 37 7377 82 8433 66 7944 40
3419 9 2961 11 4666 74 8562 58 22 63 768 88 1713 14 7497 51 1289 99 7597 53
3420 7 791 79 5427 54 8703 33 895 97 5502 82 9928 26 5298 95
3421 6 364 5 3631 67 9344 48 9758 33 5589 38 2816 33
3422 2 1599 26 8181 12
3423 5 3241 99 2750 26 870 98 8993 88 8833 44
3424 3 2574 19 6118 34 9727 51
3425 9 1474 93 4607 87 8728 93 1475 74 749 94 1838 80 9015 74 1247 31 6134 57
3426 5 2600 47 5364 16 8704 39 3660 46 250 15
3427 4 1971 54 4138 100 5548 64 6251 19
3428 7 2163 1 3583 30 4102 41 8649 65 2621 48 4017 8 8476 83
3429 5 1158 98 8214 76 9686 17 2473 88 6747 20
3430 3 405 73 4761 64 2390 92
3431 7 1089 1 4167 51 4618 38 8787 49 9816 20 3874 81 6961 35
3432 7 826 21 5442 25 5944 22 2686 47 5086 60 1386 37 257 47
3433 3 1024 92 3457 75 1319 22
3434 6 2944 49 4597 17 4314 84 2751 70 5082 47 2016 96
3435 8 158 45 3778 51 5953 58 3297 61 788 93 6516 93 1531 99 6611 41
3436 3 1719 83 7151 4 1395 97
3437 5 570 32 914 79 6666 16 7731 62 6742 12
3438 5 275 38 6985 19 8559 63 879 63 9222 94
3439 7 1352 7 3451 45 4140 15 5916 60 6260 77 251 70 1657 84
3440 5 2575 38 429 85 651 53 841 81 5988 56
3441 4 3323 2 5879 52 5422 1 9914 69
3442 8 615 100 553 18 9873 3 1759 13 7334 11 2171 54 4841 17 2583 90
3443 3 832 84 2344 56 791 22
3444 5 1920 6 2718 76 1594 12 975 45 7296 44
3445 3 569 28 6596 33 287 55
3446 6 2986 94 3531 82 3227 7 1046 94 3503 61 269 42
3447 9 2432 75 8301 24 3691 69 1822 4 996 17 4805 87 6774 62 902 82 3052 77
3448 6 2949 63 3687 60 5253 7 9785 52 9434 4 9160 93
3449 4 1512 88 3637 100 1643 77 5680 82
3450 4 2312 48 1860 86 9659 12 2731 75
3451 5 3439 45 4076 47 5070 71 3768 95 6702 99
3452 7 2747 60 5311 31 983 82 877 88 7902 10 5342 14 347 52
3453 6 32 10 4199 98 6123 45 6629 97 3459 70 295 9
3454 9 2551 30 5762 49 6684 15 8542 31 5379 22 6255 32 5636 71 8692 80 9941 6
3455 4 2510 100 9301 75 8629 7 6790 14
3456 5 565 6 904 42 6382 49 5264 77 5944 69
3457 9 3433 75 6270 70 8998 99 419 58 9967 14 6257 47 6892 96 2388 4 4510 58
3458 4 1139 35 371 23 2706 1 5756 91
3459 7 2390 71 5264 98 5579 95 8962 77 3453 70 424 16 5363 12
3460 5 432 30 4018 83 4294 30 3360 39 4807 40
3461 6 1934 48 4697 90 5510 62 6340 81 6697 88 1764 99
3462 2 3078 10 1085 93
3463 3 1884 28 3908 67 2448 15
3464 5 1864 74 6757 44 4944 2 3720 68 4011 71
3465 7 571 29 1252 93 5120 99 8306 83 9954 99 7931 56 8919 82
3466 2 1620 76 4791 63
3467 5 1569 78 3920 53 7903 7 596 82 2087 78
3468 6 1850 100 7371 38 4742 54 1565 40 6325 23 257 68
3469 9 251 10 9309 94 7272 81 1517 17 1952 78 7751 69 4332 30 9640 94 9925 8
3470 8 2272 40 5506 89 4571 34 8840 17 6084 71 6716 29 203 86 7140 76
3471 3 320 39 519 18 4307 87
3472 6 2616 49 6962 47 8795 21 9384 61 7911 35 6163 11
3473 8 1491 94 4622 67 7681 23 2293 19 1002 13 7095 46 8714 66 9683 49
3474 5 3308 10 4218 52 8441 78 2762 67 9710 38
3475 5 987 68 8236 26 1811 97 2400 27 9052 46
3476 5 3008 71 4135 59 6816 19 7336 54 8542 19
3477 10 1294 34 7427 77 2694 29 6681 14 3389 54 9165 92 8059 57 2533 96 1277 43 9465 59
3478 5 1004 25 6582 32 7792 18 7727 45 4700 2
3479 7 1269 20 5606 91 1076 13 118 26 1866 60 8339 53 6262 81
3480 4 2917 4 5592 11 6647 17 2010 91
3481 7 578 14 5875 25 7360 82 6513 1 6814 63 9946 86 4935 86
3482 4 2327 73 5114 94 7037 81 7189 19
3483 6 3143 41 5920 19 8267 38 1153 14 6304 26 8428 100
3484 3 1008 37 2730 62 6862 33
3485 6 451 13 4845 99 5094 70 2146 59 6342 62 5197 18
3486 4 3223 74 975 29 7423 11 9582 6
3487 3 1417 15 6503 40 166 67
3488 4 112 44 438 40 9299 83 3329 57
3489 6 2728 8 8338 75 9915 48 3031 11 6414 53 8638 51
3490 3 242 83 8372 14 5931 78
3491 8 2407 46 6213 73 9110 25 4781 69 3351 28 7937 63 210 30 2531 88
3492 5 3067 71 9789 14 7989 29 934 93 5568 75
3493 9 1780 3 4771 89 7219 62 7213 27 7922 89 8904 7 4918 9 3707 79 4461 83
3494 5 2165 11 862 89 4680 54 899 69 6968 17
3495 6 2712 68 6758 70 1862 32 8864 48 3881 78 315 54
3496 6 2083 90 5516 9 6648 45 1472 52 7277 29 6449 53
3497 5 2167 84 7088 34 9559 84 3596 38 7698 32
3498 4 1873 47 7094 46 3954 97 7819 6
3499 5 1943 53 7016 33 6537 86 1507 75 7401 65
3500 3 1042 93 5357 29 103 100
3501 6 2359 6 3773 28 8367 77 8798 75 1004 58 5280 59
3502 5 2081 99 4172 22 9119 18 6930 41 1498 80
3503 3 2223 6 7764 11 3446 61
3504 6 1398 87 3821 66 3039 89 6380 15 7360 88 9116 16
3505 6 1474 47 6255 56 8915 11 1837 2 6827 2 2870 49
3506 4 1043 44 6433 32 3002 40 8273 63
3507 7 710 70 4714 39 4975 27 9866 12 5419 46 1795 82 5646 52
3508 8 3345 24 6250 60 7610 79 9239 46 4603 57 1400 93 2176 7 9023 80
3509 4 2751 47 7133 48 6393 50 7285 73
3510 6 451 4 8135 84 8793 65 7148 69 523 65 1810 63
3511 4 3143 80 5765 55 1231 55 7846 5
3512 5 1314 53 4001 45 8292 69 9633 27 815 19
3513 7 549 19 7392 83 3025 6 1284 65 2276 20 2677 83 4215 20
3514 8 1255 39 4853 23 9813 17 1550 70 8722 3 5895 99 4087 6 2685 87
3515 6 1193 55 7422 20 8217 73 3390 78 2478 3 1968 52
3516 5 1143 66 5641 49 9213 24 3073 97 7578 61
3517 2 3375 18 1733 4
3518 3 498 18 6746 35 944 18
3519 5 2340 48 4442 18 5359 76 2207 50 2162 70
3520 5 481 55 4701 50 6116 28 7330 44 2183 90
3521 5 2378 43 9515 21 8716 15 2327 93 1819 69
3522 5 786 19 4427 79 5981 63 7715 16 6196 52
3523 5 2777 28 6673 80 9241 13 7199 61 8933 74
3524 4 2471 40 5368 94 2533 96 7108 29
3525 4 272 97 7276 83 2027 3 6462 59
3526 5 225 37 6399 84 5471 14 7834 36 4736 1
3527 7 2843 87 7850 65 9362 37 8906 12 7165 42 9747 75 493 42
3528 4 123 91 8510 39 6961 91 5948 62
3529 9 2924 6 3813 37 9646 87 3643 23 4623 51 9444 68 7726 35 3617 13 2082 94
3530 6 696 19 7424 61 9634 30 8977 19 831 77 3861 63
3531 5 3446 82 8920 74 8246 24 6764 51 5527 71
3532 6 707 74 4847 38 5550 11 7531 71 4343 33 9806 53
3533 4 811 84 2754 60 8172 68 5686 34
3534 5 214 1 4528 88 7335 24 1576 26 40 26
3535 6 2172 2 4770 22 7626 83 3942 81 8283 32 1818 97
3536 3 2377 70 519 7 6351 93
3537 12 58 39 7517 41 8124 19 6996 41 5300 32 6678 56 586 17 5271 22 3856 73 2350 64 5213 79 3589 13
3538 9 3004 59 9787 59 9003 52 5063 52 102 35 9036 1 6177 91 6066 9 3264 61
3539 9 3182 99 2847 51 1791 58 1179 27 1716 12 7091 30 2276 11 6411 72 3611 60
3540 8 2156 78 5127 25 7493 95 9801 84 3208 43 8683 10 2204 19 1895 89
3541 5 98 57 3907 8 4152 83 8916 22 9201 66
3542 4 947 12 4214 45 1241 75 6251 54
3543 8 881 78 6544 87 2932 8 7221 85 246 52 2652 62 7225 86 165 85
3544 6 1845 54 480 25 2845 16 6067 78 7205 71 7508 66
3545 5 2096 73 9721 62 787 94 8301 56 5883 76
3546 4 48 60 2867 77 1876 89 8177 92
3547 2 1027 91 2158 93
3548 4 2962 52 6919 87 3038 54 4337 98
3549 3 3180 45 4540 44 54 9
3550 5 3209 47 128 6 4813 23 5842 27 3043 79
3551 4 2452 20 5130 9 1515 83 2374 14
3552 3 2183 74 804 42 8211 93
3553 7 2408 48 4026 98 4073 95 4846 51 62 54 4015 49 6534 100
3554 8 3160 88 4117 93 5164 47 6856 15 4605 22 9669 41 9221 66 8384 8
3555 6 1448 52 6674 17 2626 25 5551 78 36 58 7643 49
3556 4 176 41 7093 83 492 84 1732 97
3557 5 539 9 4311 36 1372 69 7217 74 9355 59
3558 2 478 62 5659 45
3559 4 1001 32 9996 85 111 34 8414 40
3560 4 584 40 3835 40 5863 78 167 91
3561 3 2475 57 1164 70 8528 93
3562 4 68 99 5234 51 3047 100 4721 55
3563 6 2419 30 670 71 2355 65 8532 93 804 55 5474 58
3564 8 181 12 4964 9 4747 97 549 16 9121 38 1651 34 8574 76 2446 26
3565 9 354 53 5048 45 8705 37 9646 55 1124 64 4885 98 2913 21 6491 49 5244 49
3566 6 2363 20 5713 26 1631 97 1854 68 7046 31 637 14
3567 7 3093 73 6026 72 3693 26 3992 22 815 26 2475 40 5759 97
3568 6 482 58 9209 10 4040 6 5137 62 3402 68 387 63
3569 5 187 62 8954 97 5786 41 8268 29 5453 74
3570 7 590 90 4023 84 7091 69 3595 32 2216 51 6772 99 9605 81
3571 3 2612 46 6934 32 8008 12
3572 4 504 23 9287 13 626 16 1958 49
3573 3 3246 7 474 27 8574 18
3574 5 1997 20 3802 6 3762 13 3243 14 9158 82
3575 4 2125 54 4729 64 3616 64 7584 43
3576 3 2685 31 3869 3 8564 66
3577 4 814 2 3654 9 3704 42 1924 77
3578 4 1050 70 7108 32 2410 42 8696 38
3579 7 3076 38 4823 63 1387 16 4131 76 4915 70 3224 55 3926 29
3580 6 396 18 4720 35 8020 85 4955 58 5904 85 4277 98
3581 8 59 31 4760 39 6771 8 625 91 5221 69 7088 53 4206 90 199 37
3582 7 165 20 2277 63 8220 75 7262 70 1099 88 1824 74 588 23
3583 6 3428 30 9502 28 2787 17 676 29 9925 68 2057 29
3584 1 226 57
3585 4 3114 76 211 32 1754 96 6918 67
3586 6 3369 17 3812 19 6678 70 7552 86 3746 87 2967 39
3587 6 1864 34 4686 93 9742 65 7178 92 7654 27 4901 49
3588 8 2618 59 6140 31 7010 3 5460 20 2521 75 5241 61 3797 33 2852 58
3589 10 2188 75 4475 57 5551 96 8356 1 9113 34 7065 100 9412 54 7996 84 4920 35 3537 13
3590 5 106 80 4077 67 5560 6 8459 47 9829 58
3591 6 2105 36 460 11 6693 80 3954 16 3958 94 7489 24
3592 8 2331 90 3658 71 8564 48 4300 83 717 88 7242 63 3803 45 4266 28
3593 5 2211 87 9611 25 9709 97 8445 50 2432 8
3594 3 1573 11 9916 53 7657 79
3595 9 1059 76 4531 49 6298 25 3570 32 1890 75 311 35 669 89 688 91 2171 89
3596 8 1905 50 4935 50 5647 97 7970 13 5561 34 3497 38 5223 15 5823 3
3597 7 2439 44 5031 25 5484 50 7105 94 6099 18 5797 79 1706 77
3598 5 2976 43 6572 96 7872 75 7310 71 9329 58
3599 5 2454 10 4471 10 1550 67 4854 90 163 77
3600 6 1712 61 1832 56 291 97 6806 70 9352 23 1373 26
3601 6 2726 26 4444 7 8859 79 3761 67 4689 18 1290 41
3602 7 2601 21 4035 25 7131 41 8806 70 8108 18 5164 89 1777 36
3603 7 3024 88 4617 71 6634 80 6704 5 8074 41 9516 23 8444 61
3604 7 3261 37 4906 1 6696 43 8139 46 9769 10 7808 97 1883 3
3605 5 1920 18 9869 1 6328 17 9285 59 2688 96
3606 2 3412 8 336 48
3607 4 1270 97 8982 76 2343 93 9124 27
3608 6 1458 92 3919 34 8617 72 5331 17 1752 58 6651 5
3609 6 119 41 5178 29 8361 57 7110 64 1207 20 8864 24
3610 6 1286 84 7257 18 24 31 2659 13 271 66 1938 93
3611 7 694 31 7883 87 9163 19 9434 73 1420 54 8444 11 3539 60
3612 5 2454 36 9049 36 6502 15 1553 28 5376 71
3613 4 1406 63 4086 11 2564 63 129 66
3614 8 2308 17 4104 85 4436 91 7540 72 2710 86 367 63 4949 94 5327 21
3615 9 3146 98 5130 91 7345 27 7453 83 8488 48 3676 89 7301 72 14 55 9131 90
3616 5 1267 73 3575 64 9686 83 6691 12 7752 33
3617 4 713 57 1999 95 1974 32 3529 13
3618 5 873 18 7159 52 643 10 7912 85 8661 91
3619 5 1037 75 9510 39 8076 60 7929 11 2823 34
3620 5 2574 61 4022 16 1935 40 9354 88 2031 50
3621 11 128 75 4722 56 2169 2 7594 43 4455 10 8112 43 5220 36 1466 53 2302 80 8532 12 179 50
3622 4 62 99 6959 32 7637 61 2195 48
3623 5 165 46 4255 98 2414 57 790 10 1115 21
3624 2 2594 35 5034 24
3625 7 2931 92 4484 27 6287 18 1117 50 246 89 2000 69 9260 9
3626 3 265 27 1053 7 1511 30
3627 6 3311 80 3945 2 6301 11 5637 94 4143 94 2232 12
3628 3 1214 20 5011 13 843 96
3629 2 2227 33 6476 52
3630 2 2120 74 469 62
3631 3 184 93 3421 67 1535 37
3632 2 1379 77 4742 77
3633 7 1552 57 9260 14 673 41 5957 80 7982 45 9968 6 927 66
3634 3 54 56 6436 29 2430 5
3635 4 3401 15 3679 33 6058 59 6033 22
3636 9 1395 15 4451 76 7643 29 8588 98 9067 68 8394 9 8622 27 4819 37 43 28
3637 10 3449 100 8302 55 5005 98 8827 39 8056 5 5372 99 3172 1 3163 82 3294 67 2811 43
3638 9 354 12 5087 78 9630 27 7584 78 6058 85 6217 78 1050 13 8226 46 2924 19
3639 5 2704 82 5345 26 4312 12 4675 11 7269 16
3640 7 2420 62 3799 68 1245 93 980 33 2091 16 1467 65 7862 70
3641 5 2889 47 3722 93 5471 17 5847 99 7077 91
3642 4 1603 34 4225 81 3937 58 8633 58
3643 5 1737 58 4759 57 6645 59 3529 23 8101 41
3644 5 1153 62 9638 99 9262 57 5842 19 5780 64
3645 6 1749 9 3750 78 6121 63 1690 36 2362 29 4671 21
3646 4 2461 70 7414 96 8542 52 5829 42
3647 2 2576 92 2543 64
3648 5 2360 8 6745 82 1770 32 1116 97 4094 72
3649 8 3335 81 5973 37 4679 52 4915 32 1999 68 6892 17 8987 72 8355 49
3650 4 986 51 300 26 6442 27 9950 30
3651 5 3310 89 3873 80 4125 19 4240 37 6717 88
3652 6 1331 100 4660 57 5837 28 2741 21 1245 2 989 16
3653 6 1977 10 5166 24 1479 80 1238 13 1728 66 5503 81
3654 5 3577 9 5036 68 1804 5 8696 91 3906 8
3655 5 1412 94 6039 7 2686 14 9576 67 201 66
3656 4 864 97 4451 87 2657 33 1631 80
3657 6 628 18 8040 7 4561 4 5941 59 7868 16 9167 1
3658 2 3592 71 9494 39
3659 4 82 58 8848 24 9131 1 1734 55
3660 6 2252 70 2434 3 3426 46 2828 65 7552 97 8139 66
3661 6 1469 16 5994 53 2427 19 6896 86 1475 92 1589 91
3662 8 1533 2 3804 13 4040 78 6585 98 2138 76 6759 52 2195 15 8935 14
3663 7 853 47 6820 17 7991 67 4009 81 9566 63 769 49 2720 24
3664 8 1131 84 5758 26 9134 57 9987 75 1630 28 1720 52 4446 69 869 93
3665 4 1983 30 1735 51 1798 49 4338 59
3666 3 2930 16 8204 12 7742 85
3667 9 626 69 6463 80 6613 87 5235 78 199 11 3304 94 6361 20 4045 67 8346 31
3668 4 686 66 6859 91 9630 31 2142 63
3669 5 1805 75 692 33 3842 50 158 35 3190 24
3670 8 334 17 6665 35 9016 98 2465 24 764 13 3988 55 5773 31 3888 58
3671 4 3021 29 3889 29 4529 15 6275 89
3672 3 2460 48 5834 50 1067 64
3673 9 2449 58 9085 99 2051 88 7826 12 8172 73 4753 28 5798 56 2271 71 905 14
3674 6 3253 1 7412 47 9001 32 3341 54 5089 41 7358 64
3675 7 1740 59 3751 91 5197 15 8516 91 7202 16 4333 23 4706 23
3676 9 1414 36 2520 55 2702 89 64 18 1723 73 3301 16 956 45 3615 89 2000 91
3677 6 970 89 6446 99 8529 34 1853 44 2644 66 6680 71
3678 8 147 60 5110 65 5271 65 866 62 9587 6 4327 100 2249 26 4597 49
3679 2 3635 33 6082 74
3680 7 2323 68 4559 68 5297 32 8718 100 6746 72 3153 28 429 79
3681 8 2852 79 7694 67 7274 17 433 17 4236 27 1491 96 464 2 4646 31
3682 5 698 29 8969 36 6056 78 382 43 4068 99
3683 3 2727 46 1223 88 4351 61
3684 5 2329 10 7782 84 2195 25 1348 14 5251 66
3685 6 2757 63 867 90 9946 14 3032 26 364 31 9740 24
3686 3 1185 24 7384 93 5973 63
3687 5 3448 60 8772 96 5272 24 1791 77 4885 16
3688 6 1594 39 7049 47 2455 92 2706 45 1149 9 5242 18
3689 5 574 95 9903 14 9527 47 9384 81 2565 28
3690 3 3271 52 6873 39 5909 66
3691 7 2791 71 4654 30 5015 71 3447 69 4889 75 7403 33 2685 66
3692 5 3344 33 8462 91 1933 64 5258 20 3031 8
3693 9 984 5 3567 26 4747 10 6222 11 9219 45 757 26 6254 69 1608 62 5194 78
3694 7 1251 33 4673 71 4059 16 5675 94 5261 64 49 59 9867 76
3695 6 806 51 7855 3 9130 9 4000 79 256 100 6127 37
3696 5 137 45 5630 21 5113 36 1094 39 7489 10
3697 4 451 41 1307 89 8306 93 7725 49
3698 3 1511 35 9129 20 6993 3
3699 5 1220 9 4111 57 2381 62 6269 93 1958 51
3700 8 2251 49 6315 21 9591 43 7880 61 8845 31 2984 83 216 38 6570 56
3701 7 3297 85 4124 5 4899 42 318 23 5122 58 3279 43 9837 25
3702 6 1856 22 5370 54 4648 97 8575 80 718 62 2260 17
3703 5 688 46 5032 20 5520 74 9764 15 2853 61
3704 4 3577 42 170 7 6864 60 1952 88
3705 5 844 64 5369 82 2963 55 9868 67 9776 35
3706 6 2034 52 3906 59 6597 67 1465 25 5298 84 4402 49
3707 7 2007 87 8156 52 4382 72 998 40 3493 79 6935 98 1570 16
3708 10 2732 15 8648 28 6062 47 4238 48 1222 27 9249 58 7284 86 8216 33 960 22 1537 15
3709 9 726 76 4425 45 5566 55 8636 13 9497 86 7590 17 7616 78 8766 78 8226 84
3710 3 2794 46 2195 85 4792 82
3711 7 3373 56 4164 50 4511 17 8623 60 4530 27 851 85 2250 60
3712 6 1252 41 9106 28 2114 74 226 15 5483 30 9487 93
3713 6 223 4 6101 41 8261 13 6482 61 1401 58 8268 85
3714 6 1382 11 3964 14 2020 39 8365 5 1581 53 7289 24
3715 5 2695 29 5134 29 1925 10 177 40 192 90
3716 5 548 77 8940 44 3862 19 526 38 3351 78
3717 6 2814 30 4655 2 6794 100 3884 74 181 54 7554 16
3718 3 2956 99 5544 100 3948 35
3719 6 899 76 3363 28 4931 11 5276 18 4529 36 8618 82
3720 7 337 45 5895 32 6879 46 3893 88 3464 68 1678 51 8267 23
3721 4 2113 38 16 99 852 1 6503 69
3722 7 3641 93 861 20 4290 94 6572 25 1832 29 4098 86 9709 73
3723 5 1954 65 8492 68 3309 93 8152 77 5439 92
3724 6 1196 19 7578 79 1978 67 9268 85 5133 26 7470 9
3725 7 621 61 3960 77 6043 22 6184 44 3215 42 2448 70 3295 14
3726 3 2535 53 2875 32 6313 49
3727 6 1063 65 9122 69 129 59 884 1 8615 7 5694 24
3728 4 364 37 2341 47 3170 32 5952 6
3729 4 3036 63 4241 10 8333 63 3837 65
3730 7 2079 99 8991 31 8708 2 300 3 784 79 3882 17 3026 60
3731 6 1371 43 5353 22 3242 2 1917 53 7084 50 6066 93
3732 4 761 7 1886 59 7558 25 9484 19
3733 4 2596 90 1659 53 1219 1 6171 99
3734 9 1480 11 5336 70 5764 8 6392 84 6644 52 9990 94 2473 67 4992 69 948 37
3735 6 2627 58 7285 54 9558 20 2175 56 1649 50 1876 7
3736 6 1819 53 7769 42 345 27 6901 15 2704 73 7422 22
3737 4 2770 36 4 19 9616 81 2195 39
3738 5 85 67 7217 19 8998 2 5648 22 7035 76
3739 9 1664 13 3933 74 5557 40 9584 22 5411 73 3942 32 4985 59 1520 12 5891 77
3740 11 2164 2 5120 100 7191 33 2231 32 738 72 1415 49 9677 19 5759 84 9788 79 4698 3 7542 69
3741 8 1511 21 6237 68 6732 25 1652 56 2487 70 2162 58 9023 73 2208 93
3742 7 3010 44 2604 97 6354 36 8321 20 2159 47 81 29 9476 76
3743 6 102 13 4360 77 8479 15 3801 12 859 20 2427 82
3744 3 2153 61 1546 61 3241 70
3745 8 1429 23 6190 12 8323 16 88 8 1921 60 5851 3 6771 94 5098 90
3746 5 899 9 4989 79 7036 4 3586 87 5891 22
3747 3 1161 71 6094 99 9267 22
3748 9 1925 36 3901 91 5922 38 7142 78 1551 91 7639 26 2089 22 8563 73 343 6
3749 4 771 96 6872 26 9157 65 6857 34
3750 6 3645 78 8172 24 7480 1 7931 83 9564 22 6148 91
3751 13 3675 91 5118 32 6848 40 8179 43 8863 4 9161 7 9059 10 1255 32 348 38 2589 13 3324 21 1360 55 2618 74
3752 7 1502 16 5714 42 6375 80 2712 17 2513 65 7006 35 4665 4
3753 10 443 11 6304 9 1614 1 1619 59 546 25 9697 7 8922 34 2134 84 151 25 4724 96
3754 6 3158 66 4298 44 2501 40 7264 58 1598 61 8005 41
3755 6 2258 2 9399 17 558 36 4336 21 1397 10 4627 6
3756 6 1774 63 5122 46 5005 74 2235 43 5961 16 9907 63
3757 7 3228 63 4059 80 5977 56 6749 8 8346 48 9323 10 8017 14
3758 6 2874 70 9971 74 8225 28 1876 91 3198 94 9012 87
3759 7 696 65 5732 58 953 23 3272 67 5662 85 3325 65 9316 90
3760 10 2212 58 5403 44 5963 86 1463 15 4230 20 3413 88 4970 68 8314 95 7876 13 182 91
3761 5 1855 91 4224 31 5774 74 8860 7 3601 67
3762 7 2763 80 6726 62 6493 81 3574 13 9148 31 6810 10 9248 87
3763 6 1919 64 5796 31 5872 16 2730 72 4672 70 8300 23
3764 6 1532 71 4158 10 4874 34 8358 48 1335 31 1282 7
3765 2 2308 92 8365 30
3766 2 2616 20 3370 2
3767 5 619 68 484 50 4948 18 7760 54 1874 88
3768 4 467 3 8220 80 3451 95 4128 94
3769 6 3055 63 1817 68 1135 18 3254 93 1781 47 9366 17
3770 4 3307 46 6831 42 2058 33 9968 87
3771 5 1793 25 4137 37 1457 85 8038 47 2135 80
3772 4 3168 21 4632 91 2128 65 7138 98
3773 4 3501 28 3985 68 6649 49 6339 28
3774 5 1892 50 7980 48 6274 19 5843 30 5680 66
3775 4 2484 73 4271 24 7584 23 2290 41
3776 9 996 18 9240 39 6934 24 1157 50 5414 5 2986 45 5364 56 1653 92 501 77
3777 6 1779 20 8166 72 8833 9 9913 38 8822 42 4141 97
3778 7 3435 51 4915 31 8515 11 171 49 6792 38 2081 43 6786 58
3779 4 995 23 8341 81 1348 11 1139 36
3780 5 2239 71 4686 46 9141 54 3226 82 9337 9
3781 9 293 60 6368 43 6413 23 9826 62 3187 66 3014 52 4852 37 7396 88 6090 88
3782 9 1911 53 3798 45 6064 58 9399 94 4617 95 5776 98 1189 34 5642 17 5127 76
3783 10 957 36 2031 56 2965 70 9285 63 2890 90 798 74 5959 73 751 12 5146 80 279 48
3784 7 1840 99 1569 27 7334 55 9887 41 9977 59 7416 78 1241 55
3785 5 1262 27 5072 15 1563 95 1806 93 607 60
3786 6 2313 96 1314 97 1614 98 5949 56 9268 95 9090 100
3787 5 1086 98 4998 93 8219 85 5869 16 4804 76
3788 6 1038 78 7298 76 4766 83 6794 59 9716 20 2088 59
3789 3 1578 72 1567 21 2382 84
3790 7 2666 2 4474 15 5181 30 1827 98 8990 37 1274 2 8095 45
3791 7 2700 48 9983 97 4790 42 7275 88 5329 45 1796 33 9879 21
3792 4 913 19 5635 53 6396 71 615 66
3793 5 3075 33 5000 89 9316 83 9844 76 7196 82
3794 7 2544 96 9682 42 6087 89 2087 46 6957 99 1170 7 1801 61
3795 9 1045 79 5016 100 7978 46 2654 60 9358 57 9554 27 748 97 5052 10 7192 20
3796 5 2361 46 7431 96 990 12 1647 34 2627 1
3797 6 172 21 4460 94 7351 10 3588 33 5106 35 4627 14
3798 7 848 98 6797 68 8127 18 7375 12 3782 45 182 48 6846 27
3799 3 3640 68 541 38 7355 83
3800 4 47 2 6608 36 4909 74 3158 95
3801 6 2178 83 3743 12 8429 89 3168 62 8028 66 9114 24
3802 11 102 70 4223 89 7373 57 1615 47 6036 87 3574 6 9010 12 8194 15 928 29 9006 65 9043 69
3803 5 2433 28 7044 69 5349 48 3592 45 6613 45
3804 3 3662 13 1827 10 4428 33
3805 2 482 18 8536 24
3806 2 1182 77 4755 52
3807 4 960 54 4356 78 448 72 9839 66
3808 6 308 15 7253 97 5488 4 3181 55 6871 46 5291 49
3809 6 2733 31 4754 37 5092 10 603 68 8881 40 7709 74
3810 5 2736 82 6628 82 6096 75 5583 84 454 90
3811 2 1132 17 1354 71
3812 7 3586 19 6363 1 6801 86 6719 36 7991 63 2552 18 8875 4
3813 7 3529 37 9640 22 7887 60 3377 63 5307 53 7253 23 1940 10
3814 4 3192 1 2804 65 5354 57 1344 72
3815 4 311 27 8548 1 2202 25 1860 59
3816 4 3408 62 4570 43 9383 11 4092 29
3817 6 2897 16 6171 46 5246 44 6868 1 1577 10 28 89
3818 5 2205 89 7689 47 4950 66 7160 1 9806 38
3819 2 331 79 4498 40
3820 3 2326 26 9449 49 2056 42
3821 7 3504 66 6778 13 7518 62 8585 12 2894 43 4063 40 6786 74
3822 4 2553 91 6247 72 9503 24 8825 73
3823 7 2028 20 5042 92 6411 6 7435 42 8280 10 556 52 7597 68
3824 7 2036 48 5688 7 4998 80 2137 33 2684 50 1070 55 2202 3
3825 6 1712 17 5023 45 5344 58 695 100 7814 45 8019 74
3826 4 844 49 2134 99 1961 36 9495 5
3827 7 3182 48 5524 90 7164 22 8608 83 2441 6 3255 20 6204 22
3828 4 1931 62 4372 40 2127 16 533 48
3829 4 1214 80 260 51 4404 63 7840 85
3830 3 2228 79 2889 58 5660 74
3831 6 1417 98 5291 23 9797 44 4618 76 8931 68 3941 26
3832 5 3193 9 3985 65 4717 90 8361 81 1109 38
3833 5 3401 86 9177 1 2937 30 5239 94 8425 32
3834 3 3208 38 6609 28 8602 62
3835 5 3560 40 5187 29 4332 63 1434 88 4549 18
3836 6 2729 64 8304 48 9224 99 4536 67 6476 72 8344 27
3837 5 2520 25 5722 15 4687 65 329 15 3729 65
3838 8 570 56 7805 36 5168 1 4279 8 1266 59 4602 52 6191 97 6012 40
3839 6 2986 94 9248 26 9484 44 5051 87 5285 64 1550 40
3840 4 2105 4 5265 87 5928 95 221 41
3841 6 2697 72 4810 47 4937 39 6535 22 8131 43 6407 34
3842 6 591 29 9289 10 3669 50 7222 13 2528 98 2752 37
3843 2 725 5 4148 68
3844 3 1487 31 9547 42 2545 20
3845 6 218 94 1942 71 8304 88 6248 12 1602 65 1 2
3846 3 3028 13 1806 30 99 63
3847 5 2233 93 5749 3 3386 17 4431 50 1310 1
3848 3 748 89 4588 75 702 12
3849 5 1580 60 2166 16 7512 39 7978 18 2324 19
3850 5 3032 3 3868 16 8573 6 8336 77 6836 41
3851 5 618 59 8721 29 1619 7 1842 65 6687 100
3852 4 1504 57 4848 78 4600 90 7184 27
3853 5 1978 75 8904 44 8683 44 9776 98 7144 61
3854 7 1188 88 4513 82 5386 65 6487 90 8906 41 515 37 6859 41
3855 3 2955 79 5279 19 2421 37
3856 8 3084 57 9552 93 121 59 3315 91 7940 66 8690 65 3537 73 9657 40
3857 9 2276 84 8850 5 8420 39 9255 71 961 67 4623 31 6397 26 6468 95 9850 97
3858 7 843 26 9818 100 4221 7 8043 60 295 80 9401 68 8469 44
3859 3 254 11 6000 49 7521 8
3860 6 1194 94 4027 99 9034 89 6561 48 2870 6 36 92
3861 7 2729 62 4476 84 5593 69 3066 87 350 54 345 58 3530 63
3862 5 2539 81 6830 38 6354 60 3716 19 2879 93
3863 6 229 47 7307 9 7335 71 6937 72 4130 53 2752 13
3864 4 1520 97 6225 6 6482 74 3308 13
3865 6 1800 11 8242 55 4713 95 6193 89 5977 33 7638 55
3866 6 2052 66 1293 80 1060 76 477 37 4233 31 2416 15
3867 4 1379 3 7036 38 6352 16 7514 24
3868 4 3850 16 4009 34 9506 39 8261 6
3869 8 3576 3 5828 43 6804 44 9840 68 1629 55 7552 49 5438 72 7324 55
3870 4 2452 99 9344 84 1423 30 7044 42
3871 9 1706 8 4073 69 8975 97 2517 87 5196 25 457 90 2153 93 4395 92 126 16
3872 5 2291 26 7578 70 2938 15 4576 75 1958 37
3873 5 3651 80 7816 17 1552 80 5474 30 8341 30
3874 6 3293 4 9198 79 3431 81 2381 64 8505 72 8922 12
3875 3 1279 51 2284 57 1272 16
3876 5 2876 7 7533 30 8314 77 9581 26 2246 24
3877 3 614 44 8811 70 2189 80
3878 5 1454 97 6433 25 6636 95 5385 64 5919 74
3879 6 831 17 6154 78 2344 74 6617 98 1101 42 1682 66
3880 7 638 77 4242 10 4479 29 4767 18 6603 21 8469 13 980 73
3881 11 2294 55 9269 85 9894 19 7613 75 9515 79 1364 27 2388 51 3495 78 1314 89 9817 48 1272 56
3882 6 140 78 4710 90 8858 40 3216 16 1140 43 3730 17
3883 7 2621 33 5644 37 9792 50 189 85 6719 53 9703 60 2610 60
3884 7 2283 2 3886 33 6709 48 9285 66 5006 16 3195 92 3717 74
3885 5 2734 42 4311 13 6660 76 881 27 6553 100
3886 4 3884 33 4966 72 8508 77 6418 27
3887 4 762 69 4599 31 9244 16 1121 43
3888 5 217 11 5999 7 2999 91 9156 85 3670 58
3889 6 3671 29 5254 22 6292 4 7214 41 1303 89 124 6
3890 2 2042 95 1128 70
3891 9 29 29 6736 26 9509 69 2596 98 919 50 6040 87 7263 77 4369 39 4135 20
3892 6 1266 70 4663 37 5235 23 3329 87 8980 84 8203 83
3893 5 2343 41 4800 74 3720 88 7576 92 1047 6
3894 6 2417 72 7973 28 355 9 8450 33 9112 88 7945 4
3895 2 633 54 6956 17
3896 6 1533 57 8350 66 7696 38 6796 10 5650 76 7842 90
3897 3 478 79 7496 72 4892 72
3898 4 1063 18 7375 42 5639 10 1628 36
3899 2 1191 68 8741 96
3900 8 1915 57 6256 98 3961 49 1199 76 5530 79 7045 69 9730 15 5463 23
3901 3 3748 91 3276 65 2819 92
3902 4 1350 2 3324 79 1394 15 6179 12
3903 7 721 37 5210 68 7349 25 8948 34 9934 67 6807 9 6074 12
3904 5 1187 64 4274 18 5228 8 1763 46 4035 90
3905 6 2263 6 2232 1 2068 34 4344 61 9018 87 1655 5
3906 8 978 100 3706 59 323 15 7087 78 4471 74 3654 8 7039 68 2729 90
3907 4 3541 8 7050 43 8774 36 4891 4
3908 3 3463 67 5671 45 9287 20
3909 5 468 57 5543 15 6331 86 7155 93 9150 63
3910 5 1963 82 3346 75 5745 85 4176 6 8912 61
3911 3 3199 31 5325 47 3348 33
3912 8 2581 45 8399 28 8893 35 1686 8 9071 52 3018 46 7041 10 9188 100
3913 5 1337 47 2270 27 534 80 2436 66 1075 77
3914 7 2030 36 1270 81 4333 62 7773 39 5545 75 6975 34 5985 73
3915 2 289 49 1269 57
3916 4 2311 74 9253 19 8892 15 969 32
3917 7 2469 63 6210 90 8892 62 1715 87 8538 58 9958 64 255 77
3918 7 1983 83 1048 34 9254 75 1574 22 8978 81 913 72 9698 74
3919 5 235 80 7056 23 3608 34 1168 1 5777 44
3920 6 3467 53 5028 23 5124 44 9082 23 2331 66 9804 68
3921 6 3077 60 5851 80 4611 9 755 60 487 34 176 57
3922 8 799 13 8148 89 2918 21 6431 64 2452 93 9943 95 9312 68 2617 52
3923 6 1606 9 2506 67 6929 81 3107 77 4600 8 2082 29
3924 9 412 66 4020 93 9257 69 9425 54 994 8 6917 58 7997 4 2622 3 761 27
3925 5 2070 7 1952 35 2275 39 4136 78 1273 43
3926 12 1893 2 6729 66 7463 68 7667 16 9232 13 9386 12 5753 27 9515 80 3579 29 7584 44 7963 76 4272 68
3927 4 518 43 4840 46 7472 83 2022 23
3928 4 3014 65 5932 13 6578 44 7747 67
3929 8 2507 28 4066 80 4525 11 7817 26 2721 31 7664 91 9847 90 5944 27
3930 4 1015 11 8654 32 2718 32 680 89
3931 8 32 8 6966 34 936 36 2478 92 2724 39 8102 49 8137 35 4329 37
3932 4 2006 93 7229 38 8853 53 2356 37
3933 2 3739 74 2423 19
3934 3 2494 14 9879 14 5081 1
3935 6 2115 27 4412 11 8099 9 8721 4 7127 72 8095 99
3936 5 1704 58 9802 62 2097 80 9355 90 2951 20
3937 9 2187 82 4228 92 7977 78 7885 96 1675 56 3642 58 2827 10 5227 96 2028 11
3938 4 1557 95 9888 68 2194 90 5110 11
3939 7 1521 43 4006 36 5998 76 8728 28 9979 38 6370 37 2197 86
3940 10 2563 48 4785 81 9511 95 9686 34 2011 64 8980 1 7053 50 9028 78 4577 25 2396 9
3941 6 2153 12 6311 54 5533 93 8893 18 3070 12 3831 26
3942 9 2711 74 137 42 4292 93 211 43 8214 5 4251 7 3739 32 3987 98 3535 81
3943 6 429 47 7113 23 6094 99 884 80 420 49 2398 10
3944 3 3001 57 4155 98 9052 3
3945 4 3627 2 4403 12 5111 6 8979 7
3946 2 3316 87 4458 80
3947 6 1191 68 398 23 4268 65 599 62 5356 89 2394 95
3948 5 3176 39 8256 7 7712 92 3718 35 9071 56
3949 4 545 83 6164 41 4328 59 3189 96
3950 3 3327 4 8600 49 4654 68
3951 6 2951 94 9770 30 1173 94 499 52 319 87 3337 59
3952 7 3027 79 8487 28 8825 4 2680 85 966 64 56 67 2262 35
3953 8 544 37 4087 94 5988 19 8156 48 6768 23 2042 20 7970 14 7745 66
3954 9 12 11 3498 97 1882 22 3591 16 5756 23 2571 43 6562 31 1560 15 2748 66
3955 4 1497 43 6977 92 316 16 4705 84
3956 6 2870 75 7002 32 8924 7 3064 46 483 91 8028 96
3957 4 2020 35 6307 41 7658 11 2890 75
3958 4 1163 5 172 11 3591 94 2268 24
3959 8 314 54 8689 61 8093 33 7677 95 36 39 6846 62 8599 84 2220 40
3960 3 3725 77 4083 42 1778 45
3961 5 2930 16 3900 49 2765 79 5575 2 2548 81
3962 5 946 76 5737 71 2705 82 5717 36 8428 57
3963 4 2074 9 6220 69 1452 3 2672 14
3964 6 3714 14 7061 94 5100 61 1842 52 3125 31 7154 66
3965 6 228 54 5247 86 8229 53 9453 9 2933 36 1883 31
3966 8 3093 62 4303 46 2844 58 9642 26 1522 75 1150 50 7921 8 2476 4
3967 3 2396 52 4689 76 15 50
3968 7 2530 60 9074 40 4657 68 5209 74 2196 13 6878 90 5773 78
3969 5 3110 28 9295 35 3281 20 7315 6 5646 21
3970 4 814 51 9502 17 5113 98 1769 90
3971 5 1386 4 7858 91 1368 18 1139 51 8879 9
3972 7 2645 64 4143 52 7387 77 9748 43 4338 29 9344 63 7608 33
3973 7 717 77 1379 65 218 30 3058 60 6336 16 449 77 776 99
3974 8 2572 67 6941 72 9008 41 8784 15 5383 31 6422 74 1456 91 8533 100
3975 5 2318 33 6192 81 2450 66 5315 67 8848 54
3976 7 475 97 7632 93 33 44 5417 83 9594 5 9268 30 1149 18
3977 5 1548 31 3984 48 6169 10 6829 17 3155 41
3978 5 2512 86 9610 67 4699 42 5841 23 5562 24
3979 4 1917 36 5214 8 7698 44 2608 47
3980 6 1043 75 2110 98 8806 59 4371 38 4432 97 3218 5
3981 4 2260 96 6337 40 4023 64 1949 39
3982 6 2649 90 8622 3 956 51 7346 31 2582 51 4688 14
3983 7 1043 2 5516 47 4486 21 6148 72 6796 81 9348 32 5524 60
3984 5 2384 33 7616 74 3977 48 4179 56 4506 79
3985 5 3773 68 4249 12 8179 48 3832 65 754 54
3986 6 233 45 134 64 438 23 3171 8 8525 74 1123 50
3987 6 2147 7 5283 83 9771 10 5080 24 3942 98 3001 19
3988 5 1490 76 6664 1 5615 50 9890 97 3670 55
3989 7 2016 82 5005 45 7396 23 7506 7 1023 22 225 41 2412 54
3990 9 1401 64 7244 89 8972 64 7301 76 2245 37 9218 40 2475 70 8259 82 2222 56
3991 3 2540 44 7346 49 2333 43
3992 4 1050 37 6100 46 7286 39 3567 22
3993 3 921 46 1604 77 696 68
3994 5 2527 61 8827 65 952 8 4449 77 9960 82
3995 6 2743 77 9390 88 9171 91 2483 45 6192 54 9257 67
3996 6 2431 91 7563 44 7604 39 9864 45 3323 27 9116 56
3997 8 225 21 8561 15 414 18 6687 42 353 89 7988 97 9212 75 6962 73
3998 3 731 94 5045 69 5799 42
3999 4 2218 63 6619 53 9608 97 3106 68
4000 4 402 42 3695 79 351 23 5483 91
4001 7 3512 45 7973 14 9248 64 6851 41 1552 78 8111 31 4222 75
4002 6 2805 47 9909 14 2233 48 9760 86 9873 88 2089 6
4003 4 541 92 7071 16 4007 40 5925 80
4004 7 3403 53 3170 19 8066 1 1474 79 1831 69 1183 29 6141 22
4005 7 1489 33 9478 82 1802 93 1912 89 7376 32 9286 42 1880 27
4006 2 3939 36 244 41
4007 6 2487 2 6949 97 3384 42 4003 40 7944 87 7659 27
4008 6 626 66 5316 32 6004 58 7819 63 8241 33 4257 96
4009 9 3868 34 4520 9 4790 90 3026 10 7967 63 1345 81 3663 81 4961 42 8564 33
4010 4 772 73 8264 67 1330 21 6724 23
4011 7 2269 51 4417 67 9149 71 7233 39 4877 81 3464 71 8192 4
4012 9 3187 49 4312 16 4536 43 4502 90 2707 57 7575 80 1548 84 7074 61 989 36
4013 7 3026 48 1790 77 5835 44 7901 65 2243 60 841 52 9583 32
4014 4 1616 77 1506 11 5862 7 1691 89
4015 7 1613 48 4815 93 7838 61 6549 69 2966 66 3553 49 4961 37
4016 3 2738 48 2358 10 1552 62
4017 4 1596 82 9683 42 9705 13 3428 8
4018 5 3460 83 1716 69 6145 63 1776 1 3332 50
4019 5 291 58 6062 65 6120 25 8626 74 2680 77
4020 7 3924 93 5340 94 6046 70 1388 95 1258 27 1719 70 9056 83
4021 6 2992 22 1879 61 7164 3 9408 67 8102 11 65 62
4022 4 3620 16 6060 14 908 69 3276 27
4023 6 3570 84 5535 78 6956 49 7351 30 3981 64 2207 58
4024 4 2427 2 4244 40 8592 4 6269 76
4025 2 1559 75 7480 40
4026 4 3553 98 4540 71 4255 62 4538 19
4027 7 3860 99 4317 74 4599 78 8273 81 6947 56 4210 12 256 37
4028 11 310 48 5145 77 1668 66 8503 60 5729 27 780 30 7365 25 1242 23 2093 51 8976 35 3328 7
4029 6 2287 42 8641 5 9494 79 4928 64 8138 49 5806 98
4030 6 2869 74 6548 72 7321 96 4636 85 1199 81 2637 64
4031 4 2454 61 329 80 1291 40 8684 60
4032 7 2615 25 6457 22 618 81 3316 4 4869 92 1069 89 5240 81
4033 6 2354 84 9358 9 6540 78 4820 61 461 98 1254 67
4034 6 2626 8 4708 60 3357 83 5175 6 6936 42 5626 98
4035 10 3602 25 6754 76 3066 45 921 85 3166 98 2451 86 8936 6 350 77 3904 90 9080 68
4036 6 1799 35 4672 57 8163 60 967 87 5727 69 237 77
4037 6 148 46 25 28 4187 45 1030 25 1741 31 699 3
4038 9 1407 74 4408 42 4485 63 4490 67 7441 96 4050 38 5175 59 2755 67 7018 4
4039 2 1269 53 6735 94
4040 6 3662 78 6553 34 3568 6 545 75 5634 25 2034 76
4041 5 2971 56 6945 18 9662 21 398 37 9826 86
4042 5 2258 40 2936 24 1802 37 8874 82 6504 92
4043 3 47 57 5411 55 3119 61
4044 7 3232 74 4511 84 7601 27 8639 3 8114 27 7803 14 2436 69
4045 8 1325 35 4121 53 5107 8 6041 26 8989 41 3667 67 2376 48 5461 52
4046 3 2638 19 4118 12 3255 75
4047 3 3338 61 3378 84 959 26
4048 2 153 99 8933 53
4049 1 3020 54
4050 4 1651 77 5630 64 4038 38 1037 30
4051 11 1586 38 4732 87 7795 73 2851 7 2460 72 817 45 4276 95 6167 25 588 86 8231 84 386 99
4052 2 1482 71 5606 95
4053 3 2375 13 6056 47 4325 62
4054 4 2021 75 5294 20 9673 83 5969 75
4055 6 2901 66 1818 8 4390 11 8781 56 4836 84 6453 53
4056 6 2 79 5129 9 7690 95 9961 60 1074 19 3329 3
4057 6 954 73 1252 27 1217 95 1345 39 9971 72 7467 35
4058 2 900 4 6712 22
4059 6 3757 80 7389 69 8644 32 3694 16 9725 66 6959 91
4060 9 3162 58 5037 25 5418 91 5449 5 751 61 6728 82 5059 21 800 41 1942 9
4061 10 899 38 5038 33 5574 5 8572 50 7527 5 2938 89 2141 93 6497 54 2533 65 7745 2
4062 4 54 47 1349 91 2053 54 4335 7
4063 5 2302 33 5400 57 2229 79 7047 59 3821 40
4064 7 1745 44 363 37 3127 92 5059 23 4607 53 4679 64 452 31
4065 4 1382 45 5561 6 4561 40 8044 51
4066 6 3929 80 4329 26 5773 31 2377 74 3144 28 8952 72
4067 3 1391 1 4155 92 6298 56
4068 6 220 40 4909 43 5088 17 8381 36 3682 99 8810 82
4069 5 2160 66 367 42 6334 100 3085 44 4917 66
4070 6 3070 56 4412 86 8845 42 9035 95 1047 71 1709 93
4071 4 1876 66 8442 42 1392 86 430 90
4072 6 207 68 7400 57 5100 22 5907 71 490 98 4133 77
4073 7 3553 95 6415 77 3871 69 6669 39 2132 47 1849 54 7885 5
4074 3 458 92 4182 86 9360 16
4075 6 1033 84 5291 93 1081 8 9696 73 9727 40 2523 76
4076 5 3451 47 6493 72 8105 58 765 56 8181 81
4077 6 3590 67 7022 65 9544 25 217 84 2326 93 8947 27
4078 9 138 22 5386 40 4455 60 5115 86 9586 82 1733 6 9687 90 9366 75 8513 76
4079 6 2825 84 4123 83 7894 71 9736 16 2339 75 7526 29
4080 4 2230 50 5984 71 9312 50 1485 85
4081 4 658 45 5643 1 2 49 3174 84
4082 4 567 100 7713 77 1836 62 3222 23
4083 2 3960 42 6577 64
4084 1 230 68
4085 5 3175 62 9212 98 5524 88 6246 30 2963 77
4086 7 3613 11 6669 62 3163 64 7127 71 7547 46 2367 37 7066 26
4087 8 3953 94 7987 65 1254 21 5646 91 2704 27 6802 64 1563 61 3514 6
4088 6 1982 60 9633 8 9845 38 5025 79 501 52 6441 56
4089 3 343 98 8310 69 9700 19
4090 4 3386 10 9701 78 1365 50 6410 73
4091 5 3219 6 5476 51 6800 44 537 27 7220 26
4092 6 799 7 8814 43 3816 29 3079 7 9637 82 1802 32
4093 7 3395 79 9328 77 5275 57 1673 30 9855 39 5523 27 5373 73
4094 9 18 44 5190 16 6362 24 5975 51 3393 36 2230 43 3648 72 6621 58 2940 99
4095 5 1220 46 9798 14 6602 67 2122 27 1673 58
4096 6 1760 87 7287 88 6496 40 7823 52 7991 25 8786 98
4097 7 691 49 5897 8 9107 3 8020 53 2946 49 5596 88 6552 74
4098 8 436 57 9557 37 1712 52 7050 3 4414 53 1282 72 6376 57 3722 86
4099 2 2878 7 3221 24
4100 2 687 58 1963 43
4101 6 2853 92 3120 39 9871 22 7570 77 5226 48 1531 8
4102 8 3428 41 8202 77 4456 96 8836 12 9398 12 609 24 2242 17 5772 12
4103 6 51 42 7175 84 8209 17 9842 85 1863 56 8956 81
4104 6 3614 85 1761 76 5238 85 6367 20 1281 50 3345 92
4105 5 2006 97 5261 36 6160 94 9405 94 3406 7
4106 4 575 88 6645 96 9767 33 4162 34
4107 8 2500 78 5139 41 7607 98 7962 75 5670 69 7080 68 5511 57 4577 100
4108 5 1318 17 9 56 5053 89 3410 55 1255 15
4109 4 406 6 7020 81 7595 45 1257 36
4110 9 2026 41 6701 79 1177 95 354 70 6412 96 1093 94 1321 73 8163 45 6190 66
4111 3 3151 77 3699 57 8061 5
4112 4 1208 45 7482 27 7914 86 5321 11
4113 6 2767 61 5052 28 5135 27 938 24 41 84 9754 32
4114 7 1033 35 9304 35 6743 17 7739 57 5052 45 5621 60 8892 5
4115 4 764 7 7134 74 4961 66 6197 2
4116 8 2003 98 9898 49 129 25 1568 15 323 69 7004 51 2753 49 1355 90
4117 6 3554 93 4515 17 4828 56 9363 27 2741 31 8978 23
4118 5 3348 7 4046 12 4703 33 7123 23 7301 95
4119 7 2329 61 5482 63 3376 12 4132 99 1043 83 8254 1 2768 99
4120 6 383 54 6007 41 4818 19 1745 48 7790 85 7386 17
4121 5 4045 53 8366 49 7295 82 8598 96 4466 80
4122 11 156 96 4288 8 2585 100 521 27 9748 71 8388 75 8547 26 8025 94 1711 35 2354 49 328 11
4123 5 4079 83 3372 69 9381 24 1907 46 1397 40
4124 5 3701 5 4989 97 2092 12 9843 8 6865 82
4125 7 3651 19 5173 78 6925 70 5864 65 4283 45 2160 30 3369 88
4126 4 1561 77 5207 32 943 81 8483 21
4127 8 2910 23 2317 17 8988 44 5093 22 5556 58 6394 70 4319 17 1680 47
4128 3 2628 59 9984 52 3768 94
4129 4 644 94 9342 83 7807 33 9826 86
4130 4 1050 50 3863 53 3380 20 1803 97
4131 6 1602 40 7909 29 1159 14 3579 76 1164 40 6620 80
4132 9 1070 56 5097 43 5209 33 4119 99 2256 31 9887 62 497 90 3386 52 1185 14
4133 6 465 41 5871 47 7859 94 9790 96 9909 89 4072 77
4134 4 1428 72 8802 51 3025 87 6359 84
4135 9 3476 59 7184 31 7814 71 8834 21 6407 67 104 93 8983 1 1691 58 3891 20
4136 4 1105 94 2496 23 3925 78 8886 50
4137 8 2961 62 7982 30 8095 37 910 1 1724 92 3771 37 5554 22 6986 59
4138 7 3427 100 4422 55 4264 4 1244 4 4196 44 4140 40 9226 83
4139 6 1966 34 2744 55 7271 27 748 54 374 65 2077 14
4140 3 3439 15 7602 25 4138 40
4141 3 2500 63 9686 99 3777 97
4142 6 2886 80 6788 22 7084 21 2138 45 1509 2 5300 64
4143 6 3972 52 7868 28 2176 62 7214 91 3627 94 5444 55
4144 4 1055 81 1684 26 4517 75 4547 46
4145 11 1961 32 5189 11 9183 8 8889 93 7359 15 374 87 8723 31 7252 59 1278 7 4319 88 1027 21
4146 4 213 19 6760 62 5857 38 9013 38
4147 4 1934 94 8863 56 4435 13 7996 74
4148 3 805 84 9505 5 3843 68
4149 9 2319 15 5752 75 6920 89 6682 51 9324 89 1423 70 294 100 8104 34 9151 72
4150 6 464 63 8289 80 8053 99 8973 55 83 49 1301 32
4151 2 1456 38 2615 38
4152 6 3541 83 9765 97 9616 10 9310 22 7912 35 1197 16
4153 9 239 63 7295 57 7417 2 7654 59 9966 4 6995 93 2462 55 5722 14 3053 26
4154 6 651 30 7645 5 9093 12 487 33 9904 31 9520 21
4155 9 3944 98 4326 26 3253 3 4067 92 8663 32 9126 31 1279 70 6861 74 6633 1
4156 6 1297 40 5623 77 9356 14 8711 37 4780 31 6784 26
4157 5 456 93 5178 50 9170 57 7714 89 7522 84
4158 7 3764 10 2642 51 1398 29 4313 5 7786 58 6635 4 4195 78
4159 6 2902 61 7098 96 4718 21 1940 24 8738 47 6866 60
4160 10 798 47 4991 91 949 61 5805 24 1068 52 1262 59 8948 62 984 25 9549 68 6748 95
4161 6 2233 34 4834 60 2483 85 1714 8 7035 1 584 11
4162 7 2901 88 4498 95 482 84 579 73 2648 78 6760 21 4106 34
4163 11 3113 19 7562 85 7778 30 4580 25 9632 39 8995 30 7381 7 2540 45 8188 81 6039 46 1807 62
4164 6 3711 50 7731 5 5412 59 4426 74 5737 47 3029 15
4165 5 1845 76 4337 12 8518 75 6545 95 1789 26
4166 12 380 74 6193 28 6914 28 2287 5 2350 13 2651 80 7025 58 451 52 8198 73 8302 77 6823 47 878 35
4167 5 3431 51 6927 40 4360 13 3049 79 266 13
4168 9 1418 80 5980 45 8530 92 8955 47 863 31 6094 82 9555 36 6414 39 1138 100
4169 5 2876 100 96 81 4679 86 7338 61 9355 59
4170 5 2157 53 4756 25 9108 40 1363 23 1673 70
4171 7 1605 100 5105 55 1538 58 4216 10 2444 75 7288 92 8942 75
4172 5 3502 22 5685 17 5758 7 2910 37 7835 1
4173 3 400 34 8369 64 5670 12
4174 4 2201 28 6111 15 590 12 8401 64
4175 4 691 2 8116 89 7584 99 651 67
4176 5 1883 37 7164 83 2184 18 148 51 3910 6
4177 6 2559 65 5833 2 6728 69 9186 66 2566 17 8627 30
4178 5 2599 38 6618 20 2020 37 9599 26 2536 21
4179 8 414 80 5309 17 3984 56 5957 75 9614 36 8366 26 2472 60 3072 41
4180 5 2941 39 6448 76 7356 58 7656 41 9363 36
4181 2 1859 51 7656 89
4182 3 1995 64 5461 89 4074 86
4183 4 1112 81 6913 98 2050 92 1695 46
4184 7 2705 25 5146 75 6617 65 7527 59 9248 41 2430 23 4727 40
4185 8 1671 30 5960 90 6815 13 8852 72 7966 58 472 64 4314 14 9449 51
4186 3 1203 61 5244 68 5565 33
4187 6 490 56 5945 82 7894 50 9727 14 4203 12 4037 45
4188 9 230 50 5248 88 29 54 4248 39 7714 5 8107 40 4218 21 6681 15 6170 5
4189 4 269 90 4367 9 8087 18 2601 59
4190 4 1379 56 4350 55 8964 65 4276 83
4191 6 650 82 8058 37 5278 9 9666 34 9870 91 2140 65
4192 7 3373 19 2680 99 8676 64 676 23 9945 94 8180 34 6485 73
4193 7 1739 68 8085 89 9389 36 8588 74 6643 1 6351 7 7740 39
4194 5 2887 81 2630 65 7955 8 7771 82 5790 49
4195 7 1413 7 5132 35 5687 29 295 100 687 30 2322 6 4158 78
4196 4 2509 13 1811 76 5493 7 4138 44
4197 4 1609 81 161 58 1750 73 878 83
4198 7 3399 25 4440 42 550 2 8797 75 2554 17 9327 10 2848 13
4199 9 3453 98 6911 10 839 39 3389 12 7497 23 177 26 1872 22 505 90 6339 91
4200 5 145 74 6630 29 8434 76 942 30 1402 77
4201 6 2116 77 5000 68 6272 84 7268 64 3047 21 6944 7
4202 4 2311 86 4872 16 9738 58 919 96
4203 8 1825 5 4187 12 4424 91 9650 88 8092 48 9646 2 5049 17 9157 77
4204 5 85 100 8687 52 7313 27 4256 45 9554 25
4205 7 787 32 8466 52 5366 45 7048 78 8880 9 618 56 2816 50
4206 3 2598 55 4953 16 3581 90
4207 8 1276 69 6055 57 9723 43 4920 44 421 41 2974 49 6862 37 7505 99
4208 4 557 41 7888 97 4392 54 1162 60
4209 3 1559 88 1484 94 4308 22
4210 5 2634 62 4027 12 2931 42 6719 32 8394 94
4211 6 2034 20 6843 54 7315 90 1279 37 5985 38 611 89
4212 3 1710 53 9014 6 7174 73
4213 8 1118 9 6128 27 9656 73 5556 77 1911 83 128 23 7072 88 8705 47
4214 6 3542 45 7569 95 7969 99 4229 79 5928 29 765 90
4215 4 540 98 1925 72 3513 20 8118 65
4216 8 2826 35 4231 98 6886 95 9557 80 3165 72 4171 10 7175 77 7422 77
4217 5 1840 44 5287 76 9830 25 6599 62 6159 71
4218 11 3474 52 5361 82 6996 3 7094 65 8354 96 7460 100 546 36 4188 21 2332 50 8217 39 8316 11
4219 4 3086 43 6005 73 3204 5 1172 15
4220 10 2844 93 5141 60 5539 71 1592 72 88 63 7636 99 1042 32 1484 2 15 83 9376 100
4221 4 1456 45 5919 23 3858 7 9461 62
4222 7 2204 46 6306 70 5487 27 8927 27 1758 1 9928 68 4001 75
4223 7 3802 89 9126 55 6083 100 1389 63 1511 93 998 59 7243 19
4224 6 3761 31 4609 74 8727 43 764 70 8667 44 4910 41
4225 8 3642 81 2108 38 8958 93 7954 91 827 26 4780 59 6756 35 2576 19
4226 2 1741 23 6726 10
4227 8 1333 27 6554 43 852 21 82 8 7761 74 792 92 292 1 8324 28
4228 4 3937 92 4386 25 1761 44 9581 20
4229 6 1112 88 7299 86 1053 72 427 96 4214 79 194 62
4230 5 2000 80 4564 34 3760 20 8744 74 913 92
4231 6 4216 98 6539 19 3322 83 1245 72 2332 53 1407 22
4232 4 1564 29 3011 40 8236 34 560 30
4233 7 2435 40 7205 82 6584 89 2326 33 3866 31 9104 53 4974 65
4234 3 163 55 8737 5 989 5
4235 7 2228 27 8285 29 8728 46 7117 49 4754 42 2698 20 5041 67
4236 5 2574 31 5693 83 7136 98 3681 27 2517 74
4237 9 2048 16 4544 68 5248 64 2095 23 1191 42 2367 16 3250 51 373 84 261 8
4238 6 3015 51 6986 70 3708 48 9773 27 2408 78 9660 2
4239 10 659 51 4884 55 4999 49 3402 31 9749 61 797 6 1455 52 2022 3 8608 48 2375 46
4240 4 3651 37 5698 86 8713 47 2408 70
4241 7 3729 10 6557 47 7771 97 8119 17 2094 1 1663 33 7468 27
4242 9 3880 10 4717 78 6773 9 7673 81 6579 97 7441 75 1442 74 7878 78 7513 84
4243 11 201 59 7944 68 6726 92 6070 98 2708 82 2090 79 4439 51 8035 97 5743 31 1402 62 50 94
4244 9 4024 40 4370 49 7059 42 2529 74 8823 28 9569 47 1078 75 9954 76 4848 91
4245 8 2263 77 5570 61 3024 87 8837 58 1168 85 6430 13 7618 76 5082 95
4246 5 2974 54 6146 72 524 14 8651 64 9321 6
4247 6 159 78 6798 50 9686 78 3410 50 5322 4 5918 20
4248 7 200 58 6017 80 6271 43 6789 99 2501 46 6751 36 4188 39
4249 4 3985 12 4323 6 9661 50 2670 41
4250 7 187 87 5250 58 2363 61 637 61 7342 78 9613 43 591 15
4251 9 1067 33 5878 89 6353 43 458 46 5941 89 8010 65 3942 7 7326 71 7318 77
4252 2 2099 72 5697 65
4253 5 3137 77 6167 84 9165 51 2753 78 2500 55
4254 8 145 92 1117 24 6036 18 8268 24 1368 98 6922 97 2471 67 7175 95
4255 10 3623 98 5834 2 5164 10 4925 55 3021 22 4026 62 5252 29 609 79 5348 77 8218 20
4256 4 811 88 4739 52 8749 93 4204 45
4257 9 296 76 9142 22 9479 92 2077 5 4508 27 4008 96 7643 57 9367 99 1501 4
4258 6 1882 62 7728 7 9388 9 5864 41 5879 10 8015 29
4259 5 1039 40 5086 39 7629 48 2217 76 7072 53
4260 7 1286 59 9220 73 8646 87 1245 5 2714 28 7350 21 6496 21
4261 5 656 13 7262 8 4781 91 3287 92 4435 12
4262 3 2071 19 1304 32 2739 92
4263 7 2864 1 8258 84 130 40 608 41 8460 49 5044 35 2968 55
4264 8 1141 75 4889 80 4138 4 8316 8 5221 41 4668 78 7963 28 442 63
4265 2 2135 85 5323 40
4266 7 1533 36 9012 42 7291 47 6645 12 8697 5 8808 97 3592 28
4267 5 1975 96 4921 86 5626 68 6873 36 7565 56
4268 7 1172 14 4690 45 3203 26 7318 30 3947 65 8652 57 834 21
4269 7 1751 98 5736 92 6509 63 8629 96 1263 60 7220 16 8817 35
4270 4 3346 20 517 82 7163 32 7106 21
4271 8 3775 24 4276 23 6090 71 6374 97 6147 10 1437 88 1351 20 9240 66
4272 5 3408 58 8780 18 7335 80 8123 40 3926 68
4273 3 1467 90 1247 49 676 81
4274 6 3904 18 1085 15 9449 16 2431 72 8266 63 1407 17
4275 4 1864 19 7651 76 2954 75 1103 18
4276 7 4271 23 1334 17 2560 76 4051 95 9203 48 873 58 4190 83
4277 8 3266 68 5702 93 6068 68 8699 40 6501 18 5939 73 3352 41 3580 98
4278 6 393 27 433 26 4320 8 4795 16 1912 24 2119 9
4279 4 1900 28 4342 82 3838 8 3108 24
4280 5 1627 49 2696 63 303 64 4338 80 2737 90
4281 3 286 55 9896 56 8208 5
4282 3 63 62 7705 23 4897 39
4283 6 406 77 4125 45 2964 65 507 67 4818 4 7881 68
4284 4 756 79 6328 78 4410 15 6985 100
4285 4 2806 25 6355 61 8538 59 9110 46
4286 7 326 90 5957 69 8811 17 9368 73 657 100 349 36 4488 28
4287 5 713 13 5718 79 4691 39 9041 99 4619 98
4288 5 4122 8 4843 69 8541 11 8995 8 1305 57
4289 4 2108 68 9984 32 4362 33 2310 20
4290 6 3130 20 156 47 3722 94 6539 43 8629 71 5733 33
4291 4 1541 100 4586 92 5551 71 1947 92
4292 5 867 30 5362 1 4409 45 7846 63 3942 93
4293 2 2948 89 407 58
4294 4 3460 30 4434 59 8529 2 5250 45
4295 5 1278 70 8454 87 969 35 6533 84 2799 21
4296 4 651 62 9883 24 6544 9 6231 14
4297 1 153 93
4298 3 1987 85 3754 44 806 67
4299 9 3224 60 9143 21 9639 73 1973 13 717 22 2821 39 7416 56 8930 29 6028 9
4300 9 3107 30 1556 7 6015 46 3592 83 5957 82 983 89 199 95 7757 11 7820 37
4301 7 922 74 7988 72 2150 76 999 89 6968 34 6820 14 9191 2
4302 7 1779 84 8419 35 6042 91 4548 97 7941 18 4432 45 791 31
4303 6 3966 46 5176 6 8089 22 771 27 2821 43 520 21
4304 9 737 79 6173 25 7250 34 9363 23 2626 56 8861 87 1833 45 6318 21 2926 29
4305 4 1756 4 3408 38 4537 25 2435 54
4306 6 327 39 7869 16 9349 78 4864 62 970 13 2213 96
4307 6 2034 78 6128 3 5180 71 8261 55 4625 89 3471 87
4308 5 3039 83 7544 82 4209 22 2846 68 3064 68
4309 7 94 1 5821 14 7483 54 1247 69 5467 79 4881 83 6244 55
4310 7 3106 81 7509 39 6777 73 8313 42 17 24 5010 24 5273 18
4311 3 3557 36 3885 13 7841 66
4312 5 4012 16 6621 88 3639 12 9282 74 2134 88
4313 4 1296 43 4857 4 4158 5 2629 97
4314 7 1114 62 8549 65 5300 82 1527 10 2665 30 3434 84 4185 14
4315 10 2142 16 6620 11 8670 8 5545 93 9775 15 2042 6 7937 16 8376 95 7106 10 7993 82
4316 4 1462 19 632 82 1972 58 4641 3
4317 8 4027 74 5782 55 8371 17 9372 74 8337 4 1836 18 5693 5 5709 33
4318 5 3323 21 7612 57 1699 24 8440 61 6370 67
4319 5 623 55 4449 70 6128 77 4127 17 4145 88
4320 5 158 29 8884 67 6128 77 29 92 4278 8
4321 6 3178 28 5982 22 8198 70 9745 72 9347 17 5435 48
4322 5 2416 79 5545 64 8107 48 4905 100 730 46
4323 7 4249 6 8364 41 1604 77 244 50 9799 25 2188 64 1009 58
4324 6 1515 74 2113 6 1816 55 8353 4 6246 55 8459 47
4325 8 743 99 5949 87 5038 88 5875 43 3215 21 8721 83 4053 62 4805 61
4326 5 4155 26 8844 90 9073 55 6919 29 5052 61
4327 5 1371 53 2855 97 9839 29 9195 93 3678 100
4328 7 2838 57 8476 9 9006 70 9593 100 3949 59 8862 47 2961 60
4329 10 4066 26 4778 61 8029 1 3257 29 640 14 5054 38 8311 54 9338 47 2943 83 3931 37
4330 5 751 43 9920 98 4541 72 5795 94 9276 94
4331 3 1305 77 3050 82 6118 42
4332 7 419 41 5537 60 3835 63 813 53 3098 30 614 16 3469 30
4333 11 205 57 4870 31 6980 88 794 52 990 43 2711 86 1871 57 1199 21 3914 62 3675 23 142 85
4334 7 1018 49 732 17 8289 11 788 56 797 75 8252 9 8623 1
4335 5 2022 63 8338 75 8881 30 8253 91 4062 7
4336 10 568 64 5517 8 6148 9 7026 30 6564 28 7018 16 3755 21 691 68 1744 16 429 55
4337 5 4165 12 9422 17 9504 23 1213 19 3548 98
4338 13 1265 76 7263 2 8077 64 1216 64 3972 29 2048 44 5920 76 9751 79 8007 59 5535 2 3665 59 4280 80 2221 75
4339 5 607 27 7440 35 5383 54 3 44 5087 59
4340 6 305 43 8885 55 7300 38 7359 25 5313 36 6536 75
4341 7 2327 52 9484 1 8186 67 6606 30 4589 45 2582 51 7282 4
4342 2 4279 82 7823 78
4343 4 2144 10 4903 52 3532 33 1064 25
4344 6 2178 51 7384 4 58 2 3905 61 8208 6 2856 28
4345 6 835 2 8655 41 8834 15 2102 61 175 90 8401 45
4346 2 1120 49 1767 36
4347 6 1249 68 4688 21 4762 2 1010 69 1044 51 2598 68
4348 10 1765 46 2645 31 2195 11 989 82 829 60 466 82 4614 59 5832 46 8931 88 457 90
4349 4 1426 62 2144 49 9517 34 8754 94
4350 5 1851 48 4432 78 4190 55 8572 29 1897 26
4351 7 1449 23 5224 85 9792 4 9500 60 3683 61 2843 96 6353 47
4352 3 1495 39 2937 16 7888 42
4353 6 951 5 6567 50 7003 87 5048 74 5705 43 1760 17
4354 6 118 66 5800 61 966 91 4947 27 8486 33 1321 50
4355 5 614 42 6105 89 7054 35 582 77 580 23
4356 5 3807 78 7431 94 5836 47 9918 29 7144 46
4357 7 1845 7 5428 44 1930 3 770 63 1683 49 5304 66 4797 93
4358 3 288 98 8055 35 2091 12
4359 5 319 83 9048 58 2648 71 8057 12 9058 73
4360 5 3743 77 177 8 298 91 4167 13 4958 70
4361 6 1800 2 6826 8 8293 100 9282 37 4450 68 670 65
4362 8 1988 33 4289 33 263 69 4383 46 1730 72 6704 45 7521 100 5129 13
4363 7 450 65 4508 45 8486 18 3 49 2447 88 9986 77 271 30
4364 5 177 29 7709 66 9215 2 2079 46 9839 79
4365 3 1936 5 4580 19 2537 52
4366 7 2517 34 5646 35 9037 4 2594 42 3212 70 6389 58 6137 9
4367 5 3044 70 9281 32 4189 9 9554 4 315 67
4368 3 451 57 3015 23 6759 1
4369 7 2665 59 5792 67 1876 18 7186 89 6371 67 1562 7 3891 39
4370 6 4244 49 9083 3 7716 19 3019 84 4685 18 1563 7
4371 7 2383 74 5210 78 9903 34 3980 38 2142 68 1508 55 3103 6
4372 8 548 15 7343 60 9111 61 3828 40 5298 23 1930 58 1519 73 5717 98
4373 5 2325 13 5662 69 9020 75 9736 1 8154 34
4374 4 1618 85 1803 57 5283 73 2071 81
4375 6 821 7 322 100 8858 77 9638 32 113 73 6026 28
4376 4 2421 62 8315 14 6523 30 7740 82
4377 7 3301 35 7508 94 855 52 8277 6 6924 56 2302 84 2237 30
4378 6 1234 9 6736 62 161 88 7882 54 1847 10 7813 23
4379 5 1071 39 6604 17 8778 21 2482 46 2333 50
4380 5 2073 70 7953 35 1485 42 2433 95 1339 69
4381 5 1629 8 8471 20 2582 4 724 100 9102 71
4382 4 1714 51 9744 1 3707 72 730 8
4383 3 1599 37 4362 46 2640 99
4384 3 197 40 8426 44 6022 1
4385 6 3329 1 4943 32 7577 55 6255 39 9189 43 6895 76
4386 4 4228 25 2152 10 2264 46 8229 14
4387 5 1411 40 9905 43 1395 9 5701 71 1719 48
4388 8 2157 74 7121 12 5304 21 4860 21 3208 43 2533 72 2480 65 103 14
4389 7 2536 30 2789 69 8817 41 1105 10 8118 68 6674 33 9588 86
4390 6 751 54 5576 48 4055 11 28 80 1888 71 1604 60
4391 3 1564 6 4671 60 1307 37
4392 3 2741 20 5842 38 4208 54
4393 5 1931 81 7237 32 1492 20 7590 53 7308 66
4394 5 1498 95 4917 4 8346 39 714 100 823 97
4395 7 668 83 2417 29 6293 37 3871 92 7223 24 1068 71 6515 81
4396 6 2496 93 7277 81 400 18 6000 97 5137 11 1611 99
4397 5 862 32 4905 55 5383 2 2082 48 8065 32
4398 6 2967 11 8809 45 1469 47 5118 89 8945 8 1694 2
4399 8 337 75 7408 90 4550 11 8407 21 9122 27 8103 37 5274 73 2958 93
4400 3 2613 23 4415 65 2641 93
4401 4 193 67 5501 92 5798 62 1198 43
4402 6 1549 26 5272 65 3072 10 6381 15 6455 58 3706 49
4403 5 3945 12 5307 66 8274 17 6951 99 6030 84
4404 4 2112 91 3829 63 1917 42 2760 25
4405 8 2440 57 2414 21 2528 41 3037 28 2426 58 9406 45 2275 27 6947 98
4406 2 3307 19 1624 19
4407 7 2287 65 9678 79 1323 20 9975 56 7787 13 740 98 5961 69
4408 4 4038 42 261 71 1049 29 2301 48
4409 7 1971 31 4580 17 6949 92 4292 45 1143 93 1188 3 5670 70
4410 4 3043 38 5494 78 81 63 4284 15
4411 3 1154 16 9382 23 4630 12
4412 6 3935 11 5117 76 4070 86 7964 97 5592 37 6946 27
4413 6 1041 48 5084 33 1082 56 2846 92 7936 12 3222 26
4414 10 2937 26 6487 41 7381 41 7170 30 7087 66 1061 53 2 46 4098 53 282 29 5945 100
4415 2 4400 65 8565 86
4416 8 425 22 5477 64 2440 70 3189 77 5498 41 4777 76 9189 87 4769 35
4417 7 4011 67 9405 77 2206 19 9044 47 9993 32 1538 86 5003 8
4418 6 2607 16 5673 19 7232 93 2184 14 5973 33 7290 9
4419 4 2704 85 90 42 2032 58 7315 33
4420 4 1496 50 6670 34 1292 12 7025 45
4421 5 2750 66 6249 41 9238 43 9134 5 8485 56
4422 4 4138 55 2553 75 7481 11 7655 94
4423 2 2562 56 5621 24
4424 6 264 4 4203 91 4564 21 1418 25 7674 61 2321 14
4425 5 3709 45 5144 8 4964 85 1074 44 8928 93
4426 4 316 86 5679 48 1642 48 4164 74
4427 8 3522 79 4615 15 8872 73 5540 87 1085 51 6602 94 9433 27 2069 42
4428 6 1748 46 6785 2 3804 33 1508 38 4433 68 7750 11
4429 11 2174 34 4996 18 1085 76 9527 8 4912 44 5832 63 9614 98 7830 81 1304 34 6884 37 8548 9
4430 11 1788 5 6205 79 8018 73 8995 31 9175 87 6714 51 7257 8 5867 41 652 89 2437 98 9172 77
4431 3 685 75 6132 87 3847 50
4432 6 1963 37 7703 65 4350 78 9728 60 3980 97 4302 45
4433 6 2964 83 6849 77 8450 3 940 87 4428 68 3196 2
4434 9 4294 59 4888 72 5229 45 9363 93 2252 36 5315 45 4474 62 787 2 4485 68
4435 6 2848 48 4876 77 4147 13 2386 7 8786 89 4261 12
4436 6 2238 83 5668 45 1815 61 3614 91 7513 77 9267 36
4437 5 1942 75 9481 28 1011 53 2652 48 8542 21
4438 6 3378 37 4488 40 4497 19 2044 92 6087 89 2080 58
4439 6 1401 43 8410 94 9753 97 9273 39 6031 40 4243 51
4440 5 2747 30 8233 73 5637 12 4198 42 6156 67
4441 5 1477 28 2965 95 1688 71 6987 84 469 31
4442 4 3519 18 4769 97 2671 94 6829 20
4443 9 2345 4 8680 52 4633 50 2357 47 5822 3 4485 35 1283 95 5410 61 8877 60
4444 9 3601 7 5319 9 7716 43 8028 43 43 3 4680 61 506 69 933 69 2368 58
4445 8 2152 70 6737 80 7360 30 7859 26 3196 8 3031 66 2895 33 1415 48
4446 5 209 54 6228 34 8438 22 2104 85 3664 69
4447 4 1119 96 8973 83 9651 2 8055 5
4448 4 482 20 9090 54 7656 50 6016 65
4449 6 377 71 7337 33 3994 77 5624 50 5244 48 4319 70
4450 4 480 20 2411 6 4361 68 740 84
4451 3 3636 76 3656 87 5685 84
4452 1 2392 38
4453 3 2506 33 4963 89 8949 87
4454 1 2064 7
4455 6 2596 12 4078 60 7845 50 9858 72 3621 10 281 87
4456 7 2896 60 4102 96 3223 26 2808 24 2305 44 8476 18 892 62
4457 4 314 24 4591 53 8643 74 9568 51
4458 9 3946 80 7006 74 7957 5 9361 19 2316 93 4690 64 2273 3 2400 2 4774 13
4459 4 2200 82 6967 76 1205 64 6987 85
4460 6 2382 18 1558 53 8240 33 3797 94 3304 91 6549 70
4461 5 327 53 5740 16 6468 97 9512 65 3493 83
4462 7 1654 82 9583 70 101 41 1627 20 5663 79 934 58 6751 44
4463 7 108 45 8630 43 9362 97 5716 98 1779 3 5388 39 7830 62
4464 5 3303 31 4510 34 6819 63 2049 89 6217 49
4465 8 2610 64 5051 4 7073 13 1231 64 9482 32 1704 7 98 6 33 74
4466 9 556 21 5898 18 5637 18 2415 79 4121 80 2731 24 1477 82 9383 9 4851 44
4467 7 2727 74 5367 65 6693 15 9275 77 2738 22 3298 59 2865 24
4468 4 2373 16 4571 68 6045 39 574 77
4469 3 769 7 6641 47 9513 97
4470 4 3205 72 8571 39 6325 92 2992 59
4471 6 3599 10 7313 86 3139 5 3906 74 9576 24 9892 68
4472 5 1582 18 9282 26 2599 55 353 2 7737 73
4473 7 2159 16 5589 7 8088 60 9136 15 7393 33 6413 49 3233 61
4474 6 3790 15 5054 58 8610 84 5475 64 8784 40 4434 62
4475 3 3589 57 1003 50 3235 29
4476 6 3861 84 2074 51 437 75 8838 11 6545 11 2878 71
4477 4 1493 11 5701 89 2729 13 9125 80
4478 4 3054 30 24 44 1681 1 6539 12
4479 6 3880 29 5915 80 9230 74 1199 41 75 75 6282 6
4480 5 1232 54 5079 53 336 48 2406 39 1767 57
4481 3 3365 97 1044 94 6885 66
4482 6 1984 28 2161 27 5021 23 7613 63 419 39 6660 90
4483 7 2488 65 6163 24 7569 89 7768 39 9071 41 9159 73 5173 71
4484 5 3625 27 5654 44 7710 45 1546 1 8093 47
4485 8 4038 63 8357 73 8845 52 1466 5 4443 35 9184 23 8447 89 4434 68
4486 8 1070 72 7464 8 8554 57 8294 71 3983 21 1281 71 8763 53 673 26
4487 5 512 7 6976 94 4792 26 2592 77 158 52
4488 8 4438 40 5531 86 8983 12 7483 16 8362 89 4286 28 253 35 5135 5
4489 9 1702 97 5191 39 5231 67 571 72 842 66 82 62 9924 26 6237 85 1405 71
4490 5 4038 67 8202 57 1010 34 6631 17 3342 13
4491 4 493 3 7952 84 1163 37 5287 20
4492 2 624 91 6191 31
4493 4 546 19 4893 40 9909 55 9201 1
4494 7 2210 68 5121 83 8735 89 8692 91 2521 5 7736 4 2301 46
4495 5 31 13 1430 97 4851 23 2827 75 1307 20
4496 3 1095 49 6106 67 2361 60
4497 7 4438 19 7188 29 8692 71 2477 59 4518 67 7492 61 722 63
4498 8 3402 63 4162 95 7200 47 3819 40 7491 80 5733 73 6136 66 8941 80
4499 2 3147 66 5090 57
4500 8 1665 1 5914 16 8856 14 8917 75 3091 23 9317 86 480 10 5628 84
4501 4 2568 45 9314 91 1559 63 8933 6
4502 6 513 11 4012 90 8894 10 1129 14 2040 7 6411 95
4503 4 2187 60 6069 94 8456 29 8760 63
4504 6 318 47 5507 76 9258 72 2899 20 1844 32 5819 63
4505 4 3320 66 1050 22 5598 68 8595 78
4506 8 2637 44 6016 69 7173 66 8644 57 9309 48 4755 83 1576 62 3984 79
4507 5 926 13 5397 28 1245 4 1199 22 5987 54
4508 6 4363 45 7828 30 956 17 4257 27 8082 23 9277 7
4509 1 2069 90
4510 6 4464 34 8501 38 646 11 1098 82 8008 7 3457 58
4511 6 4044 84 3711 17 7657 40 1771 53 5310 81 923 58
4512 4 2708 97 7497 65 6528 64 8636 78
4513 9 1069 82 9681 11 2030 74 8262 34 9864 40 3854 82 9158 76 1850 69 5719 68
4514 7 3411 20 8572 85 9366 17 35 65 1801 15 776 97 731 33
4515 3 4117 17 5766 15 7519 10
4516 5 2012 16 5993 5 6343 66 727 94 7671 47
4517 8 402 70 7542 39 9643 8 1591 91 425 72 4144 75 7225 57 2286 45
4518 5 3022 25 2176 19 5650 55 4962 69 4497 67
4519 3 1824 88 7350 94 2973 8
4520 4 4009 9 4605 72 1661 48 950 29
4521 5 3078 64 5436 30 8953 6 1226 78 1753 30
4522 6 3234 55 5809 76 1370 16 1291 38 8336 43 2215 12
4523 3 1378 74 8098 49 2647 59
4524 2 1724 96 3000 57
4525 6 3929 11 1742 42 2535 93 539 99 1328 23 2135 16
4526 5 549 67 4659 46 9615 98 8422 84 84 94
4527 4 1511 55 5503 30 9289 43 7917 39
4528 3 3534 88 8842 53 2220 37
4529 10 2234 77 9194 100 8430 41 6347 99 8139 78 653 82 3030 63 3671 15 974 3 3719 36
4530 4 331 54 7695 64 5134 70 3711 27
4531 9 3595 49 4607 17 406 12 9789 14 9313 88 923 93 8124 20 8942 97 5302 86
4532 4 3342 98 7068 2 1972 67 9539 58
4533 4 557 30 7020 66 422 29 29 48
4534 4 2434 19 2949 51 2601 7 6176 86
4535 3 585 31 1742 17 4542 79
4536 5 4012 43 7844 83 3836 67 6281 71 2177 45
4537 3 1084 3 7384 32 4305 25
4538 7 2377 38 6395 9 7465 24 9721 70 666 22 4026 19 2903 34
4539 6 439 59 8918 96 921 48 6685 96 5979 12 9610 90
4540 5 2461 46 3549 44 4026 71 5783 59 7867 7
4541 6 27 43 8902 100 4330 72 2948 45 2606 74 4944 25
4542 3 2356 98 4535 79 8180 49
4543 7 270 30 5595 44 2024 62 3116 91 765 88 2614 38 5172 21
4544 9 4237 68 4804 49 5929 42 8026 31 4728 49 5332 65 8182 3 2461 4 9957 67
4545 3 2516 41 9010 45 938 27
4546 7 115 88 5879 41 2487 89 9897 36 392 18 179 85 9479 49
4547 7 834 50 4755 62 252 79 8177 31 4144 46 7162 68 769 87
4548 5 212 90 6427 16 4302 97 3203 89 6941 65
4549 10 29 88 4628 11 4897 22 6473 5 3835 18 1513 41 8549 74 275 12 579 100 85 52
4550 6 1218 91 4399 11 606 63 6805 100 6605 77 934 82
4551 1 982 55
4552 4 2297 50 6339 62 8977 82 2667 22
4553 4 194 70 5142 25 8133 10 5101 86
4554 6 2092 66 6269 94 7882 21 9899 92 5679 91 159 26
4555 5 2706 39 9801 34 2802 64 8418 86 9912 58
4556 5 2754 14 8977 41 97 4 8650 55 2137 13
4557 10 2927 89 6293 55 9418 73 2140 30 5203 41 9048 51 9908 100 848 28 6182 44 1379 14
4558 10 3397 65 6400 64 8974 17 3348 6 2378 70 9771 61 8379 87 310 48 2956 23 9534 82
4559 4 3680 68 3057 89 829 76 5825 9
4560 5 1689 59 4581 32 8238 18 6178 79 677 76
4561 7 581 13 4636 75 3657 4 1512 93 6217 55 4065 40 812 74
4562 3 3132 80 8632 66 9287 6
4563 3 3158 66 5066 29 7375 94
4564 9 17 83 5298 95 5711 50 4424 21 4230 34 4922 32 876 3 6814 39 9954 59
4565 7 3138 84 4978 52 1969 71 7134 74 1117 83 7753 32 2143 29
4566 4 3415 78 381 41 1594 8 7206 16
4567 6 1739 45 9546 1 5144 42 7955 17 680 54 5453 98
4568 5 1471 80 9968 94 5580 88 2667 96 9782 57
4569 6 1668 61 7206 44 1330 62 1377 89 6201 23 7343 72
4570 5 3816 43 9995 68 2701 22 8915 98 4718 94
4571 3 4468 68 7862 65 3470 34
4572 3 3133 95 6600 19 493 33
4573 4 2184 58 1705 26 5276 56 8278 76
4574 3 2610 67 720 91 4763 48
4575 2 2025 85 6780 14
4576 7 1627 3 611 8 3872 75 2417 12 4764 41 7497 65 6602 54
4577 6 474 10 5270 13 6709 92 3940 25 184 66 4107 100
4578 3 2006 81 7592 33 215 38
4579 2 2108 30 694 90
4580 8 4365 19 7911 97 8317 60 4409 17 4163 25 1170 74 9205 47 8361 98
4581 6 4560 32 9827 77 8490 53 5981 63 7528 93 9743 21
4582 3 2683 81 7510 56 5016 9
4583 3 1922 20 5686 29 1088 91
4584 3 2198 63 7869 94 1247 76
4585 5 2972 45 4725 96 6919 95 8563 34 6127 38
4586 4 2236 74 4291 92 6490 30 2004 27
4587 4 1826 94 1470 80 8291 36 5732 33
4588 5 3848 75 5487 74 2566 12 8729 39 2721 67
4589 3 3068 34 7646 39 4341 45
4590 2 2364 36 8238 51
4591 6 386 26 5097 13 4457 53 4601 89 8162 25 9677 75
4592 6 234 90 5167 29 2286 5 2760 99 8322 19 320 30
4593 2 3045 20 2449 77
4594 4 8 11 7938 98 9714 13 2048 57
4595 3 1545 73 2059 9 8869 45
4596 6 300 85 9425 84 8948 30 6636 51 4952 49 6983 85
4597 4 3434 17 5412 11 2425 76 3678 49
4598 3 1934 94 8465 50 6567 47
4599 4 4027 78 9233 99 3887 31 7503 72
4600 5 2639 81 1690 16 3852 90 3923 8 6874 89
4601 5 2780 66 6638 9 4591 89 2008 50 8794 80
4602 9 1006 61 9561 20 9963 45 3838 52 4788 9 8909 95 1269 26 2063 42 7537 47
4603 5 1599 58 8606 15 9564 77 3508 57 6600 13
4604 7 1022 81 5913 3 7947 40 1897 79 304 1 5576 62 8199 49
4605 5 4520 72 3554 22 1007 70 4914 56 5816 58
4606 6 696 4 6426 12 6850 11 8024 27 9173 59 1024 57
4607 10 3425 87 6811 62 4752 18 4531 17 9648 71 5325 92 4064 53 9029 63 329 89 684 67
4608 5 30 58 5911 82 2685 68 6317 23 4948 1
4609 4 4224 74 7816 88 4833 33 7975 82
4610 6 405 22 9855 21 712 3 5681 44 3266 55 1391 57
4611 4 3156 9 6173 93 1194 31 3921 9
4612 6 1623 53 5368 81 9287 40 7836 58 8301 55 1768 3
4613 5 750 2 2358 49 1380 28 2186 52 590 97
4614 6 1902 51 9443 50 9877 47 6453 86 4348 59 593 56
4615 5 4427 15 8761 34 6403 99 4673 73 6134 89
4616 5 1592 32 6698 20 1221 96 9133 79 9701 79
4617 9 3603 71 6277 90 7845 31 993 13 2397 79 3782 95 775 82 5152 11 102 62
4618 4 3431 38 351 74 3831 76 2522 75
4619 3 633 88 8587 26 4287 98
4620 7 1504 61 4784 38 7502 81 4923 21 4643 64 118 17 4776 99
4621 7 2356 5 7207 66 9469 93 9827 33 8219 70 7875 5 527 22
4622 4 3473 67 6876 4 5502 17 7773 1
4623 8 2633 91 8593 31 3529 51 3198 83 3857 31 455 72 6211 24 2883 69
4624 5 1583 94 3305 2 2131 49 2751 86 8714 21
4625 6 39 40 9202 30 1134 51 1104 25 5932 6 4307 89
4626 5 2362 66 4669 90 73 91 343 48 4823 23
4627 6 1991 46 2424 41 7430 91 2724 18 3755 6 3797 14
4628 4 4549 11 7415 93 4655 74 5132 47
4629 9 943 53 2596 19 1450 33 9000 50 5849 96 297 52 7838 77 216 64 6617 78
4630 4 707 46 5125 67 6203 94 4411 12
4631 2 1453 84 5957 84
4632 4 3772 91 1140 68 1142 90 2444 41
4633 5 24 21 1629 38 4443 50 6177 68 1774 51
4634 3 2626 71 9772 12 3381 69
4635 5 1182 35 4867 75 3279 99 2901 68 2588 61
4636 8 4561 75 4676 97 2488 12 814 95 4030 85 2260 59 7310 91 6078 51
4637 6 2148 4 6141 85 7635 29 5633 28 6510 44 3017 16
4638 6 1074 21 8394 38 8881 12 6124 78 4812 91 8754 17
4639 7 371 19 4948 16 7483 63 7010 30 7446 68 2840 33 6637 33
4640 3 950 69 6918 15 1393 50
4641 7 2150 99 8142 13 4316 3 6316 27 6128 59 8504 72 9723 31
4642 10 2503 59 5747 14 6893 69 9116 18 7653 56 2203 8 8513 44 2482 48 6821 88 7752 53
4643 5 474 85 1870 81 4620 64 1096 5 1288 7
4644 3 2483 95 468 47 6955 17
4645 2 1160 46 3137 53
4646 5 439 45 5611 59 7467 48 5972 92 3681 31
4647 2 1319 25 9492 90
4648 6 2856 54 9225 25 9466 53 2694 80 7567 75 3702 97
4649 5 1140 12 9979 63 6595 87 6171 20 1961 6
4650 7 933 62 2039 65 7458 39 7079 46 1805 99 6049 62 502 100
4651 3 2009 80 4677 98 9274 27
4652 2 1801 35 8928 7
4653 4 892 14 4873 40 7730 37 8269 52
4654 3 3691 30 7085 51 3950 68
4655 12 1700 75 7484 98 5014 61 5359 31 3717 2 3309 72 1623 36 8167 88 4628 74 6280 87 2241 88 285 33
4656 5 1899 33 5716 13 8515 2 8482 35 9585 64
4657 3 2374 67 5263 69 3968 68
4658 4 2702 49 9186 18 6089 25 9712 28
4659 5 4526 46 5485 18 6376 48 9897 46 5847 86
4660 7 3652 57 5822 91 8219 37 387 6 6193 12 1761 87 650 86
4661 8 2620 30 2486 34 580 72 9989 70 7406 35 997 69 3291 61 2211 37
4662 5 3158 38 2613 99 6198 7 7662 41 3021 58
4663 6 3892 37 6189 17 856 69 2047 74 7471 71 7336 4
4664 6 2254 65 6142 32 2189 49 7166 23 7884 46 2192 81
4665 6 1721 83 7996 91 8773 7 3117 25 1161 45 3752 4
4666 7 3419 74 8976 4 9112 15 9871 65 9343 29 7405 46 1771 100
4667 6 720 54 1005 32 7145 67 4847 28 6066 45 7462 82
4668 9 524 1 7510 20 7038 91 14 27 577 32 28 37 7015 28 4264 78 8999 17
4669 4 4626 90 7954 55 1093 87 1194 33
4670 7 390 18 7839 63 7876 86 3351 62 6627 95 2893 90 1432 25
4671 7 609 86 7652 36 8785 100 1345 52 4391 60 3645 21 6292 55
4672 9 4036 57 7475 91 7878 58 7632 66 3763 70 6063 36 6181 36 7125 19 5607 72
4673 8 3694 71 6201 42 38 87 4615 73 7226 78 2761 45 1299 44 2257 58
4674 2 3220 84 5515 98
4675 9 3125 76 7735 20 8001 25 9476 54 9925 85 1274 21 3639 11 9771 56 2877 14
4676 3 4636 97 6721 95 8484 40
4677 5 2406 97 6707 90 8430 47 514 14 4651 98
4678 6 716 87 5251 41 7261 16 1404 24 2902 41 8374 8
4679 7 2185 77 5921 68 7169 26 4169 86 3649 52 6078 4 4064 64
4680 7 3029 48 5852 64 1321 41 5567 67 5804 66 4444 61 3494 54
4681 6 2300 46 5306 33 8106 18 9781 57 1087 92 8262 2
4682 7 1195 70 7887 38 5885 32 1704 55 524 31 9228 97 6911 29
4683 5 2199 18 9772 46 8516 84 8157 61 692 91
4684 3 103 14 6309 51 1169 1
4685 5 1467 57 8665 61 4904 55 4370 18 8879 64
4686 7 3780 46 4817 51 9053 38 248 78 3587 93 6268 25 5315 41
4687 6 3409 36 6370 87 7322 25 4942 99 3837 65 5370 67
4688 10 4347 21 9044 76 2940 64 7113 21 911 69 618 97 5181 66 8600 63 5106 93 3982 14
4689 3 3967 76 2505 21 3601 18
4690 7 4268 45 5985 78 6552 20 4458 64 5118 4 9314 79 599 14
4691 10 2751 11 7920 70 8986 98 197 90 2776 18 4287 39 2254 51 3415 1 2769 61 2873 79
4692 5 3391 32 2420 31 2758 78 555 53 5687 96
4693 1 3086 10
4694 6 2617 19 9726 92 9529 30 1468 39 6031 46 1403 31
4695 7 1483 60 5073 48 9105 66 7694 78 8023 39 6158 40 112 91
4696 4 2846 79 631 72 2855 55 1969 85
4697 2 3461 90 8206 24
4698 7 3147 16 7866 39 9808 12 4981 69 5886 34 1084 36 3740 3
4699 7 129 52 9329 58 3978 42 66 76 9960 60 767 34 6068 98
4700 6 1597 64 6045 99 4998 66 2489 36 7466 92 3478 2
4701 3 3520 50 5631 37 8584 67
4702 4 2054 72 8978 24 515 83 9207 60
4703 5 201 70 4118 33 7548 25 8239 18 1798 95
4704 7 1415 25 4886 60 7738 35 5382 100 405 46 5404 72 9061 66
4705 8 1873 57 5163 88 2242 91 8724 32 7884 57 2054 54 6697 53 3955 84
4706 2 254 42 3675 23
4707 2 2995 49 8681 85
4708 6 4034 60 7646 87 6801 16 8905 28 838 69 3296 19
4709 5 2734 38 8789 38 6659 45 2089 4 7238 100
4710 9 3882 90 8108 43 4893 44 7601 61 533 12 2310 56 5527 90 6035 54 8997 69
4711 6 198 55 1310 41 1228 6 6845 58 8286 1 2931 2
4712 3 1064 46 9376 56 9044 57
4713 10 1838 7 6008 30 6316 66 3865 95 388 69 513 50 2818 22 861 47 9232 88 6692 48
4714 9 3507 39 5499 70 9886 13 1729 61 2812 77 234 23 1553 14 1611 53 2768 75
4715 2 94 31 699 76
4716 11 3046 92 6326 55 8901 86 62 7 8279 59 886 39 1176 88 6053 95 936 97 8588 8 7180 75
4717 3 4242 78 3832 90 2050 61
4718 6 1374 21 8550 48 9740 83 9067 49 4159 21 4570 94
4719 7 2757 20 5999 13 1479 26 862 61 7918 64 696 58 990 90
4720 4 177 17 3580 35 5322 89 8166 50
4721 10 1278 95 5346 86 5752 88 6348 5 2160 62 8428 78 2254 97 1990 77 3562 55 147 42
4722 2 3621 56 6684 92
4723 5 1632 4 1572 76 210 15 7830 37 1075 45
4724 6 2908 62 5860 78 7992 28 1968 61 661 45 3753 96
4725 10 4585 96 4794 58 4908 9 8522 14 746 94 2788 59 625 23 5010 66 6407 69 3248 88
4726 5 3028 24 5100 27 1282 4 7993 47 5572 93
4727 5 45 26 2392 49 5942 5 4184 40 1546 4
4728 7 3179 89 8397 42 4544 49 6433 68 1073 10 2142 75 873 9
4729 1 3575 64
4730 4 358 31 4842 6 8001 78 5204 21
4731 6 1680 84 7836 13 720 5 4732 16 151 70 1508 3
4732 3 4051 87 5483 50 4731 16
4733 4 2769 89 5604 77 6521 65 2740 32
4734 6 2841 14 8894 27 5768 21 1379 6 489 73 6135 78
4735 5 2253 9 731 27 1241 1 614 91 4935 80
4736 4 2367 61 7990 64 7689 35 3526 1
4737 4 1366 10 9992 64 5838 54 3263 16
4738 3 2680 96 6106 74 9335 11
4739 9 4256 52 2526 50 244 3 5307 85 5067 92 1593 100 3268 39 7346 14 9326 81
4740 5 3021 3 8570 92 9900 30 1934 64 6315 7
4741 4 3087 69 9777 76 72 30 3297 68
4742 7 3632 77 4862 76 5053 23 3468 54 8506 70 8430 26 6852 92
4743 3 493 24 201 76 6879 29
4744 3 3007 64 2194 33 3383 84
4745 2 1469 38 5431 85
4746 1 354 88
4747 8 1293 98 3564 97 8475 8 3693 10 5313 41 1016 1 3362 4 1921 75
4748 5 1479 19 6126 74 5745 86 8875 63 8811 46
4749 7 2349 6 7751 79 8211 46 2010 29 3344 45 467 71 9964 65
4750 10 1768 9 6001 1 9144 99 8597 62 2487 36 8262 67 9389 79 5248 34 933 16 2098 11
4751 5 1742 86 2635 71 634 90 9438 64 5923 74
4752 7 1643 70 4800 3 4607 18 7057 20 2768 32 2484 35 6206 66
4753 10 2685 65 6882 94 783 90 1043 21 291 28 2012 53 2785 84 943 26 21 79 3673 28
4754 3 3809 37 2649 59 4235 42
4755 8 4547 62 1194 90 1663 62 3806 52 4506 83 9938 23 810 39 515 6
4756 2 4170 25 47 78
4757 4 2165 49 8969 22 1821 34 2788 15
4758 3 2078 37 2491 23 9282 41
4759 3 3643 57 9351 3 573 5
4760 3 3581 39 4947 40 1146 1
4761 9 2095 44 4962 84 9265 50 9280 38 3430 64 9729 5 6230 42 9417 84 9928 87
4762 10 4347 2 5351 96 6261 55 9161 37 42 30 6249 12 4891 69 2369 79 705 71 932 5
4763 4 15 85 3265 43 9137 78 4574 48
4764 8 1999 42 5890 27 8676 38 9426 17 6292 86 4576 41 2346 30 2176 97
4765 7 3275 94 6054 17 2308 8 5097 21 435 67 2791 19 2411 98
4766 9 1695 24 5679 88 5778 96 9623 37 381 3 3788 83 4858 16 6936 81 970 83
4767 7 2890 23 4961 28 6494 38 8466 13 504 22 3880 18 5863 96
4768 6 3181 70 8334 2 2869 54 95 79 1165 93 9364 46
4769 5 4442 97 5750 54 303 14 8499 27 4416 35
4770 9 3535 22 9828 24 1245 61 2575 20 8127 30 8461 92 9324 48 1077 76 7150 34
4771 5 3493 89 5519 78 1821 74 5755 25 7905 83
4772 5 2378 26 6679 15 7115 74 5699 14 1379 40
4773 3 1704 71 9014 87 1955 71
4774 7 484 24 2950 76 8348 90 4458 13 8881 98 8830 77 1742 70
4775 10 136 63 6414 58 8226 63 5364 45 58 61 4967 57 4819 99 7918 70 8437 75 5435 59
4776 6 2788 35 7019 57 1710 33 6728 6 6572 73 4620 99
4777 4 215 71 4416 76 112 41 6414 21
4778 7 4329 61 9730 12 9833 2 5066 60 7629 30 7970 16 7200 95
4779 7 476 15 7171 23 1149 65 5873 55 7096 42 2556 96 1129 35
4780 4 1581 58 6568 30 4156 31 4225 59
4781 9 1465 20 8651 28 4261 91 6991 21 5733 31 3491 69 9345 50 186 45 7919 50
4782 6 2081 82 1362 74 6873 77 1375 39 2070 15 7869 66
4783 2 492 46 5385 77
4784 5 4620 38 9629 58 517 18 5126 15 9769 58
4785 3 3940 81 2735 12 1050 53
4786 3 1581 57 1344 34 1274 26
4787 3 1617 46 6908 94 1091 54
4788 4 1157 48 8224 94 4602 9 1299 46
4789 6 2739 7 5315 10 8200 3 769 48 1060 73 717 65
4790 5 4009 90 5781 19 8183 31 3791 42 1427 29
4791 9 3466 63 5689 6 2925 4 8276 66 1668 65 1058 69 599 44 2222 45 1062 65
4792 5 1716 86 5150 53 780 32 4487 26 3710 82
4793 5 3185 19 1659 89 3008 27 4887 53 9877 27
4794 4 4725 58 8478 6 9548 5 318 32
4795 7 2451 14 5730 59 1796 1 2752 19 6742 23 4278 16 298 13
4796 4 1139 85 1902 20 968 23 8352 36
4797 2 516 65 4357 93
4798 4 369 98 6947 70 8266 35 358 87
4799 2 356 10 3041 61
4800 3 4752 3 4932 61 3893 74
4801 2 2111 1 7009 21
4802 6 2687 81 1467 71 1820 39 1974 19 3120 19 6691 67
4803 4 799 41 2744 87 2101 29 6757 55
4804 5 4544 49 9762 25 3787 76 7906 84 316 6
4805 5 528 42 8220 100 3447 87 758 5 4325 61
4806 3 2094 55 6958 66 3300 90
4807 3 382 72 6839 42 3460 40
4808 6 1606 9 7144 63 464 94 6065 98 2771 14 5361 67
4809 7 589 55 5408 37 6724 69 9972 13 2427 59 8210 79 760 47
4810 4 3841 47 8528 56 7957 83 1204 92
4811 6 2194 62 9587 6 1582 42 7850 15 5197 17 2008 13
4812 5 2940 58 8117 47 4638 91 2918 44 2795 85
4813 5 3042 80 9179 57 1182 92 9391 83 3550 23
4814 4 3047 94 8017 3 8066 52 7343 12
4815 2 4015 93 9556 24
4816 5 3041 3 5544 82 9703 67 6333 35 7959 55
4817 6 4686 51 4844 81 6095 8 9199 4 8280 75 4897 94
4818 7 1200 33 7272 22 9797 32 4120 19 6539 35 4283 4 9997 33
4819 7 905 65 5392 64 8149 33 4775 99 3636 37 5076 44 6567 67
4820 9 666 40 7682 17 874 59 8484 51 8794 85 8428 63 4033 61 1338 24 9746 6
4821 10 675 96 4995 22 6977 40 9567 51 351 41 2966 67 7117 44 7504 37 8535 48 6774 20
4822 6 861 4 7604 68 2454 11 6343 24 1398 37 9470 22
4823 6 3579 63 6676 2 1109 93 9656 85 4626 23 6239 72
4824 7 2473 5 190 19 364 47 336 59 6715 55 6212 40 5946 72
4825 4 1541 59 6822 28 557 62 1303 73
4826 4 1412 49 1303 17 1712 2 6277 76
4827 3 50 4 7208 10 8469 76
4828 5 4117 56 2722 9 9336 81 8762 86 3258 20
4829 3 213 58 7787 42 265 87
4830 3 3020 17 2359 16 1805 98
4831 7 407 28 5177 42 8246 48 405 24 6477 7 9149 33 5056 86
4832 4 3368 32 4952 71 9339 21 6137 17
4833 6 157 93 7367 12 4609 33 1511 13 9703 55 8073 25
4834 7 2701 51 1103 54 4161 60 8745 48 6536 52 9768 14 1079 96
4835 7 1031 75 418 26 223 74 9956 97 6784 25 7695 16 8886 57
4836 7 727 9 8351 63 9783 18 4055 84 8581 18 1757 26 99 8
4837 3 1510 100 1429 51 9609 9
4838 1 957 83
4839 5 1857 99 8043 86 9373 44 1261 79 8062 82
4840 5 2781 21 7238 13 494 81 3927 46 7637 47
4841 6 1039 84 4889 47 6096 88 9268 41 330 93 3442 17
4842 4 2967 53 4730 6 1920 55 478 67
4843 9 1062 35 2546 29 5606 68 7719 85 4288 69 6786 64 2203 3 8048 15 402 44
4844 8 4817 81 5775 100 8717 4 1875 37 1710 96 2250 13 6428 23 7967 93
4845 3 3485 99 515 11 188 89
4846 6 3553 51 7853 67 3077 76 242 41 7737 59 1467 6
4847 6 3532 38 6518 45 306 17 4667 28 7036 20 284 24
4848 7 2763 60 2227 33 9345 59 3852 78 8964 18 4244 91 6229 36
4849 2 1788 67 1959 61
4850 5 2062 70 7968 71 6429 44 6516 66 9228 54
4851 6 2691 10 4495 23 9681 55 7903 84 209 2 4466 44
4852 7 1316 27 7547 95 8387 69 9383 26 4859 22 3781 37 6940 71
4853 4 3514 23 9038 64 8042 52 2159 95
4854 8 1757 10 6703 46 6957 81 9670 43 8253 96 572 60 3599 90 6341 48
4855 2 1053 66 9610 32
4856 9 2971 52 967 66 6483 53 5356 14 853 13 9084 47 7443 86 1849 22 9620 70
4857 7 304 22 4313 4 5476 52 8632 34 6134 92 1819 92 1185 55
4858 5 2448 41 2430 44 1884 86 6008 38 4766 16
4859 5 2881 45 7057 82 2550 87 4852 22 6078 1
4860 6 2664 44 6177 88 4388 21 8864 65 2166 9 1709 77
4861 4 398 10 7534 22 9321 13 9258 6
4862 6 4742 76 4943 18 7402 16 2494 99 7582 72 6632 18
4863 5 1254 8 5908 97 966 57 1049 84 6198 70
4864 7 2997 45 5905 36 4888 58 4306 62 3190 43 2353 65 2495 66
4865 3 288 54 5941 31 8114 100
4866 5 3315 94 5062 24 6935 20 89 45 1981 41
4867 4 4635 75 6412 97 6613 58 7682 30
4868 2 2335 20 6521 68
4869 4 922 77 4032 92 3160 93 1038 52
4870 9 4333 31 6512 84 8725 48 1512 48 5584 47 6938 16 1328 8 3282 78 7763 29
4871 4 1811 8 5894 77 359 10 737 6
4872 5 4202 16 5685 25 7468 91 7751 25 7342 87
4873 5 4653 40 1266 57 2727 34 8466 31 5751 56
4874 10 3764 34 1035 77 6154 90 2275 59 5996 61 1973 26 7576 43 9986 73 307 24 9798 56
4875 4 2872 79 993 80 1905 89 6709 76
4876 1 4435 77
4877 4 731 72 6651 59 4011 81 9445 63
4878 5 739 40 4990 34 7443 54 435 10 9075 78
4879 4 1918 9 3397 77 6796 14 617 100
4880 4 491 22 1254 6 1667 91 5154 95
4881 5 2213 42 5931 50 8512 75 4309 83 8354 79
4882 6 2845 55 6203 23 7491 91 1298 58 6807 64 7142 67
4883 4 385 58 6477 11 7722 98 2048 10
4884 6 4239 55 5401 47 9259 48 5429 99 310 3 9564 14
4885 4 452 13 7314 97 3565 98 3687 16
4886 3 4704 60 9431 34 1830 47
4887 10 3268 26 8208 60 1048 71 7856 47 1349 93 7102 1 5485 2 6151 70 9930 81 4793 53
4888 8 4434 72 4864 58 5177 81 5918 61 1839 87 7824 90 2527 40 9862 57
4889 5 4841 47 4264 80 3691 75 1975 95 9160 73
4890 9 1968 49 8591 54 8784 96 9223 59 468 80 1064 72 6202 83 8220 18 2302 23
4891 9 2741 75 4973 76 8301 74 4762 69 991 80 5052 8 7219 95 3907 4 9938 7
4892 3 388 56 3897 72 6247 67
4893 4 4493 40 4710 44 2398 48 9315 67
4894 6 499 55 5881 46 8780 60 2140 65 9449 12 5199 87
4895 5 2548 38 9124 33 550 64 9329 49 2076 19
4896 3 1015 11 9166 61 6288 20
4897 6 4549 22 5343 72 75 82 4282 39 4817 94 2297 23
4898 5 2325 53 1107 23 9751 74 5657 68 6790 99
4899 6 3701 42 8250 2 5032 55 7976 44 9445 76 638 5
4900 3 2045 20 9737 67 6145 37
4901 3 2000 55 8379 27 3587 49
4902 4 2331 75 5252 41 7655 78 9685 19
4903 9 2756 48 8909 72 9726 45 4343 52 7911 76 6131 97 2527 6 7697 28 7610 61
4904 6 3332 31 3022 15 6602 28 4685 55 1543 81 9108 29
4905 9 4397 55 8650 71 2590 43 1940 73 7405 92 7262 75 4322 100 7956 20 715 18
4906 8 3604 1 5259 44 7946 41 2541 51 5900 80 6734 83 2077 46 1008 82
4907 5 358 25 6369 59 1862 7 8376 18 705 49
4908 3 4725 9 339 83 2253 44
4909 5 4068 43 1880 25 3800 74 612 25 9343 99
4910 8 583 33 9858 82 395 86 193 50 8313 28 4224 41 1012 28 1968 50
4911 6 994 14 9272 47 9249 51 431 64 9245 52 7559 75
4912 5 3056 15 8086 21 4429 44 9601 75 3335 28
4913 4 2057 98 7188 51 5843 73 6771 41
4914 10 2600 88 8566 25 7134 67 9233 47 8255 99 1658 4 4605 56 9642 50 8227 52 9544 87
4915 6 3778 31 3649 32 6050 97 3579 70 9249 60 8306 89
4916 5 615 16 8123 34 9507 84 3051 4 8487 35
4917 4 4394 4 8719 29 4069 66 860 70
4918 5 3276 22 8196 17 1363 91 1390 56 3493 9
4919 4 2121 53 3053 36 2299 49 1271 76
4920 9 2343 19 9413 27 9559 2 4207 44 7310 48 2433 25 3589 35 437 91 2834 1
4921 7 4267 86 5492 6 3407 75 7999 54 2904 91 5326 32 2716 75
4922 5 1315 37 5600 40 4564 32 7383 43 7362 94
4923 6 651 81 6786 92 3246 2 3005 30 4620 21 7150 54
4924 4 2766 12 8994 38 2306 48 6620 100
4925 3 874 16 4255 55 2208 49
4926 4 2408 18 1930 55 380 21 1260 80
4927 4 216 18 3378 96 7736 74 7802 61
4928 8 1583 84 4029 64 9509 25 1381 87 77 94 2407 2 9437 53 2936 95
4929 5 1281 80 5638 81 6290 88 1169 31 1488 66
4930 4 2435 25 1348 59 1759 56 9542 79
4931 4 1517 90 3229 79 2751 26 3719 11
4932 7 4800 61 5651 88 5940 9 8042 75 5545 25 534 58 6098 64
4933 7 3354 68 9265 31 6030 42 2584 96 9472 58 448 44 2702 46
4934 7 1050 76 7514 79 6876 70 9074 74 8400 79 752 81 2304 12
4935 3 3596 50 4735 80 3481 86
4936 5 1627 47 1389 18 1010 94 5720 83 2052 55
4937 5 3841 39 7697 54 9878 94 5868 69 8780 87
4938 6 2404 7 6373 49 7790 4 8917 86 3276 12 8748 51
4939 7 542 17 5389 74 8081 72 8151 99 9419 95 3034 36 8413 7
4940 1 3014 58
4941 4 1200 40 5080 67 5209 15 2716 11
4942 2 932 87 4687 99
4943 12 4862 18 3028 11 4385 32 2272 51 7812 50 7548 80 6568 6 6420 88 482 61 2017 47 9550 8 293 47
4944 8 3323 53 2099 84 5458 76 425 48 3464 2 785 49 3297 83 4541 25
4945 4 2659 82 6389 98 8964 53 8610 30
4946 4 1116 58 8818 62 6067 2 6571 33
4947 7 1332 39 4760 40 4354 27 5408 24 5319 26 7034 76 827 75
4948 10 116 20 5321 80 5493 14 8235 100 4639 16 9292 27 3767 18 1300 41 9646 78 4608 1
4949 7 1110 90 5433 82 1186 4 1286 6 6620 100 730 87 3614 94
4950 5 2282 45 6526 26 9474 27 771 27 3818 66
4951 5 2957 34 1903 99 255 2 465 39 5855 52
4952 8 4832 71 6031 65 9045 82 6195 87 4596 49 1377 40 40 56 22 14
4953 4 4206 16 9809 98 1035 62 1726 70
4954 3 2717 22 9743 18 9975 61
4955 5 2218 68 1012 50 3580 58 7097 75 8185 44
4956 1 685 53
4957 4 163 63 7055 50 7363 65 9039 97
4958 6 3091 46 8605 53 5761 30 8610 12 7680 20 4360 70
4959 4 2139 37 5854 33 2676 26 1815 76
4960 3 444 70 5705 30 9647 11
4961 6 4767 28 7802 49 2438 55 4009 42 4115 66 4015 37
4962 9 4761 84 928 74 6872 98 23 55 7434 95 3199 3 7940 7 4518 69 9786 7
4963 7 4453 89 8928 28 5008 11 7938 97 541 59 1330 42 1527 67
4964 3 3564 9 6008 52 4425 85
4965 6 3380 63 5715 38 71 92 5079 17 2628 44 7972 68
4966 3 3886 72 9015 38 2779 46
4967 5 2982 62 5391 28 4775 57 2321 92 6873 65
4968 5 2279 31 1896 87 2123 63 9247 74 875 99
4969 4 183 26 6050 85 5800 73 1526 80
4970 8 227 94 747 36 2232 77 8545 86 3760 68 1326 54 1353 15 364 56
4971 4 2869 20 6161 65 8966 8 5932 92
4972 4 3079 22 8066 67 1788 19 8299 91
4973 5 4891 76 9204 54 9241 69 7456 59 1362 98
4974 6 2787 4 5163 50 5421 5 8585 32 3138 42 4233 65
4975 3 3507 27 8871 20 8752 51
4976 2 2138 31 7317 58
4977 8 2007 83 5975 8 7558 27 6361 80 9010 44 5157 92 2651 77 9324 35
4978 8 2869 100 8318 34 7285 81 4565 52 8039 2 7168 98 5244 75 5692 51
4979 3 2741 9 7282 49 3034 47
4980 6 2335 93 7445 39 221 79 9070 44 9143 27 1933 83
4981 4 490 78 4698 69 5749 40 5892 36
4982 5 1079 31 1712 23 8076 41 2929 71 9889 14
4983 4 1371 78 378 52 9068 51 1496 66
4984 4 2079 51 6487 83 7747 81 6973 16
4985 2 1871 88 3739 59
4986 4 1614 35 9556 95 7114 55 7191 46
4987 4 151 22 2239 54 5446 43 9226 84
4988 3 729 2 8527 49 2373 44
4989 8 3746 79 5687 1 6574 31 5441 35 6474 51 4124 97 9364 32 8874 66
4990 3 4878 34 3201 73 1751 89
4991 5 2874 62 7976 38 4160 91 5658 29 786 91
4992 5 638 21 2382 29 5081 61 9606 11 3734 69
4993 7 94 18 5216 87 6116 54 1454 38 6843 28 793 25 9569 58
4994 6 2181 28 7244 55 909 96 5039 38 8093 71 7018 81
4995 3 4821 22 140 1 85 51
4996 4 4429 18 3320 61 2324 67 3368 23
4997 5 2580 72 2716 96 6170 53 9555 39 1550 76
4998 6 3787 93 9353 44 2557 83 4700 66 3824 80 7061 97
4999 4 4239 49 8756 36 7188 86 1362 15
5000 5 4201 68 1359 38 6579 55 3793 89 2565 99
5001 5 2569 27 5463 54 2844 40 444 53 2551 85
5002 2 2695 53 3318 48
5003 3 3413 45 9814 2 4417 8
5004 8 178 15 6813 40 7354 31 7618 34 7773 65 8223 31 6599 12 18 76
5005 7 3989 45 2794 84 3756 74 3637 98 7207 92 6092 100 7286 79
5006 5 952 6 7313 84 9850 31 108 55 3884 16
5007 8 762 71 5465 92 6718 43 5315 15 6412 29 6573 94 159 38 6230 21
5008 6 1839 30 9284 70 4963 11 3242 74 9334 79 1178 26
5009 3 1950 46 1625 68 2202 39
5010 8 857 66 5795 56 8303 2 4310 24 10 35 8043 68 8580 71 4725 66
5011 6 3628 13 46 14 278 54 3373 24 6455 73 2387 96
5012 4 759 14 2715 86 1593 32 1288 83
5013 6 2608 56 7003 53 8682 26 1955 47 6993 60 1433 91
5014 3 1887 30 2099 84 4655 61
5015 3 3691 71 6395 51 1939 96
5016 6 3795 100 4582 9 7375 9 7449 59 7472 46 5115 15
5017 3 2661 42 7228 79 1609 18
5018 3 1121 24 7371 55 1662 70
5019 3 3416 49 89 8 7849 25
5020 5 794 31 5248 100 164 57 3042 54 3231 19
5021 5 551 54 6660 52 9529 12 4482 23 2549 47
5022 7 1883 94 5223 90 1452 25 941 38 2069 9 2270 74 7099 18
5023 6 3825 45 2287 97 8193 41 3330 70 6893 19 6710 83
5024 3 982 39 6513 32 9728 68
5025 7 3290 87 5972 54 7280 21 4088 79 6040 65 457 40 5332 15
5026 6 2476 100 9184 16 1571 81 293 59 3220 39 9219 58
5027 5 52 22 1104 52 2114 16 1858 78 7010 84
5028 7 3920 23 6023 40 3412 87 1567 89 443 67 7641 12 8230 97
5029 8 2651 47 6852 16 381 89 3308 44 545 52 3258 75 9768 30 7885 13
5030 3 2212 47 5229 34 1141 18
5031 3 3597 25 7898 9 8175 38
5032 6 3703 20 6280 78 7120 49 4899 55 2097 33 968 81
5033 5 2685 74 2771 94 6272 25 2105 81 6130 70
5034 5 3624 24 9351 53 746 77 5212 40 6075 21
5035 4 1829 88 2301 53 1415 76 596 27
5036 5 3654 68 755 44 286 28 9336 42 9286 62
5037 6 4060 25 5992 46 2766 22 6072 15 7692 80 9667 7
5038 6 4061 33 9155 89 9945 84 6041 67 4325 88 2715 41
5039 7 517 94 5889 99 9241 24 4994 38 3 64 8158 77 8384 41
5040 7 713 76 2086 96 7408 55 835 31 1709 21 6747 84 2804 85
5041 8 1973 32 5873 89 2197 47 6647 54 3322 8 9103 75 1740 99 4235 67
5042 5 3823 92 8478 59 6916 77 8927 62 2677 12
5043 8 1741 12 5059 72 9101 29 705 63 1175 41 564 57 6182 97 1212 72
5044 6 692 7 2762 60 6651 55 627 65 4263 35 351 19
5045 9 3998 69 9332 2 7616 41 9659 5 2359 32 2292 66 2349 45 615 34 63 65
5046 7 2814 10 8622 26 886 97 2375 10 922 67 952 50 8111 57
5047 6 1726 55 1361 7 9380 9 3268 11 698 66 261 94
5048 5 3565 45 2683 65 7197 26 4353 74 6412 42
5049 4 772 34 2405 20 1912 88 4203 17
5050 7 2335 89 6589 83 6535 25 1810 38 1972 2 5707 98 8503 66
5051 4 4465 4 3839 87 1544 68 3178 76
5052 9 4113 28 6818 84 6830 2 6795 74 4114 45 7454 61 4891 8 3795 10 4326 61
5053 6 4742 23 7775 21 9598 71 4108 89 6921 40 3274 52
5054 6 4474 58 5753 84 9481 14 4329 38 3027 68 1189 49
5055 2 2820 22 203 7
5056 7 290 82 6823 97 942 62 5576 31 5775 25 4831 86 1153 55
5057 5 1336 50 8918 96 9075 48 9514 48 5798 39
5058 8 2268 29 8565 10 9151 44 9204 24 1039 79 6041 36 5266 62 2861 43
5059 9 5043 72 5955 89 9160 66 9590 45 4064 23 4060 21 2704 7 3031 44 2574 8
5060 8 148 8 5188 72 8264 66 6673 31 3135 59 8991 20 6570 50 5292 15
5061 4 3322 53 7966 20 5100 56 7840 31
5062 5 4866 24 5610 1 6936 73 3311 56 1480 72
5063 4 1869 56 3538 52 6602 62 9701 60
5064 6 2499 73 8011 55 9520 70 2400 2 7653 68 6869 89
5065 5 187 48 8383 95 6332 48 2674 59 7281 97
5066 9 2570 96 5918 55 8497 43 1594 25 4778 60 8541 65 4563 29 1022 68 3128 99
5067 4 919 29 4739 92 6709 40 1853 23
5068 7 2075 62 6631 51 7889 92 6038 9 1661 1 699 20 3268 40
5069 5 3161 48 9141 54 1882 38 8341 26 5150 12
5070 5 3451 71 5652 33 7355 7 1980 15 524 87
5071 6 1438 22 8192 6 5564 18 1566 36 8518 51 554 77
5072 7 3785 15 9950 66 2958 16 2396 10 7484 44 8474 97 8352 45
5073 3 4695 48 2244 68 6199 18
5074 6 1159 99 740 71 5976 12 1746 67 2142 60 6834 23
5075 3 351 13 9960 63 836 2
5076 7 3143 84 7722 73 2556 15 7058 7 9044 87 8233 38 4819 44
5077 2 2557 4 9988 18
5078 4 50 21 9816 99 7727 43 178 85
5079 6 4480 53 4965 17 1085 86 8566 26 8169 17 472 26
5080 6 1451 58 4941 67 3207 28 3987 24 7254 86 5440 61
5081 6 1956 37 5584 36 3934 1 4992 61 2645 32 2109 90
5082 7 3032 79 158 39 2850 89 1733 48 8934 71 3434 47 4245 95
5083 5 1841 56 5861 59 2886 97 9618 71 9747 47
5084 2 4413 33 6372 35
5085 2 2184 7 5460 37
5086 7 4259 39 57 88 629 47 8092 7 2000 60 3432 60 7895 4
5087 5 3638 78 7887 27 8488 4 721 67 4339 59
5088 5 4068 17 8187 44 9704 55 2542 58 750 27
5089 4 212 75 9513 13 1473 52 3674 41
5090 6 4499 57 6243 25 44 43 2358 82 1301 26 2472 20
5091 4 1581 72 5779 21 7017 63 1183 33
5092 5 2517 42 3809 10 9635 36 910 85 793 33
5093 7 623 37 2329 36 4127 22 1092 21 2146 56 711 24 235 91
5094 4 3485 70 559 82 1384 4 2504 10
5095 4 827 58 874 62 7613 48 5633 54
5096 4 1461 94 6738 3 2792 90 2062 12
5097 6 4132 43 6359 98 5303 1 4765 21 4591 13 9474 78
5098 5 150 43 9152 27 8546 1 3745 90 1979 40
5099 3 2574 65 6684 90 5752 88
5100 9 4726 27 3964 61 5061 56 7353 77 9564 82 4072 22 5461 55 2463 54 7755 92
5101 7 2355 20 8578 84 2562 66 6678 53 5527 35 4553 86 5473 36
5102 4 869 26 1068 87 9701 91 5447 79
5103 1 2790 33
5104 3 1629 10 3020 95 2937 72
5105 5 4171 55 9169 60 8253 72 292 83 5595 96
5106 7 1747 89 3006 55 1762 98 9240 95 1148 92 4688 93 3797 35
5107 5 4045 8 6110 87 8813 72 1091 18 2602 78
5108 6 631 38 7063 50 5494 41 5542 28 466 19 2570 44
5109 6 2489 5 276 29 1744 64 9137 57 9930 49 749 30
5110 3 3678 65 3938 11 9339 7
5111 5 3945 6 7001 84 9859 2 1101 92 7222 67
5112 5 1583 31 2805 50 1043 49 5204 89 1586 42
5113 7 2914 6 5654 12 9695 52 3970 98 8610 66 3696 36 2646 64
5114 4 1952 25 3050 89 3482 94 2435 32
5115 6 817 27 5218 54 4078 86 3157 64 7028 92 5016 15
5116 3 1574 71 5950 92 885 68
5117 4 4412 76 5849 23 6840 17 953 13
5118 4 3751 32 6026 66 4398 89 4690 4
5119 4 1348 84 6302 72 9531 10 8231 30
5120 4 3740 100 5278 14 3465 99 6146 93
5121 3 4494 83 6030 67 2903 5
5122 5 3756 46 3701 58 8518 66 5216 24 1969 18
5123 1 2232 74
5124 4 3920 44 5540 42 9331 10 7859 10
5125 1 4630 67
5126 7 1731 8 6806 1 8512 19 9535 17 4784 15 5210 18 5458 88
5127 6 3540 25 5780 91 6978 32 9831 51 6589 100 3782 76
5128 6 1971 64 6972 48 1732 27 3064 9 1832 17 7167 97
5129 4 4056 9 8152 62 932 49 4362 13
5130 7 3615 91 607 55 8568 47 6835 56 2291 66 3551 9 2512 67
5131 2 2726 6 5665 77
5132 7 3069 45 669 14 2728 4 8186 51 4195 35 4628 47 7467 10
5133 7 2104 39 5277 67 5669 24 7648 42 3724 26 9977 17 2303 92
5134 4 3290 53 7536 45 3715 29 4530 70
5135 8 899 54 6367 2 5571 67 8163 37 1280 58 4113 27 4488 5 767 2
5136 2 2311 74 7201 32
5137 7 3280 95 8850 1 9118 40 9345 72 3568 62 7116 76 4396 11
5138 5 2987 48 5808 95 9779 73 6318 77 3383 20
5139 2 4107 41 6751 17
5140 6 1292 12 5684 47 1100 51 3182 46 6082 38 269 78
5141 4 4220 60 129 82 9120 88 8381 80
5142 4 4553 25 3318 9 6208 29 525 6
5143 2 1570 68 2337 46
5144 5 1169 72 5678 62 4425 8 2861 25 4567 42
5145 10 4028 77 5239 97 6623 60 8318 68 2895 75 254 87 9381 68 2603 64 921 1 7157 19
5146 5 4184 75 8617 56 9130 58 9273 87 3783 80
5147 7 222 56 6646 22 9336 97 6906 50 9603 60 1928 92 8464 35
5148 2 816 77 8923 83
5149 7 309 16 8211 40 2390 83 9260 86 7752 81 8265 6 1768 46
5150 5 4792 53 453 60 5069 12 1714 71 1552 78
5151 9 899 56 8368 29 2504 29 6413 46 1960 90 7470 11 6968 39 6622 43 2260 30
5152 4 392 68 257 79 2052 6 4617 11
5153 5 524 4 1940 18 9166 26 5554 69 6548 42
5154 5 2160 76 1395 23 8327 65 1041 53 4880 95
5155 9 1028 42 5348 87 9406 59 7871 90 8644 47 2124 99 1441 24 8419 41 2558 97
5156 4 1359 14 653 69 1278 2 6202 71
5157 6 417 92 8044 83 6797 64 6439 50 4977 92 8879 91
5158 3 985 82 6677 43 1713 17
5159 4 1212 43 165 58 6186 65 2455 70
5160 9 2839 49 9168 74 6292 57 6518 78 9947 63 9348 42 7392 50 603 64 907 18
5161 4 1380 10 8887 21 9365 20 7454 56
5162 2 723 44 8279 2
5163 8 4974 50 4705 88 334 63 9904 14 2770 87 5992 1 1971 68 1578 37
5164 10 3554 47 4255 10 2022 23 5803 75 5380 75 7508 79 3602 89 6068 97 8392 27 2673 42
5165 3 2919 84 1491 8 1209 17
5166 5 3653 24 8954 1 1003 91 399 9 9481 45
5167 3 4592 29 5329 6 5236 19
5168 4 918 34 3838 1 2663 100 8080 22
5169 3 351 94 1020 26 9741 27
5170 4 891 12 5446 45 924 75 8154 24
5171 7 2112 1 9983 90 1544 8 1631 69 1711 15 6458 15 7796 50
5172 5 2982 34 5789 11 2045 93 1930 9 4543 21
5173 6 4125 78 6507 19 3028 89 5389 17 520 17 4483 71
5174 3 781 69 2628 84 7521 74
5175 8 2150 81 4034 6 2524 71 3096 90 4038 59 9802 54 8871 81 6893 95
5176 3 4303 6 1483 31 1431 65
5177 4 4831 42 791 58 4888 81 745 26
5178 3 3609 29 4157 50 6726 27
5179 6 2837 95 6239 5 25 54 9679 4 7761 25 9945 87
5180 4 3024 11 7611 33 1731 49 4307 71
5181 8 3790 30 6660 41 565 22 2018 21 6716 23 4688 66 1494 35 8678 75
5182 3 595 62 5672 50 47 92
5183 3 362 66 3180 90 2305 19
5184 5 2090 39 6960 25 8115 93 1860 74 642 89
5185 4 1956 92 9510 64 8087 85 8825 93
5186 6 1481 5 9495 21 1533 8 9823 25 6906 62 2374 12
5187 4 3835 29 9710 1 208 43 7245 80
5188 5 5060 72 9135 55 1188 72 966 93 7115 25
5189 8 4145 11 8652 12 8209 34 3145 29 1882 49 2160 8 9357 67 5844 89
5190 5 4094 16 5672 12 7147 49 7419 10 915 78
5191 5 4489 39 6276 54 2644 20 8958 4 9690 80
5192 7 3128 35 9091 60 5571 73 1406 24 560 41 2723 60 1224 58
5193 7 581 56 6042 7 176 23 6771 29 1498 74 5452 80 6360 82
5194 7 2157 60 6571 14 6238 65 5698 36 8247 80 781 48 3693 78
5195 6 853 45 2220 82 6479 47 8255 49 8455 37 8370 75
5196 7 324 13 9077 6 2215 22 3871 25 2124 48 8474 91 6778 34
5197 10 3675 15 5581 74 5607 47 5999 85 7434 10 3190 5 3485 18 8069 51 6076 84 4811 17
5198 5 2607 60 2545 81 8052 64 6687 1 3214 40
5199 7 183 19 5990 45 4894 87 2490 93 7047 95 5418 38 1352 69
5200 9 2555 1 5622 28 9409 62 1915 76 9773 55 2897 85 9191 28 2014 88 8209 33
5201 11 1006 63 5243 40 6063 63 6279 64 865 57 3173 97 1410 69 1329 7 2230 48 8887 29 274 51
5202 5 2529 35 1983 34 779 7 530 55 7282 32
5203 8 1491 31 5292 58 6119 89 8869 54 2365 16 4557 41 7585 14 3362 33
5204 6 1694 12 9116 88 4730 21 2463 29 5112 89 579 45
5205 2 2756 50 2085 64
5206 6 401 14 7331 15 9323 87 7522 67 5360 60 6489 90
5207 5 4126 32 5366 61 1202 15 8841 79 1726 3
5208 8 731 8 5402 58 536 20 2101 70 1379 60 8377 24 8606 90 8360 4
5209 7 785 38 7187 90 4941 15 3968 74 4132 33 8399 23 8190 17
5210 5 3903 68 4371 78 7223 30 2626 32 5126 18
5211 3 1897 16 710 32 2671 11
5212 7 3376 10 8620 19 9994 15 5034 40 7808 81 8466 2 5507 88
5213 6 3041 39 5384 7 7579 95 8783 22 9426 49 3537 79
5214 7 3979 8 5415 42 154 58 1003 38 9547 56 6440 77 2461 23
5215 5 1155 31 5932 73 1784 48 3202 17 765 71
5216 5 4993 87 5319 67 5122 24 7029 57 8269 34
5217 3 252 14 7605 57 9251 85
5218 6 3400 47 5115 54 9273 23 7360 14 2066 57 2741 59
5219 6 2105 34 7286 80 7662 6 8212 90 7253 18 2669 58
5220 6 1682 87 2261 90 7612 88 3621 36 5789 75 8690 29
5221 5 697 71 6165 29 5396 61 3581 69 4264 41
5222 4 1308 87 999 62 1898 3 1993 22
5223 10 1362 65 9664 35 5022 90 8562 44 3596 15 1279 89 9329 89 1041 85 9279 78 351 62
5224 6 4351 85 7817 84 2688 88 2905 38 8500 73 2326 28
5225 2 2077 49 1034 27
5226 8 2376 81 8415 77 9952 59 2464 73 9133 85 439 17 4101 48 711 50
5227 10 2374 49 6454 71 7698 13 8854 5 1948 31 6024 95 2682 66 7529 1 3937 96 5904 93
5228 5 3904 8 7184 11 328 26 2544 57 2451 36
5229 7 4434 45 2791 70 9428 24 5030 34 211 71 8771 67 2100 70
5230 8 2045 32 6891 80 5892 63 2699 100 7513 10 339 3 8645 26 400 83
5231 6 4489 67 6853 92 303 50 1892 72 3171 55 9465 28
5232 4 3188 42 2450 35 2117 27 7704 42
5233 4 353 94 9946 96 204 13 1771 82
5234 3 3562 51 6013 16 7468 78
5235 6 3892 23 3667 78 6562 52 2554 91 3259 65 3197 50
5236 6 2958 75 9153 21 6086 41 3385 26 5167 19 6354 52
5237 7 252 84 1390 97 6942 91 1424 25 268 6 1173 37 2442 81
5238 3 1965 27 8775 63 4104 85
5239 8 5145 97 6181 92 6845 9 5840 82 7415 60 5307 60 697 85 3833 94
5240 6 236 2 1579 30 1444 78 809 32 9283 94 4032 81
5241 8 2288 88 7916 64 9277 34 3032 7 3588 61 5790 71 2583 54 9857 37
5242 4 2316 91 7233 88 1791 31 3688 18
5243 4 5201 40 8425 62 9176 90 2098 94
5244 7 1979 97 8708 83 3565 49 4449 48 4186 68 9369 28 4978 75
5245 4 1591 13 6690 71 9622 42 7543 45
5246 7 978 86 5718 49 6444 69 7655 94 9775 99 3817 44 113 63
5247 6 3965 86 9654 25 2448 95 3067 52 7131 23 9407 30
5248 9 4237 64 8162 33 5020 100 4188 88 32 72 252 90 1261 60 4750 34 5773 80
5249 4 180 23 6034 55 7878 78 8806 43
5250 5 3289 61 5256 83 1434 68 4250 58 4294 45
5251 3 4678 41 5262 28 3684 66
5252 9 4902 41 1287 9 5294 64 7995 30 1618 67 3275 39 4255 29 6097 29 9821 24
5253 5 3448 7 9063 68 6041 5 8734 79 1834 53
5254 9 3889 22 5640 47 3172 70 3062 34 898 72 467 16 825 60 9704 53 8588 28
5255 6 945 50 9152 77 1162 51 541 4 9929 12 9662 33
5256 2 5250 83 568 9
5257 5 2698 32 3308 16 6733 91 2651 65 6982 76
5258 4 3246 94 8961 22 600 9 3692 20
5259 7 4906 44 1534 19 6562 31 7505 24 164 36 6857 81 7071 65
5260 5 2193 79 6176 64 6254 52 8316 7 8900 51
5261 9 973 1 6587 68 8101 64 6084 71 3694 64 99 34 4105 36 662 78 1962 1
5262 6 5251 28 713 24 7980 62 8987 90 8450 76 196 48
5263 5 4657 69 6475 16 8675 76 5980 21 336 66
5264 6 3459 98 9165 30 7314 68 3275 65 3456 77 2800 66
5265 10 2482 64 3840 87 9861 93 1776 68 354 15 3243 24 919 66 6236 54 7156 29 6012 77
5266 4 3033 15 1388 86 5058 62 6223 39
5267 6 651 53 6663 66 6825 43 3306 60 7204 83 5276 77
5268 4 2736 98 1842 33 1542 29 7269 84
5269 5 275 68 8534 90 7584 93 9625 35 7050 100
5270 6 2525 92 8450 55 1683 20 4577 13 195 47 8247 36
5271 6 3678 65 875 36 6530 62 2076 81 3537 22 1648 6
5272 5 4402 65 9117 42 3687 24 5990 80 9032 3
5273 7 2108 64 5837 1 250 72 1887 12 5698 63 4310 18 2254 24
5274 6 2429 14 7611 5 9944 77 4399 73 2573 36 1382 48
5275 5 261 38 9748 69 4093 57 6766 58 7304 79
5276 7 3398 43 8581 66 4573 56 3719 18 7322 19 7640 95 5267 77
5277 6 2585 38 5133 67 697 23 1023 4 7235 19 5969 51
5278 5 1284 44 5542 100 5120 14 4191 9 937 62
5279 4 3855 19 2643 97 518 44 1500 26
5280 3 687 40 6537 97 3501 59
5281 5 687 85 8199 91 3265 77 9048 37 1865 64
5282 8 3246 91 6637 64 8294 5 2214 32 6670 96 5480 62 9020 79 5593 13
5283 5 3987 83 5808 75 4374 73 1521 25 9502 48
5284 3 2890 73 8960 32 8112 66
5285 5 1700 68 2280 39 5715 25 1883 62 3839 64
5286 2 1100 93 7761 3
5287 5 4217 76 9315 31 623 87 4491 20 2445 1
5288 4 3411 30 7054 17 2062 90 2612 64
5289 4 1861 5 8876 68 101 88 9685 82
5290 9 957 75 7429 88 6592 30 6132 66 9479 9 3099 53 2398 5 2744 50 8749 44
5291 8 4075 93 6854 8 7824 36 8302 88 9160 48 3831 23 3808 49 7775 77
5292 4 5203 58 6623 77 8056 35 5060 15
5293 6 801 95 2778 16 5643 13 6236 34 1409 72 2582 65
5294 8 4054 20 6591 100 5252 64 5780 70 7758 26 418 55 2614 53 2440 66
5295 4 2811 33 5784 66 9647 74 1469 71
5296 3 711 67 6764 4 8644 4
5297 8 3680 32 6799 37 7090 20 1373 12 9637 67 2687 5 68 44 9916 30
5298 10 4564 95 6304 49 5858 23 5799 78 6784 49 4372 23 5922 48 8816 35 3706 84 3420 95
5299 3 1179 78 5345 85 3354 74
5300 5 2516 41 5339 92 4314 82 3537 32 4142 64
5301 3 1838 47 269 64 6295 14
5302 5 891 77 6311 60 3268 15 6386 43 4531 86
5303 8 2900 75 5746 14 5097 1 5417 22 7387 87 2664 60 1723 33 1932 75
5304 9 2021 51 8616 8 4388 21 878 22 6073 20 7461 82 9675 38 93 64 4357 66
5305 1 2919 86
5306 7 4681 33 8624 24 901 87 525 59 8043 46 3341 37 520 8
5307 9 4403 66 6904 47 4739 85 1814 58 5239 60 7433 13 2629 26 8016 80 3813 53
5308 3 3222 75 8732 78 2993 81
5309 4 4179 17 5872 1 8800 45 6607 56
5310 7 278 11 8191 76 5989 74 3250 20 761 47 3278 1 4511 81
5311 6 3452 31 8169 43 8433 80 1349 11 8123 62 8820 47
5312 3 1157 37 7723 45 1798 42
5313 10 2308 18 560 19 8497 99 8299 32 4747 41 4340 36 9962 59 6647 5 8153 52 5483 81
5314 5 3286 33 7532 41 5563 44 9923 100 37 1
5315 15 4789 10 6921 64 8574 6 8090 48 7308 80 7283 1 8033 58 5007 15 1630 5 8404 12 1547 70 4434 45 6148 29 3975 67 4686 41
5316 4 4008 32 6937 79 8955 30 1945 75
5317 6 2838 52 6607 38 8926 10 2644 20 8811 49 1250 49
5318 2 2830 97 7442 15
5319 6 4444 9 5452 45 7112 82 5216 67 4947 26 7546 35
5320 8 1057 9 648 18 909 74 8712 26 9559 59 1047 54 7362 71 570 1
5321 8 4948 80 9078 3 7096 94 9423 34 4112 11 354 62 2198 53 2248 55
5322 6 2309 12 2019 84 4720 89 8924 12 525 33 4247 4
5323 8 4265 40 7363 11 3314 18 7457 29 8234 28 5922 5 1408 40 1107 38
5324 2 1858 25 319 98
5325 8 3332 23 5501 3 3911 47 5331 62 4607 92 8817 96 2945 10 460 52
5326 4 958 64 4921 32 2908 21 9223 8
5327 3 2849 88 8123 64 3614 21
5328 7 1777 60 6441 56 8197 64 2361 71 9197 80 1684 49 5567 23
5329 3 5167 6 8572 70 3791 45
5330 3 2157 44 5569 43 1456 88
5331 7 3046 40 6403 83 6748 11 2108 30 3608 17 5325 62 6068 44
5332 11 2884 17 7586 65 3299 91 4544 65 7910 37 1028 27 7571 75 5025 15 8076 50 2107 91 2219 63
5333 4 2728 8 8155 9 708 51 1141 86
5334 6 3247 67 884 41 2357 5 2745 68 3083 23 6899 30
5335 5 2170 51 8524 28 2350 2 5789 63 1796 87
5336 4 3734 70 2064 19 9450 64 2273 43
5337 5 1377 63 5396 16 571 58 915 55 223 56
5338 5 1812 1 2983 21 7928 25 6601 90 1183 30
5339 3 5300 92 8379 92 1488 65
5340 6 4020 94 9700 74 494 25 9984 56 6400 28 3018 95
5341 3 442 71 814 53 5505 28
5342 7 236 65 6492 45 6280 18 2283 56 9183 22 3452 14 786 29
5343 9 4897 72 5648 50 9815 69 2403 98 1799 6 1592 64 2648 75 2250 26 1746 93
5344 4 3825 58 6925 11 1895 52 9689 38
5345 7 3639 26 8431 65 2804 44 5299 85 2421 4 2862 79 6585 23
5346 7 1364 32 1647 32 4721 86 2248 84 9990 82 3112 99 5622 10
5347 8 2170 56 6533 12 3323 83 1494 88 5671 84 3033 98 6849 18 948 24
5348 7 5155 87 5966 35 621 49 1467 36 9610 31 4255 77 7368 98
5349 8 1291 10 6083 34 3803 48 7104 87 7833 78 589 12 6985 80 576 32
5350 5 1945 72 7261 77 412 24 5835 54 6447 16
5351 2 4762 96 6639 73
5352 4 340 84 973 69 9269 56 8439 19
5353 5 3731 22 9914 64 2459 85 5603 94 2022 18
5354 7 1319 82 6992 34 2996 21 1953 9 1454 45 3814 57 99 49
5355 7 241 18 8467 24 7860 70 1755 90 597 26 2415 19 7982 16
5356 11 2290 45 5951 60 7640 92 5932 41 5642 83 8633 51 7882 36 4856 14 6230 46 2818 41 3947 89
5357 4 3500 29 7646 52 6344 52 3332 5
5358 7 3003 97 6229 45 6926 8 7663 67 33 66 1823 37 7436 78
5359 5 3519 76 4655 31 9939 100 9790 54 3222 18
5360 10 1727 5 8400 69 9626 12 3297 81 6474 55 7044 9 5206 60 9531 89 8793 71 987 35
5361 8 4218 82 9825 75 7776 22 2963 100 6981 34 5807 86 4808 67 8728 31
5362 4 2453 33 7649 84 4292 1 7695 89
5363 7 245 66 1007 65 6684 32 6271 25 2675 94 2871 75 3459 12
5364 10 3426 16 6531 2 5436 11 9856 18 6030 64 4775 45 222 11 3776 56 359 48 646 22
5365 5 3241 27 5563 64 8005 72 8791 41 135 82
5366 3 5207 61 7834 16 4205 45
5367 6 4467 65 8334 14 8022 51 7349 81 9474 56 1327 56
5368 4 4612 81 6851 58 744 27 3524 94
5369 3 3705 82 9289 20 7098 38
5370 5 1049 13 3702 54 1411 16 1214 34 4687 67
5371 3 456 73 7525 14 5945 31
5372 5 1819 26 9003 18 3637 99 7614 33 9317 23
5373 6 2745 3 5998 31 6740 83 6704 92 6488 79 4093 73
5374 3 1038 40 2684 48 2806 12
5375 6 615 16 6572 56 98 79 5899 72 156 58 5606 55
5376 6 2003 23 6474 96 6523 82 9501 56 3612 71 5661 100
5377 3 3276 55 520 10 749 31
5378 5 1189 15 6648 35 7012 9 2041 36 7673 76
5379 11 3356 4 7119 17 2991 58 308 21 3454 22 9362 99 2060 4 7971 46 219 79 9916 59 6240 63
5380 6 712 91 5497 32 6056 37 5164 75 9493 87 7003 77
5381 5 1111 38 7587 96 9429 16 9364 30 131 58
5382 8 721 80 8683 84 9507 35 8414 4 2844 48 4704 100 5562 93 5909 10
5383 7 4397 2 9236 46 2256 87 4339 54 5539 30 3974 31 7343 10
5384 1 5213 7
5385 5 1363 10 9097 13 3878 64 4783 77 600 1
5386 4 4078 40 3854 65 5436 10 3331 49
5387 7 3277 69 6896 90 7702 57 9315 4 2692 87 1613 82 1050 53
5388 7 1260 65 9730 95 2019 69 7537 75 1108 45 2390 28 4463 39
5389 6 4939 74 5866 68 7433 54 7724 2 9393 91 5173 17
5390 5 418 74 7615 27 9382 29 7211 61 2060 56
5391 6 4967 28 9414 17 678 40 8283 38 299 100 1295 2
5392 5 2835 50 4819 64 7339 83 2019 62 215 55
5393 5 1706 1 8255 51 6126 92 1121 69 6897 14
5394 4 1636 46 6503 91 1992 14 490 60
5395 4 2367 29 6898 6 5554 63 632 85
5396 5 5337 16 5804 50 9158 22 5221 61 7420 76
5397 3 4507 28 7850 6 7509 33
5398 4 664 43 7927 84 5967 44 7548 20
5399 2 2173 74 8302 93
5400 8 4063 57 7659 88 8512 53 2129 20 6193 9 1889 61 6607 73 8204 36
5401 5 4884 47 771 9 573 98 3260 7 1456 30
5402 5 336 85 6186 7 5208 58 1564 28 9701 78
5403 5 3760 44 7875 92 2399 55 578 12 2741 56
5404 3 332 74 4704 72 2573 34
5405 6 283 32 5598 78 2073 88 341 93 1879 80 6525 26
5406 7 2344 79 5727 64 8337 50 1362 83 3030 20 5533 94 3102 56
5407 2 2693 10 1991 89
5408 2 4809 37 4947 24
5409 3 614 11 6940 87 6675 39
5410 7 471 58 9404 33 7172 65 6140 20 8575 13 5760 86 4443 61
5411 5 4043 55 6131 26 220 62 3739 73 1739 39
5412 4 4597 11 4164 59 749 97 1642 84
5413 7 540 89 5586 24 8879 50 8129 52 942 88 2104 3 974 50
5414 4 2629 28 3776 5 498 19 1503 91
5415 5 5214 42 8592 16 9331 94 5577 89 478 44
5416 4 875 43 7073 19 703 83 5982 97
5417 7 1387 8 3976 83 8657 73 8344 41 5303 22 599 12 902 79
5418 3 3126 26 4060 91 5199 38
5419 3 3228 91 7193 40 3507 46
5420 4 1607 49 2549 28 9353 90 8754 44
5421 5 4974 5 6564 16 8202 41 1482 44 978 78
5422 4 1054 67 8874 62 3441 1 1659 37
5423 3 1648 85 8738 68 9383 62
5424 2 140 88 8244 67
5425 3 548 89 7304 11 8894 42
5426 5 699 19 9769 87 8723 20 8002 17 9986 10
5427 4 3420 54 690 29 8727 92 8215 42
5428 4 4357 44 9266 57 1031 36 9237 65
5429 7 2580 52 4884 99 9055 26 39 17 991 23 8228 17 64 54
5430 5 1424 81 5543 18 1513 3 6378 16 1570 60
5431 2 4745 85 2374 27
5432 4 2527 25 1868 36 6471 50 3319 2
5433 3 4949 82 2645 48 626 34
5434 4 699 49 6238 36 6585 24 8190 17
5435 7 1845 29 6675 47 5758 81 4321 48 7 88 4775 59 190 85
5436 3 4521 30 5364 11 5386 10
5437 4 3269 97 9838 46 1592 37 752 17
5438 5 2974 15 9444 82 1542 37 3869 72 5487 82
5439 7 3075 27 7084 31 2737 44 1346 39 5683 28 2338 53 3723 92
5440 4 53 87 8427 7 6902 72 5080 61
5441 9 1048 77 5943 35 579 39 7474 41 4989 35 3285 16 2695 85 9202 67 6501 5
5442 4 3432 25 9693 91 1778 62 6255 57
5443 4 729 92 8920 61 6399 28 1453 86
5444 9 3252 100 7280 79 6211 57 2124 52 8212 6 5620 81 4143 55 2608 89 8714 90
5445 3 3115 25 9238 6 8302 7
5446 6 5170 45 8370 26 4987 43 8358 1 8696 70 6280 66
5447 5 2475 80 6428 78 8571 44 5102 79 6286 1
5448 9 1998 43 6005 49 7220 41 7925 28 7970 81 589 43 7338 44 6039 69 5546 1
5449 8 1807 97 6291 63 4060 5 6352 52 6286 58 9373 6 5970 97 6144 82
5450 8 454 65 6299 10 5849 90 5798 40 44 67 8412 77 6827 69 7244 31
5451 5 49 64 8481 32 8899 75 5577 20 6664 22
5452 4 5319 45 9593 84 2736 3 5193 80
5453 7 341 83 8256 21 1066 86 6075 45 5626 47 3569 74 4567 98
5454 6 1021 97 6870 96 6606 42 9202 13 8521 39 6230 44
5455 4 3392 40 7047 83 1860 63 9878 75
5456 3 1275 34 2215 99 9657 72
5457 5 2162 56 6334 7 3301 98 2672 89 659 20
5458 8 623 41 9462 73 4944 76 8567 50 163 10 3098 84 5126 88 1761 11
5459 3 1678 86 131 100 5579 26
5460 13 1043 77 3588 20 8649 50 2648 50 622 42 5085 37 5467 67 2038 59 6408 33 6802 20 205 60 8755 59 1737 76
5461 7 4182 89 6440 64 5100 55 6765 51 5928 1 8890 81 4045 52
5462 7 2525 60 8875 96 5712 44 2900 57 6952 75 9650 100 8406 62
5463 8 5001 54 7568 23 2133 8 8654 76 8021 27 1775 72 3900 23 1048 32
5464 3 69 57 8319 30 8960 94
5465 4 5007 92 2626 4 501 86 3272 97
5466 2 1239 22 6989 3
5467 3 2940 64 4309 79 5460 67
5468 6 2880 99 6565 56 1023 94 6543 83 2286 97 2619 9
5469 2 1124 15 1333 70
5470 3 1498 58 2530 80 159 23
5471 4 3641 17 7512 48 3526 14 9205 85
5472 5 3126 77 6840 3 8407 45 862 82 6402 97
5473 4 3209 53 6606 89 449 13 5101 36
5474 8 3180 93 2149 17 8723 66 9027 56 919 12 8588 57 3873 30 3563 58
5475 4 395 83 657 54 4474 64 6445 48
5476 4 604 24 4857 52 4091 51 2653 4
5477 5 2372 64 5588 5 7486 55 4416 64 9474 54
5478 5 858 69 6897 47 8452 84 9454 26 758 100
5479 6 2457 64 2426 81 7706 53 8229 27 8252 35 6885 81
5480 9 46 39 7790 46 9898 19 7047 88 2132 71 5282 62 1778 39 9733 31 2957 83
5481 2 280 8 773 86
5482 3 4119 63 7092 43 6976 36
5483 11 4732 50 9608 98 6038 26 930 51 7765 73 5313 81 3712 30 4000 91 1026 56 2029 80 8241 5
5484 4 3597 50 6235 20 7837 16 1485 68
5485 4 4659 18 9171 90 4887 2 2717 96
5486 8 2117 3 8674 41 2698 98 7092 34 5771 34 1259 60 901 55 870 88
5487 7 4588 74 4222 27 7994 57 6758 41 9817 47 87 20 5438 82
5488 6 1950 80 6305 99 5972 16 3808 4 8959 3 9861 66
5489 4 3177 62 3091 30 3084 8 8513 60
5490 5 2516 78 2697 45 633 77 1070 22 7434 53
5491 4 1718 80 283 100 2493 12 819 13
5492 5 1405 73 4921 6 1198 54 6370 54 6462 34
5493 3 4948 14 4196 7 743 94
5494 5 4410 78 5108 41 163 16 1521 72 6826 84
5495 5 898 21 7778 19 1896 17 7249 33 2198 89
5496 5 2144 45 6556 84 8213 65 6834 87 854 37
5497 6 5380 32 216 66 5912 52 9739 80 9239 18 483 2
5498 7 1697 34 2541 49 2206 6 990 79 8514 96 4416 41 2045 54
5499 6 4714 70 6508 14 1119 79 6721 35 3259 31 477 11
5500 5 228 3 6504 51 879 40 2470 35 9664 28
5501 4 4401 92 5325 3 3258 47 9760 52
5502 9 2667 6 6438 31 7092 78 7260 21 4622 17 1138 89 6454 7 9633 59 3420 82
5503 8 1417 50 6455 80 6537 98 1812 24 4527 30 3653 81 8071 93 1603 84
5504 4 1644 59 5682 52 6517 33 2097 4
5505 3 858 91 6997 30 5341 28
5506 7 3470 89 6014 14 7922 91 443 59 1278 13 2320 97 7907 80
5507 4 4504 76 7767 94 5212 88 2064 30
5508 2 186 5 9566 40
5509 6 2199 73 6086 2 6300 47 9612 85 5846 12 6089 98
5510 6 3461 62 1336 6 8897 12 2318 15 661 63 8964 17
5511 6 904 26 8079 52 6467 9 6258 8 4107 57 1358 83
5512 4 3412 79 8390 55 9354 74 9143 90
5513 7 172 21 9354 66 7088 24 806 19 662 84 6806 13 958 67
5514 3 17 10 5915 65 766 83
5515 6 1488 95 6729 83 4674 98 1279 97 9466 27 9082 34
5516 3 3983 47 3496 9 7638 14
5517 5 4336 8 2839 10 888 31 2227 58 2819 8
5518 4 413 73 8335 69 9407 71 493 56
5519 3 4771 78 8498 72 1569 43
5520 5 3703 74 8475 25 980 9 1262 60 2969 46
5521 3 294 17 6772 34 7417 63
5522 3 2106 52 7741 41 2695 16
5523 5 2306 81 762 81 4093 27 9193 45 2566 96
5524 7 982 46 7825 63 732 45 3827 90 4085 88 3983 60 9137 75
5525 5 835 84 7130 53 8523 49 846 63 7569 33
5526 4 1920 89 9903 53 2872 75 2193 20
5527 6 1918 75 7466 95 9597 83 5101 35 4710 90 3531 71
5528 3 3096 97 5536 37 2817 78
5529 3 1401 74 6827 39 8880 92
5530 5 1973 68 9834 60 3900 79 8806 53 1685 95
5531 3 4488 86 1282 25 467 16
5532 7 1630 48 6248 68 602 76 2429 6 7565 88 5638 38 714 63
5533 10 2309 79 7989 37 8599 1 5406 94 7121 41 7934 76 7075 35 3941 93 9733 95 8059 44
5534 3 231 6 7293 57 8475 2
5535 6 4023 78 5591 21 9793 3 8898 15 1125 45 4338 2
5536 5 5528 37 5964 73 8627 30 2527 40 6060 46
5537 8 4332 60 343 83 7766 55 614 54 534 24 8599 42 8112 51 7788 13
5538 8 2467 25 2540 27 8018 94 7324 42 1422 45 7559 25 3056 8 2641 5
5539 7 4220 71 7221 24 2375 55 5383 30 1220 62 642 15 1891 80
5540 6 5124 42 8447 76 8849 81 2773 16 4427 87 745 71
5541 5 1032 65 8731 84 949 11 1832 85 1155 46
5542 7 5278 100 6006 18 8657 27 9132 72 2376 68 5108 28 7147 32
5543 5 3909 15 5430 18 773 35 9087 29 749 14
5544 8 3718 100 5744 14 8855 44 2823 27 4816 82 8679 5 8809 60 615 76
5545 7 4322 64 4315 93 9820 95 8903 97 4932 25 3914 75 9233 56
5546 7 2032 14 7297 19 6008 10 134 27 6793 22 5448 1 7878 38
5547 4 981 94 2136 57 1024 95 9793 34
5548 5 3427 64 849 57 2031 29 9189 49 6515 23
5549 1 2019 28
5550 3 3532 11 6301 91 1459 52
5551 7 3589 96 5986 95 4291 71 2660 4 3555 78 637 16 2922 84
5552 2 2309 45 9543 36
5553 4 220 79 2788 11 9753 83 3362 40
5554 7 310 31 9631 67 8165 85 5395 63 2248 36 5153 69 4137 22
5555 4 2206 11 2872 22 1610 48 8159 52
5556 8 523 20 6346 92 7895 62 9184 4 4213 77 4127 58 1918 89 175 31
5557 4 3739 40 377 42 7588 76 8117 32
5558 7 731 93 8167 12 8877 95 2524 84 1127 26 359 85 2077 38
5559 1 480 23
5560 4 3590 6 7022 80 6975 52 7933 85
5561 6 4065 6 2683 67 3596 34 767 90 7179 66 8523 13
5562 6 1869 89 5703 36 8652 34 5382 93 3978 24 263 39
5563 9 5365 64 7160 88 7460 95 8328 83 5314 44 308 44 8289 82 764 8 7524 73
5564 3 656 26 5071 18 5968 79
5565 5 361 48 7449 67 1252 35 319 39 4186 33
5566 8 3709 55 9137 68 7547 55 2742 4 8599 76 8089 25 1020 86 9792 95
5567 6 2943 3 5966 34 4680 67 5653 14 5328 23 1780 17
5568 6 1976 68 5799 95 7822 72 1435 5 3492 75 8910 85
5569 5 1886 43 6060 84 8403 24 9009 1 5330 43
5570 5 4245 61 7147 93 9032 18 2316 5 2628 48
5571 7 172 89 6484 18 9416 54 5135 67 5192 73 6354 96 204 51
5572 6 3236 87 2624 94 7930 52 4726 93 7939 31 9783 4
5573 1 3114 75
5574 5 4061 5 8711 49 9616 97 729 96 8917 59
5575 7 971 62 6614 59 9251 74 8325 100 3961 2 9374 48 6605 71
5576 4 4390 48 5817 94 5056 31 4604 62
5577 10 445 21 5451 20 1161 47 6734 55 5415 89 645 98 5636 87 6893 85 8017 18 6763 79
5578 2 754 97 6676 28
5579 5 3459 95 6906 35 7870 14 5459 26 1021 75
5580 6 3260 49 6110 7 6495 55 4568 88 1899 37 9908 5
5581 1 5197 74
5582 6 2078 5 5899 100 7370 23 592 46 6705 58 2927 23
5583 3 323 57 6018 41 3810 84
5584 5 5081 36 4870 47 7751 20 5603 15 1428 90
5585 6 519 59 9908 49 7747 35 1014 91 8096 19 1627 77
5586 6 3235 69 6642 46 5413 24 9318 56 6013 31 79 36
5587 3 1071 48 143 40 9794 12
5588 2 5477 5 7462 58
5589 7 4473 7 5901 81 6051 100 7997 67 1115 12 3421 38 8786 16
5590 2 1572 72 2183 54
5591 2 5535 21 2559 85
5592 5 3480 11 9942 42 869 42 3335 69 4412 37
5593 9 3861 69 2391 38 1092 39 949 98 9550 100 6714 100 9941 81 1623 79 5282 13
5594 4 274 78 5996 70 2164 52 8577 36
5595 3 4543 44 6491 84 5105 96
5596 7 2132 71 1526 36 7537 4 4097 88 257 6 8281 36 5900 72
5597 3 3155 51 9981 87 5840 53
5598 7 2200 63 6973 38 5829 75 5405 78 4505 68 2279 11 1018 88
5599 7 831 11 6787 81 9617 77 5935 84 3095 11 9732 9 411 49
5600 5 1518 87 7710 84 4922 40 6170 12 1516 11
5601 4 3373 8 1514 70 928 5 8983 42
5602 6 1048 42 8374 92 8644 41 2224 66 2399 94 9704 8
5603 7 494 93 9279 100 8423 35 2028 92 9031 32 5584 15 5353 94
5604 7 2182 77 9853 86 7778 51 4733 77 2120 66 1421 72 7081 10
5605 8 1561 83 5642 49 7852 61 2307 18 6409 27 2181 93 5762 73 7851 72
5606 7 3479 91 5735 27 7054 93 4843 68 4052 95 2434 38 5375 55
5607 4 5197 47 1452 79 7657 19 4672 72
5608 4 2068 26 6377 70 9155 40 6110 41
5609 5 2609 53 7375 35 5687 83 2487 23 971 7
5610 4 5062 1 1158 70 8899 33 2825 7
5611 7 4646 59 6281 12 9928 19 818 95 3299 44 9410 42 141 23
5612 2 1215 3 7306 88
5613 5 1449 27 8690 29 3134 10 1165 94 853 14
5614 5 3188 28 9329 33 9656 4 7939 9 220 41
5615 5 872 4 6435 53 3988 50 377 68 2112 21
5616 4 1729 79 1954 34 6884 43 6252 53
5617 7 2093 82 5726 96 6312 93 7142 43 2459 35 1349 77 9740 79
5618 3 2229 68 8845 46 5933 71
5619 5 1759 15 5925 62 8267 22 9272 21 8104 17
5620 5 1377 95 9776 93 8723 40 5444 81 6826 58
5621 6 4423 24 8180 99 9569 16 1236 73 4114 60 2964 41
5622 6 5200 28 8712 3 5823 7 5759 60 5346 10 7894 59
5623 8 4156 77 6784 71 8797 82 1027 72 5655 10 6398 66 9697 76 6485 93
5624 8 2344 72 6802 51 366 79 4449 50 8628 49 1583 4 6223 91 1255 63
5625 6 373 50 6052 73 7772 31 122 63 6420 64 3041 13
5626 7 4267 68 5663 33 1563 74 5453 47 9814 29 1696 19 4034 98
5627 2 329 79 7953 32
5628 5 381 9 9447 14 6335 29 1181 88 4500 84
5629 5 21 25 6149 70 2152 3 502 86 665 20
5630 9 4050 64 6098 56 8788 74 3696 21 2315 46 9146 97 1713 4 1527 39 619 23
5631 5 4701 37 6635 23 2670 12 5733 25 7509 93
5632 7 2138 14 6590 87 8679 13 2192 19 8223 40 9233 3 11 63
5633 6 3037 76 4637 28 6082 61 3412 73 5095 54 7147 95
5634 7 2809 63 9838 86 2539 3 2673 67 2019 16 4040 25 2309 47
5635 7 1110 67 2818 50 1950 91 3792 53 1959 70 2508 5 2517 47
5636 8 1400 63 9554 13 6862 22 5902 62 3454 71 6208 32 5577 87 7922 22
5637 6 105 57 4466 18 4440 12 3627 94 7484 72 1562 32
5638 8 4929 81 7548 71 9506 74 756 48 2966 94 2548 56 8554 85 5532 38
5639 4 371 71 7176 73 7202 91 3898 10
5640 2 5254 47 9880 41
5641 7 2215 43 1609 25 8778 80 684 80 3516 49 8974 75 6848 85
5642 4 5605 49 9899 41 5356 83 3782 17
5643 6 4081 1 6032 95 5293 13 6745 76 9186 10 8063 36
5644 4 3883 37 6421 39 1807 70 8731 97
5645 5 2056 77 8074 98 9686 54 9425 37 3274 64
5646 7 4366 35 8517 36 4087 91 1966 72 1193 65 3969 21 3507 52
5647 5 3596 97 5817 6 3316 69 2353 59 8037 55
5648 4 5343 50 1902 54 547 16 3738 22
5649 2 1602 58 1036 77
5650 5 2908 47 4518 55 8034 97 3896 76 2819 38
5651 4 4932 88 3178 74 8503 34 7895 30
5652 4 5070 33 2617 37 940 50 2721 61
5653 7 3126 84 8963 16 1271 13 5567 14 8078 30 379 16 8504 88
5654 6 5113 12 1489 87 4484 44 7659 54 6031 73 7507 27
5655 7 960 12 9688 30 1011 3 5623 10 286 68 2765 41 8399 94
5656 5 1125 30 2137 31 9849 17 8381 24 7922 74
5657 5 622 89 7197 14 8788 83 3162 46 4898 68
5658 4 560 42 4991 29 9423 8 8935 11
5659 7 149 8 3558 45 1219 64 6101 21 2890 79 1925 48 1540 19
5660 5 835 79 1115 41 1169 6 1837 40 3830 74
5661 4 2972 57 8201 65 5376 100 1787 16
5662 4 4373 69 8150 88 3759 85 2537 43
5663 3 5626 33 4462 79 8853 86
5664 4 1530 54 7082 78 7340 24 8876 24
5665 1 5131 77
5666 3 2615 68 6365 48 6649 72
5667 3 2483 79 6991 64 7513 48
5668 2 4436 45 1376 52
5669 3 2849 45 5133 24 7368 35
5670 7 2571 51 7337 41 4107 69 7640 33 3384 49 4173 12 4409 70
5671 5 3908 45 5347 84 2549 83 8289 19 2053 81
5672 4 5190 12 5182 50 157 13 7082 3
5673 4 4418 19 6186 52 2162 85 2215 8
5674 9 1002 81 6942 99 2116 29 6691 59 8282 69 6026 34 2093 89 243 18 105 53
5675 4 1048 81 3694 94 9611 24 9594 54
5676 2 3024 15 1947 47
5677 5 1951 6 2504 39 6846 82 8313 9 6894 46
5678 5 5144 62 7336 27 825 47 7249 78 1644 16
5679 9 3290 48 7985 64 1764 89 4426 48 4766 88 6622 36 1652 30 1235 43 4554 91
5680 6 722 14 6419 99 1878 9 3449 82 3774 66 3375 27
5681 4 2428 81 7239 74 2530 6 4610 44
5682 6 487 42 6662 71 7016 94 5504 52 1783 27 8930 75
5683 7 2579 60 6598 79 762 71 8649 57 6451 64 5439 28 1620 14
5684 2 5140 47 1035 92
5685 6 4872 25 4172 17 3176 17 9480 41 4451 84 6055 30
5686 7 2713 25 6016 94 4583 29 8527 82 741 11 3533 34 8995 35
5687 10 4989 1 6562 98 6868 3 305 87 5609 83 665 79 4195 29 4692 96 402 24 8986 21
5688 5 3824 7 2257 94 9080 79 6033 76 1449 46
5689 7 4791 6 5928 90 9692 86 7148 51 1186 62 9741 48 2624 72
5690 2 139 65 3201 71
5691 1 2597 51
5692 4 1415 37 1535 85 8152 76 4978 51
5693 3 4236 83 8975 70 4317 5
5694 5 1896 43 8664 75 8469 84 3727 24 1255 71
5695 3 1073 3 6424 29 737 25
5696 4 400 94 5745 67 6478 80 2282 94
5697 4 4252 65 7402 44 3397 21 2772 47
5698 8 4240 86 8253 81 8932 43 772 37 5273 63 5194 36 7507 83 2111 77
5699 5 2172 78 7968 36 2784 90 4772 14 8071 76
5700 3 2460 75 7371 72 1204 88
5701 8 1900 80 2836 32 4387 71 2767 39 8190 18 4477 89 222 32 2283 40
5702 7 4277 93 7618 44 1301 29 8601 47 8882 10 8200 64 8432 78
5703 7 5562 36 8520 63 9431 93 9649 23 8053 80 8984 1 3199 60
5704 6 619 38 8744 35 9611 30 2919 42 9247 50 2783 83
5705 7 4960 30 706 66 1167 56 7506 72 4353 43 9877 28 35 66
5706 3 1533 22 2495 71 7126 39
5707 4 2238 79 992 55 6098 36 5050 98
5708 2 1586 53 1604 11
5709 7 262 10 6576 89 6999 41 9694 20 4317 33 5972 9 405 88
5710 2 2899 34 7731 41
5711 6 4564 50 7663 7 7323 93 7384 52 8662 88 0 44
5712 3 219 14 5462 44 1257 87
5713 5 3566 26 6536 58 621 22 2552 77 7962 43
5714 7 3752 42 6540 67 3406 1 374 5 753 36 6842 8 1953 62
5715 6 4965 38 8073 38 8329 67 5285 25 5741 29 1666 2
5716 5 4656 13 6275 27 4463 98 3329 81 6566 14
5717 9 1978 73 866 60 1257 94 6028 77 7344 91 4372 98 3962 36 2391 18 5892 47
5718 6 5246 49 2085 48 6748 2 4287 79 2100 59 290 4
5719 8 1380 32 9467 86 9484 1 2035 47 7718 3 834 76 8983 76 4513 68
5720 8 1688 81 8202 85 221 40 8708 53 5743 80 8657 2 5837 48 4936 83
5721 5 2013 42 1830 82 1318 23 8387 55 2697 65
5722 5 3837 15 7961 43 8574 73 1825 27 4153 14
5723 3 3110 12 3384 61 613 32
5724 4 1380 56 2899 16 1524 98 783 43
5725 9 43 23 6281 38 3114 100 2474 46 6361 40 1582 55 9675 42 519 22 1248 9
5726 4 5617 96 8621 51 8809 22 9185 35
5727 6 5406 64 6788 62 9258 100 5973 64 8373 27 4036 69
5728 3 2587 38 7021 65 1670 79
5729 8 2950 39 8650 48 4028 27 279 79 7027 75 1861 95 6420 18 2702 37
5730 4 4795 59 9723 23 2292 16 1079 69
5731 6 2065 99 6244 40 6112 78 701 55 2403 24 9927 60
5732 8 3759 58 7154 40 7931 90 8179 75 5891 91 4587 33 9145 60 7301 39
5733 9 2765 77 8097 37 9855 76 6937 51 5631 25 142 69 4781 31 4498 73 4290 33
5734 4 2535 84 2216 99 8074 46 8807 70
5735 7 5606 27 7907 46 9751 3 1166 46 5954 55 8033 54 207 1
5736 4 4269 92 2721 19 8659 56 829 2
5737 4 3962 71 8501 44 9676 44 4164 47
5738 6 1740 10 9461 14 6706 34 481 85 1168 10 4 73
5739 8 2797 91 2448 57 2729 13 1483 93 7438 78 6035 3 8047 60 7836 60
5740 3 4461 16 8611 47 7718 8
5741 3 1361 31 8397 70 5715 29
5742 7 806 86 7929 97 7327 31 1983 88 6806 5 8215 33 2310 85
5743 10 1132 14 6328 26 2384 91 2077 3 282 55 6642 16 5720 80 8127 28 7291 38 4243 31
5744 5 5544 14 1593 37 1296 54 2134 81 2288 18
5745 9 87 53 8544 83 3402 84 5696 67 8899 51 4748 86 7134 53 3910 85 1602 83
5746 7 5303 14 6142 5 9291 79 9500 2 6865 35 8788 43 1574 47
5747 4 4642 14 8336 48 2198 56 1122 38
5748 2 2073 24 2427 88
5749 4 3847 3 2783 38 6954 74 4981 40
5750 6 4769 54 7304 45 8234 74 7712 95 5967 72 805 35
5751 6 1467 13 7814 10 9162 53 819 30 9780 32 4873 56
5752 4 4149 75 4721 88 5099 88 5934 72
5753 8 5054 84 6152 82 6405 65 8669 34 851 10 9088 23 3926 27 1955 37
5754 9 743 30 6903 93 7241 64 7504 59 570 58 657 21 8764 75 9250 72 3163 45
5755 2 2140 80 4771 25
5756 5 2770 22 6809 88 3954 23 8224 47 3458 91
5757 5 609 82 7969 9 2986 89 7282 6 7072 18
5758 5 3664 26 8350 61 5435 81 4172 7 2607 75
5759 10 2027 87 7505 48 9128 31 1079 25 3740 84 5789 75 2628 55 5622 60 8458 34 3567 97
5760 4 923 38 7221 5 5410 86 2685 31
5761 6 3156 88 1360 41 4958 30 7546 14 2015 52 9194 37
5762 6 3454 49 2718 48 8476 62 6555 15 5605 73 2917 66
5763 5 1335 58 5864 83 7062 81 467 8 7981 100
5764 1 3734 8
5765 3 3350 36 3511 55 661 92
5766 5 4515 15 1691 65 7827 10 2230 19 9452 68
5767 5 1042 79 6245 90 6252 55 9395 16 2220 22
5768 6 2149 55 9417 4 4734 21 5828 31 227 6 1912 84
5769 3 2134 58 6783 88 1995 24
5770 4 3012 3 82 56 7587 72 1086 8
5771 6 2842 98 5825 87 6211 23 1936 80 1117 5 5486 34
5772 4 434 15 9915 62 498 59 4102 12
5773 11 4066 31 7775 27 8745 31 2347 75 399 12 7532 64 3099 100 3968 78 3177 40 3670 31 5248 80
5774 7 3761 74 6303 74 7733 81 656 57 3334 14 381 29 9185 19
5775 5 4844 100 7637 5 6402 15 534 79 5056 25
5776 9 267 90 7700 20 1644 18 7301 53 3782 98 1040 83 7904 36 8046 83 7395 73
5777 4 39 39 8627 56 3919 44 2825 30
5778 5 2724 10 9488 45 1100 99 4766 96 6213 6
5779 3 2414 64 9459 20 5091 21
5780 6 5127 91 6863 60 2747 71 315 24 5294 70 3644 64
5781 3 1199 4 4790 19 7130 81
5782 6 4317 55 675 41 1389 99 480 20 7863 14 9303 91
5783 6 3404 33 2502 47 2700 12 4540 59 1296 74 2029 7
5784 5 5295 66 2165 76 8943 13 2592 80 1197 43
5785 5 1264 72 7941 1 1597 56 394 40 709 75
5786 7 165 21 6779 8 7639 64 3569 41 1981 37 1411 51 8529 56
5787 7 624 58 8058 56 6264 11 654 96 5874 88 3084 55 7923 96
5788 4 2045 45 2260 89 2535 32 1537 23
5789 7 5172 11 7194 89 5759 75 9282 95 8330 8 5220 75 5335 63
5790 7 2647 48 8858 91 1836 32 4194 49 5241 71 2708 53 7418 40
5791 4 1168 56 3049 52 6459 79 3 16
5792 2 4369 67 6925 3
5793 3 1245 42 7107 46 7118 34
5794 3 905 35 7924 76 2206 19
5795 7 5010 56 7736 77 3334 87 3386 43 5804 34 4330 94 6747 67
5796 7 3763 31 7097 18 1273 66 6321 97 7526 44 417 34 8404 93
5797 5 2182 6 7219 99 3597 79 1573 94 102 73
5798 7 4401 62 3315 85 3316 80 5450 40 3673 56 5057 39 306 1
5799 7 3998 42 86 91 5568 95 5298 78 8294 25 243 48 8889 5
5800 6 4354 61 7780 29 478 19 1142 83 794 4 4969 73
5801 7 238 19 6084 62 7581 60 8555 87 870 67 2013 48 6224 26
5802 4 3363 8 7224 4 1561 75 1419 32
5803 5 3387 27 7140 53 1424 44 5164 75 7168 36
5804 8 5396 50 9882 18 894 53 1802 25 4680 66 5795 34 73 77 7411 87
5805 8 2678 57 9513 56 9287 58 9742 29 4160 24 92 59 6152 77 921 49
5806 6 3264 70 9887 70 1259 58 4029 98 3184 12 1382 69
5807 5 1852 84 8720 88 1237 11 1958 63 5361 86
5808 8 5283 75 8665 4 5138 95 7463 44 2099 40 0 7 2744 27 1071 48
5809 4 3209 75 4522 76 2449 64 1036 4
5810 6 3103 34 7544 1 7275 63 2873 62 1807 81 7704 57
5811 3 548 13 935 17 6009 12
5812 1 1730 6
5813 6 2732 18 354 86 9413 41 2728 43 6087 17 6194 86
5814 7 2916 88 6207 96 7732 70 1145 91 801 54 7587 79 9407 57
5815 5 461 99 6140 58 7653 22 8159 23 5892 60
5816 5 2278 9 8634 86 1393 73 1558 79 4605 58
5817 6 5576 94 5647 6 1664 36 9089 79 1156 11 201 84
5818 8 209 89 1760 90 1813 22 1932 64 9189 56 3032 29 2263 32 7296 47
5819 4 1692 34 9415 47 7670 86 4504 63
5820 3 3306 13 834 52 8999 98
5821 2 4309 14 2288 75
5822 4 4660 91 6265 52 4443 3 8042 19
5823 7 2963 39 6139 15 6519 73 9442 81 5622 7 3596 3 376 59
5824 3 1595 43 9350 55 9492 31
5825 6 5771 87 17 16 8349 76 6610 51 1699 29 4559 9
5826 5 2724 78 530 90 8399 78 2806 11 411 63
5827 2 322 7 9031 48
5828 4 3869 43 1251 34 5768 31 7223 73
5829 4 2515 53 5598 75 2772 40 3646 42
5830 2 3407 86 7571 32
5831 5 2170 15 2819 32 745 68 116 89 8236 26
5832 8 916 92 4429 63 1363 13 2399 40 4348 46 7151 7 7584 26 9668 22
5833 4 4177 2 7060 65 7929 54 8582 25
5834 4 3672 50 4255 2 7475 16 400 51
5835 3 2340 26 4013 44 5350 54
5836 6 1103 1 8547 30 9220 56 9394 47 2541 93 4356 47
5837 9 5273 1 7320 62 8419 11 3652 28 7386 15 9742 85 5720 48 9399 32 2140 19
5838 5 1742 94 9175 98 2043 26 508 54 4737 54
5839 5 467 30 7243 97 7699 61 9250 70 6135 38
5840 10 2049 12 7166 8 1560 59 2384 88 5239 82 6692 94 8608 18 660 17 5597 53 2567 27
5841 4 1663 5 3978 23 5907 80 420 72
5842 7 4392 38 8439 12 3644 19 3247 78 7206 36 576 19 3550 27
5843 8 297 36 7998 63 4913 73 3774 30 323 1 9822 67 8357 24 3357 96
5844 7 3 13 9510 29 6647 51 8315 59 5959 53 8683 17 5189 89
5845 7 2712 35 6402 32 6518 76 2057 96 612 22 984 24 8771 12
5846 7 107 70 2252 49 6151 72 2960 3 5509 12 89 57 8102 64
5847 12 3641 99 5877 62 6699 13 7235 34 9619 70 9023 27 1041 4 1526 68 4659 86 6202 100 8840 50 3409 63
5848 2 2699 80 9026 20
5849 6 5117 23 8411 85 5450 90 729 26 2239 96 4629 96
5850 5 778 80 9743 34 1281 86 3319 27 9752 11
5851 5 3921 80 7896 41 348 8 3745 3 9279 100
5852 2 4680 64 880 65
5853 2 922 11 6581 47
5854 3 4959 33 1853 10 8626 71
5855 4 846 25 8290 89 4951 52 1303 77
5856 3 1531 72 8009 48 1218 14
5857 5 948 59 3221 61 4146 38 2049 62 150 68
5858 4 1325 88 5298 23 6504 68 9250 83
5859 2 2494 49 2277 27
5860 4 4724 78 6879 97 2599 15 281 12
5861 3 5083 59 6708 84 9896 4
5862 4 2124 25 9674 64 4014 7 2612 82
5863 5 3560 78 9991 37 1423 85 551 2 4767 96
5864 4 5763 83 4125 65 4258 41 992 18
5865 4 1298 72 1760 55 1511 57 349 51
5866 3 5389 68 7920 73 7818 88
5867 5 361 24 9193 7 4430 41 9418 25 538 72
5868 8 1500 33 8488 83 7913 19 7325 8 7992 77 4937 69 9570 36 7561 48
5869 6 252 12 9678 2 3391 52 3787 16 1257 72 9305 51
5870 1 3106 87
5871 3 4133 47 6443 100 1016 51
5872 4 259 97 5309 1 3763 16 7471 45
5873 5 5041 89 6780 90 4779 55 1398 41 6673 56
5874 5 306 27 9753 65 5787 88 2104 48 2813 79
5875 5 3481 25 6606 7 2367 49 4325 43 2615 13
5876 5 1712 41 8925 4 1518 98 3151 10 9170 55
5877 2 5847 62 6845 75
5878 7 2300 68 1866 30 1535 51 4251 89 700 90 7349 71 6552 1
5879 4 4546 41 3441 52 2089 38 4258 10
5880 3 661 3 9026 9 8286 94
5881 6 4894 46 8283 25 8063 98 1604 59 960 10 9142 71
5882 5 1707 96 7403 62 8987 61 6299 45 1732 67
5883 3 2478 49 9662 45 3545 76
5884 6 2839 56 8647 68 745 19 2285 95 346 7 7760 57
5885 6 3369 7 4682 32 2749 89 6383 49 777 91 1867 3
5886 4 1501 72 1907 36 4698 34 2792 34
5887 3 295 13 2727 98 1827 82
5888 5 2353 74 7177 93 1400 6 9209 31 2004 91
5889 2 2745 8 5039 99
5890 4 4764 27 7876 70 8600 25 2577 4
5891 9 343 62 6491 57 7425 35 5732 91 7162 66 7790 49 3739 77 9334 26 3746 22
5892 10 652 90 6326 4 5230 63 5922 31 6927 25 1635 91 5815 60 4981 36 7522 33 5717 47
5893 4 1611 24 5907 20 2936 76 9523 50
5894 6 4871 77 7009 32 877 42 6397 7 8348 24 7511 17
5895 3 3720 32 1977 84 3514 99
5896 5 1488 83 664 37 7396 65 1417 51 2607 67
5897 3 4097 8 1064 64 688 5
5898 6 4466 18 6901 97 6522 17 977 36 9072 100 1349 45
5899 5 5582 100 8043 41 2137 6 1686 73 5375 72
5900 6 1769 61 8925 46 4906 80 9392 9 5596 72 129 68
5901 4 5589 81 8416 80 613 13 9938 19
5902 8 2651 36 7222 62 2952 85 6254 75 1043 75 7702 59 5636 62 8775 89
5903 4 1921 62 6538 52 7882 12 6922 26
5904 5 747 42 549 43 1720 20 5227 93 3580 85
5905 6 4864 36 9341 92 128 35 1310 39 499 17 6226 93
5906 5 128 52 5940 25 8053 69 7132 94 1389 5
5907 6 5893 20 9436 41 469 52 7152 73 4072 71 5841 80
5908 3 4863 97 1446 10 132 44
5909 5 2376 59 1508 89 5382 10 1082 88 3690 66
5910 6 2473 66 6087 36 3097 86 8812 21 7103 48 1409 88
5911 6 4608 82 7972 77 7264 84 3303 10 6356 84 7132 1
5912 5 708 86 8306 54 5497 52 7592 52 9866 86
5913 4 4604 3 7987 2 9517 89 1595 3
5914 5 4500 16 7196 48 8352 66 2825 90 1765 52
5915 4 4479 80 1878 55 2454 85 5514 65
5916 7 3439 60 408 70 2676 4 804 19 97 67 1059 95 549 52
5917 3 2367 21 2651 33 6287 100
5918 4 5066 55 4888 61 536 72 4247 20
5919 10 4221 23 6682 66 8309 49 175 70 7115 34 8614 62 3878 74 3308 79 7379 26 9081 27
5920 3 3483 19 4338 76 5945 44
5921 7 4679 68 443 79 9036 88 3131 66 6164 38 1198 21 9138 57
5922 8 3748 38 9065 29 6327 89 5323 5 5298 48 5892 31 9374 29 6593 74
5923 7 1201 48 6563 46 63 88 2223 66 2575 36 8883 87 4751 74
5924 8 226 14 1785 83 918 66 8105 57 1455 29 21 74 826 94 9167 15
5925 5 5619 62 7149 30 4003 80 1957 36 8554 30
5926 6 3398 13 3321 2 8025 59 3271 14 2892 68 9442 44
5927 6 2733 87 9875 29 7679 30 7057 75 6697 70 1348 53
5928 7 5689 90 6342 97 6904 32 3840 95 9430 16 4214 29 5461 1
5929 2 4544 42 6181 39
5930 1 3397 8
5931 6 4881 50 3490 78 2455 5 8011 24 8816 58 2180 26
5932 5 3928 13 5356 41 5215 73 4625 6 4971 92
5933 7 1593 56 5943 61 8207 98 3389 18 5618 71 9928 75 7344 25
5934 6 3288 77 6627 90 2444 75 1073 20 8939 98 5752 72
5935 4 2507 20 5599 84 7013 16 9635 91
5936 4 2664 76 7707 37 883 64 8047 53
5937 3 274 72 1084 31 924 36
5938 3 1578 50 5955 92 9721 51
5939 6 2869 50 6308 34 7617 91 8482 5 9074 54 4277 73
5940 4 4932 9 5906 25 9522 51 2805 7
5941 5 4865 31 4251 89 3657 59 715 49 1381 74
5942 7 2358 64 4727 5 9931 71 8725 65 1618 40 6116 80 2086 39
5943 4 5933 61 7960 100 5441 35 1090 95
5944 5 3432 22 757 40 6744 30 3456 69 3929 27
5945 7 4187 82 1463 16 6643 73 5371 31 9219 30 4414 100 5920 44
5946 4 997 41 6171 60 8105 18 4824 72
5947 5 2178 93 7529 59 7166 98 2666 28 1565 27
5948 6 2065 32 8930 44 2430 80 2694 9 3528 62 803 48
5949 5 743 21 4325 87 1610 88 2619 6 3786 56
5950 7 1425 79 7304 34 5116 92 8095 45 3292 11 2153 16 2186 11
5951 5 5356 60 102 57 7299 78 268 59 1154 42
5952 3 123 61 6184 30 3728 6
5953 6 3435 58 8807 53 7854 85 7872 33 7397 38 115 75
5954 5 1603 18 2412 11 5735 55 7553 70 1168 81
5955 5 5059 89 5938 92 9839 100 3395 26 1197 16
5956 3 1461 34 9524 99 1577 38
5957 8 1937 7 4286 69 3633 80 7827 75 4300 82 4179 75 4631 84 9073 27
5958 8 1417 62 9943 3 3371 66 3140 92 7391 86 6883 20 7283 4 6811 48
5959 4 1916 77 5844 53 7390 47 3783 73
5960 3 4185 90 780 75 6994 33
5961 6 348 19 7683 32 7108 100 6866 50 3756 16 4407 69
5962 5 1600 62 6659 41 7996 63 7446 18 6495 19
5963 4 3760 86 6082 69 1292 48 1450 1
5964 4 5536 73 8195 55 1374 61 54 69
5965 4 2721 29 6084 45 6795 85 8239 45
5966 7 5348 35 6058 59 6192 74 5567 34 2642 86 1612 99 6529 99
5967 5 705 79 5398 44 6385 49 5750 72 2538 38
5968 5 187 10 6562 68 6187 3 8377 87 5564 79
5969 5 1473 7 6763 84 7988 91 4054 75 5277 51
5970 3 1494 39 5449 97 1325 22
5971 6 2337 53 7448 98 1472 58 2768 44 7063 8 2980 34
5972 10 5025 54 5488 16 3276 32 50 23 9379 29 704 37 5709 9 2027 66 8732 87 4646 92
5973 10 3649 37 7107 80 9761 61 8362 52 5727 64 4418 33 7635 97 3686 63 8232 34 2027 15
5974 3 1045 15 6251 97 306 33
5975 6 24 34 4977 8 4094 51 8822 84 2797 74 1902 99
5976 4 3298 18 8748 42 5074 12 7013 41
5977 5 3757 56 7772 22 8777 23 3865 33 459 95
5978 4 2101 17 8249 38 6653 26 6784 19
5979 5 3140 60 1586 57 4539 12 9133 47 7861 77
5980 5 4168 45 6372 81 5263 21 6922 64 1669 90
5981 4 3522 63 385 39 4581 63 7787 7
5982 3 4321 22 9411 74 5416 97
5983 5 1235 70 1961 97 1998 1 1859 25 1040 7
5984 6 4080 71 2518 76 804 33 6466 55 7409 81 6696 99
5985 4 4690 78 9420 84 4211 38 3914 73
5986 7 3101 9 9027 16 9579 88 5551 95 9924 59 8879 34 2615 34
5987 6 1894 20 9091 99 2289 86 4507 54 2668 45 8208 34
5988 8 3953 19 9274 28 1548 66 9190 65 9666 72 2028 26 3440 56 422 26
5989 3 1016 42 5310 74 7216 86
5990 6 351 31 5199 45 3078 99 77 37 5272 80 9491 45
5991 5 1129 18 1036 16 1100 49 3006 78 8780 15
5992 5 5037 46 8006 82 8796 83 491 95 5163 1
5993 6 369 38 4516 5 8654 44 580 80 6201 3 2047 2
5994 3 3661 53 1236 97 7248 40
5995 7 3331 4 6338 14 6658 72 1555 30 2981 63 647 31 866 22
5996 4 5594 70 9298 72 4874 61 2545 4
5997 5 1306 80 6664 41 3202 98 6720 50 9097 39
5998 4 1036 13 5373 31 3939 76 7001 35
5999 4 5197 85 3888 7 8508 21 4719 13
6000 7 1202 8 9451 21 2310 68 3859 49 4396 97 1795 53 9885 46
6001 4 4750 1 8906 39 7192 35 9319 70
6002 3 861 57 7214 77 1255 24
6003 3 2372 24 8064 47 318 47
6004 3 4008 58 9243 41 8685 34
6005 4 5448 49 4219 73 1860 35 1508 10
6006 3 5542 18 7357 94 6631 59
6007 7 4120 41 9463 33 7335 78 26 88 1505 2 6585 22 8263 81
6008 8 4713 30 1177 32 5546 10 4858 38 205 51 4964 52 2815 23 8898 83
6009 4 2632 80 2454 9 5811 12 647 31
6010 4 2721 46 8804 47 3312 45 1919 75
6011 6 1956 34 8880 21 1630 80 7401 32 9988 2 2334 49
6012 7 2592 21 504 6 8505 87 631 78 3838 40 5265 77 7786 85
6013 4 5234 16 6895 81 3259 35 5586 31
6014 5 5506 14 6165 84 9642 91 6159 12 161 18
6015 6 2583 95 8380 14 2590 87 4300 46 1771 93 7445 77
6016 5 4506 69 5686 94 8425 86 1611 24 4448 65
6017 4 4248 80 671 67 6157 99 580 59
6018 5 5583 41 9282 28 7866 12 3194 36 8739 17
6019 3 422 57 2427 42 6923 23
6020 4 2654 20 8517 54 720 31 7479 2
6021 3 3183 31 8579 65 1449 6
6022 3 261 80 4384 1 7762 5
6023 4 5028 40 1139 94 281 46 8049 90
6024 4 3302 10 7333 63 5227 95 2237 25
6025 4 3179 11 1214 28 6092 29 395 3
6026 7 3567 72 2086 87 5118 66 5674 34 1653 42 4375 28 2386 49
6027 6 629 53 8049 81 2197 19 7412 98 1509 57 8036 96
6028 5 2177 19 8818 61 6993 79 5717 77 4299 9
6029 4 2787 6 6104 8 6246 77 737 49
6030 11 2128 99 9606 55 4933 42 7266 74 5364 64 5121 67 572 33 144 42 4403 84 6158 98 3046 42
6031 9 4952 65 9404 70 8611 30 1929 75 4694 46 4439 40 9001 1 5654 73 6990 23
6032 4 303 82 7139 28 5643 95 2141 66
6033 5 2073 96 8937 28 6873 22 3635 22 5688 76
6034 6 5249 55 6855 66 7086 41 7673 82 2443 26 7842 71
6035 5 2512 36 9548 59 1467 85 5739 3 4710 54
6036 7 1956 99 7157 43 3802 87 4254 18 7776 72 9547 55 8231 83
6037 4 598 27 6121 11 9264 89 6368 68
6038 4 2910 89 5068 9 5483 26 7076 57
6039 6 3655 7 6780 27 1683 44 5448 69 4163 46 8900 29
6040 3 1989 71 5025 65 3891 87
6041 8 4045 26 9352 62 7935 53 5038 67 5058 36 5253 5 7742 79 1576 59
6042 5 5193 7 9061 69 4302 91 7322 18 1103 12
6043 2 3725 22 966 35
6044 5 2685 34 7044 2 6463 96 6906 62 6917 88
6045 4 4700 99 4468 39 7964 60 2896 21
6046 2 4020 70 9827 5
6047 4 569 50 9111 45 7494 62 9205 4
6048 2 1274 92 6323 52
6049 6 2300 33 6404 85 695 31 6768 78 3263 3 4650 62
6050 4 1848 58 4969 85 4915 97 8729 57
6051 4 5589 100 3320 87 7132 47 2604 21
6052 4 5625 73 8512 63 7417 51 8707 53
6053 3 633 90 8679 33 4716 95
6054 6 3273 17 8696 44 4765 17 2298 35 6789 81 6926 31
6055 4 4207 57 9689 41 9409 67 5685 30
6056 7 4053 47 9514 39 9713 1 3682 78 9007 75 5380 37 8223 29
6057 2 2434 2 6938 35
6058 9 5966 59 7832 3 3638 85 344 57 137 2 9808 86 9715 84 3635 59 1363 87
6059 2 2415 92 7242 98
6060 7 5569 84 3229 5 5536 46 2090 3 1598 74 1995 13 4022 14
6061 1 2776 82
6062 2 4019 65 3708 47
6063 8 5201 63 3161 97 4672 36 1363 30 9619 34 2866 78 207 78 6610 59
6064 3 2257 93 2406 59 3782 58
6065 8 2055 18 2174 94 7080 4 4808 98 6139 36 6831 73 6817 69 1991 56
6066 14 1369 37 6545 51 9384 81 172 60 842 75 7177 62 9478 4 6650 59 3731 93 2383 69 1507 24 809 2 4667 45 3538 9
6067 6 3040 82 4946 2 2712 54 628 81 3544 78 9912 19
6068 7 4277 68 7822 98 455 35 1872 92 5164 97 5331 44 4699 98
6069 3 1888 44 4503 94 2004 34
6070 4 795 32 6776 2 4243 98 9568 19
6071 4 1309 34 7875 89 1693 41 6356 44
6072 5 2031 59 1648 43 5037 15 510 14 805 79
6073 7 1549 82 9570 74 9774 63 872 78 5304 20 7598 37 9663 77
6074 5 909 100 9419 62 3903 12 8846 64 6339 24
6075 7 67 8 6217 100 5453 45 575 94 9767 21 5034 21 3070 55
6076 4 3324 71 3196 37 6130 3 5197 84
6077 5 2333 16 1803 70 9282 86 7403 60 6607 76
6078 8 3132 87 7138 84 2572 27 4859 1 4679 4 2308 45 2262 63 4636 51
6079 1 2744 40
6080 8 1102 95 6092 96 934 65 6269 93 6270 63 1445 51 26 48 7047 58
6081 4 1157 20 6630 34 8585 2 7116 5
6082 8 1080 18 5963 69 5633 61 9010 10 5140 38 985 35 1863 54 3679 74
6083 2 5349 34 4223 100
6084 4 5801 62 5965 45 5261 71 3470 71
6085 6 1809 20 7407 11 2258 72 9460 99 1088 11 976 27
6086 9 5509 2 8506 26 832 75 8967 46 5236 41 8671 70 329 47 3328 1 6324 38
6087 7 5910 36 9605 69 3794 89 174 34 691 93 5813 17 4438 89
6088 6 2729 8 8656 38 1861 66 8876 80 7898 90 1205 34
6089 9 2504 91 6970 96 7298 42 766 51 2700 90 6664 30 1273 79 4658 25 5509 98
6090 2 4271 71 3781 88
6091 2 3282 1 9623 81
6092 8 2302 13 7371 69 6080 96 6025 29 7070 100 6965 57 8719 21 5005 100
6093 3 490 5 9728 14 1452 76
6094 5 3747 99 7060 17 9246 51 3943 99 4168 82
6095 6 4817 8 9745 38 1367 16 6685 85 2009 34 7271 61
6096 7 4841 88 2521 19 7280 32 502 58 8806 41 3810 75 9065 83
6097 8 3272 78 7926 91 8020 84 8722 35 592 38 5252 29 1044 62 2054 15
6098 8 5630 56 8952 55 1069 34 2139 53 1539 25 651 51 5707 36 4932 64
6099 5 710 3 6572 15 3597 18 2550 26 6120 64
6100 3 3992 46 555 78 9688 29
6101 7 2014 91 6159 56 3713 41 2018 26 5659 21 8386 92 7058 60
6102 2 3414 95 8866 39
6103 3 3367 17 8022 48 6389 75
6104 3 6029 8 9504 51 6370 41
6105 4 4355 89 7372 2 7161 34 9098 41
6106 6 4738 74 6222 36 2947 56 876 72 4496 67 6624 5
6107 3 1095 32 8795 98 439 44
6108 4 943 41 8378 59 9809 26 3292 79
6109 6 2841 56 2208 46 2523 55 7146 49 1529 46 2201 87
6110 10 5580 7 6114 3 9496 64 5107 87 8769 100 2384 98 2606 92 5608 41 664 45 399 82
6111 8 4174 15 9307 84 696 4 9987 70 7249 65 1352 63 8151 53 272 19
6112 7 1496 14 6282 17 6559 63 5731 78 3264 53 2729 82 2719 81
6113 5 105 9 1019 28 1805 26 6671 51 8036 47
6114 4 6110 3 8074 34 149 82 2517 46
6115 5 1205 58 1711 65 294 84 431 96 2917 31
6116 6 1998 24 9722 89 3520 28 4993 54 414 1 5942 80
6117 6 393 36 7715 35 9187 80 8482 47 7935 20 1358 48
6118 4 928 44 7110 72 3424 34 4331 42
6119 5 5203 89 6520 28 9844 43 392 64 8939 87
6120 9 4019 25 1700 34 6099 64 9391 19 767 88 790 68 3041 4 246 26 9324 9
6121 4 6037 11 3645 63 423 62 8364 54
6122 3 3192 46 1490 88 334 8
6123 4 3453 45 2248 17 9842 12 799 100
6124 3 3144 71 6165 55 4638 78
6125 3 2495 85 6695 40 235 99
6126 9 4748 74 6243 44 6514 3 8221 47 8495 25 1811 58 5393 92 9879 100 7025 4
6127 6 1970 7 1516 58 2672 80 6362 24 3695 37 4585 38
6128 9 4213 27 7937 92 8079 28 4307 3 73 60 4320 77 4319 77 7425 43 4641 59
6129 3 802 68 808 72 8822 15
6130 5 2048 47 276 28 6076 3 6973 65 5033 70
6131 4 5411 26 8740 35 4903 97 7821 14
6132 5 4431 87 5290 66 1740 28 1390 26 981 87
6133 5 3105 76 9832 3 761 26 7704 3 7136 16
6134 7 937 47 7767 35 9651 18 2356 51 4615 89 4857 92 3425 57
6135 5 3132 25 1193 21 528 49 5839 38 4734 78
6136 5 2417 73 8817 51 9589 18 3238 95 4498 66
6137 5 2697 34 7039 21 4832 17 7130 31 4366 9
6138 7 1805 92 9525 93 8483 16 7296 89 3371 73 8379 94 1661 43
6139 3 5823 15 3109 44 6065 36
6140 4 3588 31 5410 20 5815 58 6209 39
6141 3 4637 85 8177 8 4004 22
6142 3 4664 32 5746 5 2434 1
6143 5 701 45 8221 8 9822 30 2363 5 1522 80
6144 8 2903 69 2555 88 432 21 1673 66 3270 57 6717 77 5449 82 620 61
6145 6 1389 52 6817 24 786 4 4018 63 7202 100 4900 37
6146 6 4246 72 5120 93 2067 11 1084 76 9366 30 1055 95
6147 4 2866 56 1828 13 4271 10 1319 51
6148 6 4336 9 6452 97 3983 72 5315 29 6473 88 3750 91
6149 4 5629 70 6380 13 6459 46 7376 35
6150 5 1315 2 7567 49 8671 99 2038 87 9833 25
6151 7 2143 84 1179 1 5846 72 4887 70 878 63 7014 23 2644 59
6152 6 5753 82 6371 55 8555 42 5805 77 6474 23 7826 88
6153 5 3317 41 8821 28 3036 29 1555 14 189 21
6154 4 3879 78 9824 80 4874 90 8655 32
6155 6 91 35 7078 47 6706 26 2681 89 1714 81 9021 83
6156 7 1968 37 8078 15 9676 72 7702 90 4440 67 59 47 7218 32
6157 4 908 52 2757 95 1158 1 6017 99
6158 8 1667 77 6685 22 7083 29 4695 40 1057 3 1522 32 6865 55 6030 98
6159 5 6101 56 780 16 4217 71 6014 12 9324 67
6160 3 2567 91 3113 17 4105 94
6161 6 4971 65 6796 42 1763 67 8032 98 7613 24 8616 3
6162 7 2125 30 2553 44 8764 58 8635 16 6304 2 66 88 6579 16
6163 3 4483 24 201 37 3472 11
6164 5 3949 41 9782 37 1952 14 1823 35 5921 38
6165 6 6124 55 5221 29 1717 2 6014 84 2650 71 2841 39
6166 6 850 71 7058 80 6783 64 8891 53 652 11 9867 46
6167 11 4253 84 853 31 8226 38 7318 38 9559 24 4051 25 1114 95 9279 84 2671 63 2820 6 382 22
6168 2 1282 63 7427 56
6169 4 3318 89 3977 10 3070 35 7158 69
6170 8 3270 6 9675 27 6693 61 9297 52 5600 12 2177 96 4997 53 4188 5
6171 6 5946 60 3817 46 9492 39 3733 99 8123 71 4649 20
6172 4 1203 81 7332 44 1155 79 6406 88
6173 5 4304 25 316 78 975 6 4611 93 1561 16
6174 4 3220 5 9018 30 8301 36 1695 15
6175 5 14 49 2396 38 6631 96 1591 99 6229 74
6176 4 5260 64 9428 22 6649 66 4534 86
6177 9 1453 50 8239 10 8754 70 9693 75 4860 88 1687 17 4633 68 1033 34 3538 91
6178 5 454 37 9154 88 2998 48 4560 79 425 95
6179 5 1733 61 7395 37 8612 39 1412 1 3902 12
6180 6 628 19 2178 36 7693 97 8617 3 1869 36 1438 67
6181 7 5929 39 5239 92 6800 78 245 12 4672 36 7248 11 2791 82
6182 5 1556 84 8243 99 4557 44 5043 97 2456 31
6183 7 151 66 7213 73 7003 99 1295 93 6289 44 433 98 267 38
6184 6 3725 44 6543 24 5952 30 3099 61 6563 28 1125 62
6185 3 997 9 2246 26 1852 52
6186 8 5402 7 3289 25 5673 52 2188 56 7117 21 5159 65 3354 80 380 90
6187 6 1069 67 7799 12 145 80 8366 51 8707 24 5968 3
6188 6 3033 75 7608 7 494 55 7432 35 2502 7 1396 90
6189 2 4663 17 8116 47
6190 4 3745 12 9475 75 8709 9 4110 66
6191 5 4492 31 6523 69 1361 72 3838 97 8077 36
6192 8 5966 74 7468 52 3975 81 1701 66 9115 33 3301 99 7171 100 3995 54
6193 7 4166 28 6900 35 1965 40 5400 9 3865 89 4660 12 8846 37
6194 4 852 41 5813 86 9423 11 6618 4
6195 5 1523 23 4952 87 8445 63 749 43 7545 39
6196 4 607 64 6375 9 1742 76 3522 52
6197 3 3327 37 4115 2 9655 18
6198 5 2324 36 9127 25 136 53 4662 7 4863 70
6199 3 192 64 9840 57 5073 18
6200 4 2529 69 1520 80 7420 21 7590 2
6201 8 4673 42 6933 34 1978 69 6909 68 5993 3 4569 23 7813 65 1614 93
6202 10 2283 12 3335 78 4890 83 9626 59 1010 27 5156 71 8167 68 8458 77 5847 100 767 3
6203 6 4882 23 316 53 7948 44 3180 58 4630 94 2643 25
6204 6 2054 47 8117 50 9894 47 2445 44 8298 36 3827 22
6205 2 4430 79 1794 59
6206 3 2616 91 9190 38 4752 66
6207 5 5814 96 7267 3 6570 72 7531 78 6638 28
6208 6 310 88 8596 99 2848 64 5142 29 5636 32 8426 2
6209 4 2959 54 6634 83 6140 39 3324 4
6210 4 3917 90 6551 30 6307 92 3136 21
6211 6 5771 23 5444 57 2064 76 9268 93 7038 51 4623 24
6212 5 3117 74 2098 4 2524 20 4824 40 8345 18
6213 4 3491 73 6601 12 9006 60 5778 6
6214 1 2803 18
6215 3 897 2 1597 53 6442 44
6216 5 262 62 6357 10 9118 95 1736 89 2765 18
6217 6 6075 100 3638 78 6670 23 4561 55 4464 49 9968 62
6218 5 723 87 7889 62 9924 24 2635 81 6612 20
6219 5 1607 21 375 88 9955 94 7284 49 2917 9
6220 3 3963 69 1064 4 1520 55
6221 6 2086 8 7348 20 2780 27 1892 13 6763 92 3218 38
6222 4 6106 36 7914 15 7934 49 3693 11
6223 9 1033 28 9030 1 200 48 2869 46 788 87 1241 1 5624 91 5266 39 554 49
6224 5 2059 90 2157 49 8076 92 2571 56 5801 26
6225 8 733 65 3864 6 2155 60 1314 53 1410 48 1381 94 7924 82 6906 53
6226 4 3247 32 3254 21 9543 79 5905 93
6227 4 2297 65 1030 93 6879 59 7584 67
6228 5 4446 34 7785 53 613 88 3278 53 53 89
6229 4 5358 45 8286 57 4848 36 6175 74
6230 8 0 24 7328 14 389 18 4761 42 5356 46 5007 21 1902 25 5454 44
6231 2 2538 60 4296 14
6232 2 2524 31 2889 25
6233 7 912 34 1972 32 7641 25 666 45 1360 40 1173 98 2235 62
6234 3 1469 27 7936 86 8513 50
6235 5 671 8 6800 35 5484 20 2789 57 1004 46
6236 5 1843 33 3255 58 1681 78 5293 34 5265 54
6237 5 3741 68 7699 52 3279 5 4489 85 174 59
6238 7 5434 36 5194 65 9839 13 9983 94 3395 73 7672 63 3198 57
6239 5 5179 5 7091 59 6533 92 4823 72 466 39
6240 11 597 44 2639 74 172 75 3351 96 7889 91 2938 41 1440 38 5379 63 1528 32 1926 16 1442 30
6241 5 2190 32 7596 59 3148 28 1033 79 8205 58
6242 5 1194 80 7547 9 7555 45 147 23 549 43
6243 6 6126 44 8190 60 5090 25 6833 65 2320 91 3020 14
6244 6 5731 40 7516 26 6528 53 1420 62 9654 11 4309 55
6245 6 5767 90 9471 2 1270 30 9853 47 392 17 8578 23
6246 8 6029 77 6343 57 8799 96 2525 94 8679 12 4324 55 1171 3 4085 30
6247 7 3822 72 1649 66 2076 91 1194 65 2911 61 4892 67 2334 26
6248 6 5532 68 6274 98 7296 16 8177 14 7702 65 3845 12
6249 5 4421 41 1296 6 2286 49 4762 12 6289 1
6250 5 3508 60 8134 70 2326 95 9114 71 485 51
6251 7 1621 26 5974 97 9727 35 9683 22 6535 40 3427 19 3542 54
6252 12 3183 80 8021 15 8742 97 2081 86 5767 55 3411 64 9253 44 2205 49 8662 72 387 95 2769 70 5616 53
6253 1 1278 70
6254 7 5260 52 5902 75 2101 95 6918 58 1687 91 3693 69 7866 14
6255 6 3505 56 9364 73 3454 32 4385 39 1179 2 5442 57
6256 3 3900 98 1356 79 9858 59
6257 4 314 4 6470 98 3457 47 6861 19
6258 7 2473 76 9252 56 987 84 5511 8 7750 91 7950 84 1452 41
6259 2 2703 9 3187 33
6260 9 3439 77 9766 44 9945 81 8195 15 284 82 3298 27 1912 81 2156 4 977 53
6261 2 4762 55 8493 58
6262 2 961 37 3479 81
6263 4 3075 73 2176 86 6606 86 213 36
6264 3 853 9 9304 92 5787 11
6265 4 5822 52 9022 19 8613 11 1787 2
6266 6 147 82 8413 88 9018 43 9623 71 1944 17 8283 79
6267 6 1959 36 2512 42 355 97 6990 22 2208 24 2963 95
6268 5 2889 32 6533 30 8000 41 4686 25 857 3
6269 5 4554 94 6356 98 6080 93 4024 76 3699 93
6270 6 3457 70 6445 58 3331 93 6080 63 1660 8 956 42
6271 6 4248 43 9332 100 2035 42 2679 76 5363 25 242 36
6272 5 4201 84 5033 25 2478 74 8219 31 6859 37
6273 6 2223 69 7708 14 8458 74 2534 9 1171 14 2776 36
6274 5 6248 98 9466 45 3774 19 8854 84 8715 35
6275 8 1765 72 8077 24 8184 16 5716 27 8306 90 209 82 3671 89 1715 7
6276 6 210 71 5191 54 8523 28 9428 100 654 93 6705 73
6277 4 4617 90 6981 39 6323 63 4826 76
6278 3 1718 56 1818 38 7116 41
6279 7 2916 9 8142 88 5201 64 6418 55 7890 24 9795 29 1217 5
6280 7 5032 78 7234 11 7820 34 5342 18 4655 87 9420 75 5446 66
6281 7 5611 12 5725 38 9649 34 4536 71 9720 49 2591 51 74 2
6282 5 6112 17 580 38 4479 6 7534 69 51 38
6283 4 2165 60 2802 60 3129 46 730 41
6284 5 623 59 6878 93 1662 27 9456 54 8981 21
6285 4 258 97 1600 66 1117 28 6654 17
6286 4 2906 48 5449 58 1723 1 5447 1
6287 7 2791 10 3625 18 5917 100 8423 10 316 22 9874 63 2632 72
6288 3 1923 15 7538 5 4896 20
6289 5 322 22 9817 80 6249 1 6183 44 748 29
6290 4 4929 88 924 7 1154 62 1508 95
6291 4 5449 63 7180 92 1574 89 8465 9
6292 6 3889 4 5160 57 4764 86 7160 38 8876 4 4671 55
6293 3 4557 55 3189 30 4395 37
6294 3 1159 58 22 89 2976 49
6295 7 739 60 6383 82 6915 32 1772 20 371 29 2480 37 5301 14
6296 3 2300 43 9861 88 6816 46
6297 3 3041 36 3331 82 1115 26
6298 3 3595 25 851 68 4067 56
6299 8 5450 10 9613 15 8198 21 5882 45 1534 43 2786 60 1702 88 51 42
6300 2 5509 47 881 93
6301 3 3627 11 5550 91 6507 39
6302 8 5119 72 8680 99 1437 21 745 25 2673 86 2101 52 8536 92 1207 97
6303 3 2226 65 7282 1 5774 74
6304 5 5298 49 3753 9 3402 27 6162 2 3483 26
6305 5 5488 99 8174 34 703 35 3322 6 2708 29
6306 3 985 56 4222 70 6868 59
6307 8 3957 41 9660 48 8968 83 6210 92 1671 72 6456 46 2699 89 2234 39
6308 3 5939 34 2038 38 2201 27
6309 2 4684 51 261 31
6310 3 357 95 2324 2 9085 5
6311 6 5302 60 7572 46 8901 26 3941 54 1194 52 9209 42
6312 4 5617 93 3039 22 7965 62 6556 12
6313 6 2360 13 8422 6 520 9 7651 14 3726 49 6673 8
6314 7 1483 98 2750 55 928 19 263 39 6705 65 1141 46 2724 76
6315 6 3700 21 6803 83 7247 62 2891 54 975 67 4740 7
6316 8 4713 66 6904 97 3199 41 8779 41 2230 84 6684 36 251 12 4641 27
6317 3 2314 72 4608 23 1027 50
6318 7 245 64 8780 83 5138 77 8619 100 4304 21 7160 83 6610 29
6319 3 3301 35 492 96 7820 92
6320 3 1631 31 7161 64 8710 54
6321 6 3077 78 6894 80 7161 88 8789 86 5796 97 171 41
6322 7 2586 41 9913 86 2239 57 1525 74 9628 67 2896 76 3401 87
6323 5 6048 52 6836 12 6277 63 8185 72 9335 98
6324 5 3188 7 697 97 1357 69 8044 31 6086 38
6325 7 242 22 7605 50 7553 46 4470 92 2601 59 9499 43 3468 23
6326 6 4716 55 5892 4 412 37 2091 65 8881 99 9716 76
6327 6 353 98 2772 60 5922 89 1014 10 9738 61 2531 38
6328 6 5743 26 4284 78 3605 17 7988 26 9843 75 1308 37
6329 5 3106 6 1322 57 9571 10 7932 7 1595 38
6330 7 711 56 9823 89 1074 45 6677 5 7176 48 2576 99 1493 90
6331 4 3909 86 9866 20 944 98 7543 88
6332 3 1201 34 5065 48 1848 4
6333 4 2925 22 4816 35 8997 89 9648 21
6334 8 5457 7 6583 90 6974 5 8075 2 2244 78 4069 100 7949 11 2026 89
6335 5 425 72 8140 76 9790 39 5628 29 8159 52
6336 4 2993 22 1416 59 3973 16 1594 44
6337 2 3981 40 1091 14
6338 5 5995 14 1186 80 9139 64 1310 91 2739 63
6339 7 734 69 3260 16 4552 62 9185 86 4199 91 3773 28 6074 24
6340 5 3461 81 1875 15 8373 34 2420 56 452 24
6341 7 1764 11 8250 5 9677 83 8576 24 7903 27 2756 48 4854 48
6342 6 1431 23 1292 52 5928 97 2198 15 3485 62 856 3
6343 3 6246 57 4516 66 4822 24
6344 4 495 95 7774 73 9428 43 5357 52
6345 3 3233 88 7826 89 2943 25
6346 10 5556 92 9512 29 1753 73 7713 92 8347 92 423 90 8642 95 2556 32 1796 86 462 9
6347 8 646 21 6353 80 8293 51 1217 95 4529 99 5 40 689 39 2286 32
6348 5 1277 85 4721 5 2591 96 329 53 9066 87
6349 2 2313 84 1039 89
6350 5 2035 20 6953 50 9942 71 8803 39 7719 28
6351 8 3220 21 8455 40 3536 93 2944 44 2993 13 1538 99 4193 7 496 36
6352 5 3057 96 8998 88 6952 84 5449 52 3867 16
6353 5 6347 80 4251 43 215 55 7471 39 4351 47
6354 7 593 85 2360 93 3742 36 3862 60 5571 96 7132 59 5236 52
6355 3 3078 19 4285 61 2606 31
6356 10 6269 98 1654 23 8824 8 402 74 7464 10 5911 84 2553 14 6071 44 3013 35 812 86
6357 6 6216 10 8477 34 2216 31 6665 20 7000 82 401 6
6358 4 2620 13 9264 100 9686 53 8671 97
6359 8 1632 74 8558 59 612 92 5097 98 7218 48 6567 40 4134 84 9301 76
6360 5 2472 65 589 14 1799 53 2756 46 5193 82
6361 5 39 3 1892 91 4977 80 5725 40 3667 20
6362 4 4094 24 6127 24 8115 91 189 44
6363 6 3812 1 6560 2 6787 9 9381 67 9951 95 8461 22
6364 3 2883 34 2623 4 9385 14
6365 3 5666 48 9205 93 7446 38
6366 10 3414 53 6449 47 8543 30 7689 96 1838 16 3145 58 6688 77 3358 35 6388 20 8344 99
6367 6 2747 50 1505 96 5135 2 4104 20 1771 30 7423 45
6368 6 3781 43 7843 23 3380 25 6749 93 483 95 6037 68
6369 3 4907 59 8175 93 7117 63
6370 7 2736 53 4687 87 7658 49 5492 54 3939 37 4318 67 6104 41
6371 3 6152 55 6870 24 4369 67
6372 3 5980 81 1124 57 5084 35
6373 9 4938 49 7477 29 8959 45 3371 17 2183 76 149 91 6731 68 256 79 1784 18
6374 9 3062 78 7031 80 7670 45 7896 13 4271 97 7389 20 8985 36 2190 5 7250 40
6375 6 3752 80 6196 9 9354 89 3217 2 7862 43 9927 33
6376 7 3218 50 4659 48 2170 15 9515 13 2682 46 1577 53 4098 57
6377 3 5608 70 8320 54 1313 21
6378 5 7 73 5430 16 6745 35 7496 45 8493 62
6379 2 1163 90 6923 86
6380 7 6149 13 6397 23 3504 15 6410 50 2833 69 9198 1 2332 23
6381 5 120 14 7959 17 9207 99 9409 94 4402 15
6382 4 2649 89 7397 64 3456 49 9931 14
6383 6 6295 82 9817 41 8474 78 5885 49 7286 26 9686 30
6384 5 3207 69 9424 74 684 91 7016 63 8983 27
6385 7 612 88 6737 37 1963 32 6962 43 8833 7 5967 49 8838 90
6386 6 1067 90 1091 31 2887 11 297 51 5302 43 6788 95
6387 4 1162 20 9609 84 1249 13 9853 66
6388 3 3147 70 6366 20 381 2
6389 4 4945 98 6103 75 4366 58 6556 81
6390 5 2500 99 6762 65 7298 71 1862 78 2260 50
6391 4 2421 29 9078 81 6977 27 1670 34
6392 2 3734 84 1822 87
6393 5 2514 82 9847 62 3079 28 3509 50 1387 67
6394 3 1459 60 4127 70 8796 30
6395 6 4538 9 92 6 5015 51 30 8 6650 34 2853 63
6396 5 2650 2 8764 48 3792 71 1831 95 6488 46
6397 5 6380 23 8002 44 3857 26 5894 7 1983 48
6398 2 744 8 5623 66
6399 6 3365 34 3526 84 1215 25 5443 28 2678 29 7035 69
6400 3 4558 64 1384 68 5340 28
6401 4 231 77 1044 71 2232 74 444 44
6402 7 5845 32 5775 15 1881 84 6551 16 5472 97 7775 65 8823 83
6403 5 5331 83 9002 9 325 88 4615 99 857 70
6404 4 6049 85 991 86 6442 50 1556 85
6405 2 5753 65 386 2
6406 3 2172 22 1671 52 6172 88
6407 7 512 29 3841 34 4135 67 7832 96 2094 21 7836 44 4725 69
6408 4 363 10 9570 9 5460 33 1981 46
6409 5 953 38 5605 27 7179 43 247 86 6974 48
6410 5 772 99 6842 17 8749 44 6380 50 4090 73
6411 6 3823 6 21 41 2266 70 8648 69 3539 72 4502 95
6412 6 4867 97 439 25 5007 29 4110 96 550 2 5048 42
6413 5 3781 23 5151 46 864 5 4473 49 8891 86
6414 7 4775 58 3343 88 3489 53 819 22 7644 24 4777 21 4168 39
6415 4 4073 77 7847 80 2590 90 1659 48
6416 3 627 31 7279 47 1916 15
6417 5 389 46 7642 37 2854 63 2305 66 1216 43
6418 9 583 11 7391 51 1027 27 1969 69 6279 55 1100 60 3886 27 6624 21 8179 49
6419 4 5680 99 9251 18 8462 9 1745 96
6420 8 890 98 1068 65 8837 89 6957 29 4943 88 5625 64 8455 53 5729 18
6421 4 5644 39 9021 76 8547 38 1097 80
6422 4 2935 29 557 64 3974 74 9919 53
6423 4 1826 17 9197 88 9294 82 2504 19
6424 4 2329 92 200 99 5695 29 697 95
6425 3 117 47 6877 44 9588 16
6426 1 4606 12
6427 6 4548 16 8387 85 8242 21 9963 62 2529 63 1635 10
6428 8 5447 78 1604 73 6853 60 3379 35 9671 61 4844 23 2025 93 1001 25
6429 6 2497 69 7900 39 4850 44 140 80 8066 24 8509 72
6430 6 3109 51 8449 65 202 55 1925 9 4245 13 1507 41
6431 6 1585 76 6626 39 1903 29 3922 64 1728 38 9133 100
6432 4 429 57 6440 5 1416 62 1957 82
6433 7 3878 25 4728 68 6923 85 7208 79 3506 32 2485 18 2453 4
6434 2 2669 95 7712 27
6435 3 5615 53 7583 40 9503 88
6436 3 3634 29 6592 93 2421 43
6437 3 996 75 2925 82 2708 77
6438 3 5502 31 1060 54 8251 71
6439 9 493 17 6875 89 7379 13 2623 56 2166 30 2423 9 1826 1 292 78 5157 50
6440 6 6432 5 7268 10 5461 64 7905 82 5214 77 8876 22
6441 5 5328 56 7986 12 99 28 1719 63 4088 56
6442 6 1343 77 6215 44 3650 27 9572 98 6404 50 1723 19
6443 4 5871 100 1331 55 7070 32 9725 38
6444 5 5246 69 6896 47 3326 75 136 41 829 73
6445 5 6270 58 1634 24 5475 48 2324 83 8706 77
6446 2 3677 99 6712 19
6447 7 2265 18 6588 1 2838 10 3116 65 5350 16 7080 96 8205 50
6448 5 4180 76 44 42 8865 18 6970 84 8935 11
6449 3 6366 47 3496 53 9917 12
6450 2 1647 48 7742 87
6451 6 1613 81 8857 48 2149 73 618 5 2176 16 5683 64
6452 5 1938 78 6148 97 7320 17 9302 66 255 74
6453 4 1528 42 4614 86 4055 53 1639 34
6454 3 5227 71 8912 24 5502 7
6455 12 5503 80 9596 94 7474 79 8767 53 8736 72 2530 87 7326 79 5011 73 4402 58 9133 41 6510 27 6612 43
6456 5 1985 79 9196 53 1905 54 6307 46 2213 96
6457 3 1811 54 2844 74 4032 22
6458 8 3103 12 7721 95 8223 8 9391 19 9671 38 6611 81 7961 67 5171 15
6459 6 2870 41 6792 85 9947 14 8723 32 5791 79 6149 46
6460 4 3240 82 7258 38 7215 17 789 33
6461 5 2681 57 2935 93 6582 29 9457 44 3238 87
6462 7 832 79 6564 41 764 5 6507 74 1889 7 5492 34 3525 59
6463 3 3667 80 1293 91 6044 96
6464 4 1921 75 7891 2 9798 28 8601 38
6465 4 1412 23 8205 14 774 91 9796 19
6466 6 1762 2 7444 95 9452 66 2491 6 5984 55 2047 14
6467 8 35 82 7586 7 5511 9 3411 64 912 15 1751 76 1066 22 2606 70
6468 9 4461 97 8781 33 8236 41 1129 2 1378 7 9444 70 1367 91 7461 23 3857 95
6469 5 339 12 7666 86 9807 51 9625 28 507 20
6470 7 2733 95 3273 12 2896 83 6257 98 7479 45 8611 8 1702 69
6471 8 554 11 7719 43 6740 97 333 95 1646 54 416 21 5432 50 1735 74
6472 4 259 21 2261 35 2065 45 1917 39
6473 6 4549 5 8414 84 8496 19 1524 41 6148 88 8574 100
6474 8 5376 96 9960 98 5360 55 8628 65 4989 51 46 76 6152 23 2307 28
6475 4 5263 16 139 32 7406 44 281 69
6476 5 650 41 9651 25 3836 72 3629 52 1582 13
6477 6 4883 11 1170 68 7172 4 4831 7 8465 95 3288 45
6478 5 2870 1 5696 80 8618 45 2217 88 6764 63
6479 3 3282 98 5195 47 9604 93
6480 3 491 18 9049 61 7889 64
6481 4 592 34 7386 99 8659 27 8651 32
6482 8 637 90 6686 93 9358 36 9926 70 7481 93 3713 61 3864 74 3199 21
6483 5 1435 9 8686 1 9494 78 4856 53 2054 50
6484 4 5571 18 453 46 962 100 2074 4
6485 5 2924 32 7843 5 1266 8 4192 73 5623 93
6486 3 909 10 3233 33 316 26
6487 9 4414 41 8243 84 2275 94 4984 83 762 19 2262 16 68 98 7787 5 3854 90
6488 7 2767 55 3078 78 8460 94 9485 11 440 45 5373 79 6396 46
6489 4 1970 76 7023 16 9811 59 5206 90
6490 4 1941 77 8287 17 4586 30 2142 21
6491 6 5891 57 3565 49 9061 5 5595 84 11 59 1480 48
6492 5 2743 22 5342 45 1611 76 673 2 226 50
6493 4 4076 72 3762 81 7644 11 352 100
6494 3 4767 38 7266 52 694 91
6495 4 1358 31 5580 55 2610 22 5962 19
6496 4 3306 89 4096 40 586 31 4260 21
6497 7 894 71 8988 80 4061 54 9766 6 8520 76 9141 38 2582 97
6498 4 2988 2 7191 89 8889 76 7778 39
6499 7 2531 37 8493 100 9813 63 9361 95 9735 90 2084 23 9690 60
6500 5 2413 58 43 88 8680 74 7439 21 2678 28
6501 4 850 91 4277 18 9645 49 5441 5
6502 3 831 24 3612 15 1655 38
6503 8 5394 91 9208 37 45 93 3487 40 1323 21 3289 15 3721 69 7823 18
6504 4 2572 21 5500 51 5858 68 4042 92
6505 2 443 80 1755 92
6506 5 751 99 9516 48 1519 80 2159 83 8034 72
6507 7 5173 19 9432 28 2496 99 6462 74 6921 13 7440 5 6301 39
6508 5 5499 14 2880 38 1050 26 56 22 7155 21
6509 3 4269 63 2102 66 7469 61
6510 7 2763 67 1277 97 2549 42 4637 44 2550 38 6455 27 1933 78
6511 2 263 28 914 19
6512 7 4870 84 6993 69 706 87 6627 75 7408 51 1387 12 3306 96
6513 5 5024 32 1800 69 2278 20 3481 1 3172 6
6514 4 6126 3 9727 35 3243 93 1555 80
6515 5 1617 71 7983 54 4395 81 5548 23 447 57
6516 8 2090 79 8472 45 6918 82 4850 66 8033 18 3435 93 7160 62 8432 84
6517 4 3334 16 7206 14 3352 94 5504 33
6518 5 4847 45 891 11 5160 78 5845 76 946 77
6519 4 5823 73 8988 8 1129 32 7505 9
6520 6 1562 43 6119 28 2512 16 898 88 7400 70 8152 91
6521 9 4868 68 6653 90 6975 57 9116 29 9857 37 2702 12 7240 34 4733 65 3000 17
6522 6 2773 38 491 98 9641 2 5898 17 3408 78 1653 28
6523 4 5376 82 1278 17 6191 69 4376 30
6524 6 1211 55 9344 18 6718 53 700 85 910 55 1379 28
6525 2 1017 85 5405 26
6526 7 4950 26 6549 19 9410 38 241 28 6728 48 7569 90 1580 11
6527 3 3049 96 2196 11 2446 60
6528 5 2312 52 7846 86 4512 64 9120 74 6244 53
6529 5 278 21 8657 17 1498 2 1733 77 5966 99
6530 5 2258 86 6666 80 5271 62 9845 86 8207 26
6531 5 5364 2 2560 11 2575 19 1604 4 6774 74
6532 4 2231 31 7841 10 3399 93 1824 58
6533 4 5347 12 6268 30 4295 84 6239 92
6534 6 2256 45 214 31 266 52 2965 14 7752 68 3553 100
6535 6 3841 22 6894 67 5050 25 6251 40 2471 52 7923 30
6536 9 5713 58 9614 57 8290 17 182 52 4834 52 7813 85 8175 25 4340 75 9955 55
6537 8 5280 97 7933 73 5503 98 501 46 3499 86 7784 81 925 10 9119 40
6538 6 3341 6 2709 34 9291 31 5903 52 8276 64 893 77
6539 6 4231 19 7598 63 9763 85 4818 35 4290 43 4478 12
6540 3 5714 67 6829 38 4033 78
6541 2 1214 41 9476 94
6542 6 1090 21 1281 81 9613 99 1152 5 9307 5 9037 1
6543 5 2547 68 6184 24 5468 83 2293 43 1051 79
6544 8 3543 87 9061 36 1577 46 9013 85 7413 7 3151 76 9846 34 4296 9
6545 5 6066 51 4165 95 3041 62 6705 63 4476 11
6546 6 2530 10 9120 74 7802 53 1356 24 1802 21 7066 21
6547 6 2341 79 1764 54 2040 63 8786 22 951 61 358 50
6548 3 4030 72 9410 43 5153 42
6549 4 6526 19 4015 69 3246 87 4460 70
6550 7 2153 96 9738 27 1985 54 7410 47 7572 51 9663 85 9135 65
6551 4 6210 30 9051 69 1709 62 6402 16
6552 6 4690 20 5878 1 4097 74 2963 77 1475 10 196 94
6553 6 4040 34 85 33 625 3 2030 80 9839 52 3885 100
6554 2 4227 43 8876 88
6555 5 1550 90 5762 15 3215 93 7837 19 1333 75
6556 7 5496 84 7350 73 363 25 7280 11 6312 12 6389 81 1736 65
6557 4 4241 47 1670 74 9104 73 9778 99
6558 3 133 54 2689 72 9348 92
6559 2 6112 63 273 80
6560 2 6363 2 2791 74
6561 3 720 74 3860 48 1150 92
6562 9 5687 98 6599 77 5235 52 5259 31 5968 68 8348 4 1057 59 3954 31 1675 77
6563 7 3137 10 8386 17 5923 46 2471 88 6184 28 9617 59 169 29
6564 7 5421 16 7103 17 6627 99 6462 41 2093 75 4336 28 2997 17
6565 4 5468 56 8028 80 256 87 8346 4
6566 4 683 66 2637 23 5716 14 9647 87
6567 5 1418 18 4353 50 6359 40 4598 47 4819 67
6568 4 4780 30 8315 93 203 92 4943 6
6569 2 1552 52 1196 95
6570 7 750 25 1436 32 1980 10 7885 37 6207 72 5060 50 3700 56
6571 5 5194 14 2461 40 8141 56 2874 74 4946 33
6572 5 3598 96 6099 15 5375 56 3722 25 4776 73
6573 5 1292 57 1321 80 5007 94 1499 90 7165 68
6574 2 4989 31 3339 27
6575 5 3388 62 2808 58 1101 41 7781 78 1494 9
6576 4 5709 89 7464 49 6904 31 7497 64
6577 6 468 17 1865 21 9535 45 323 37 4083 64 1573 76
6578 4 3928 44 2578 16 7623 4 1701 80
6579 5 175 90 5000 55 69 34 4242 97 6162 16
6580 3 1336 21 385 78 918 36
6581 4 5853 47 384 75 9240 20 639 80
6582 7 889 27 8902 92 6461 29 3478 32 2084 38 7148 92 1689 45
6583 5 6334 90 7801 88 7535 55 276 18 2911 81
6584 3 2551 41 7792 39 4233 89
6585 5 3662 98 3073 59 5345 23 5434 24 6007 22
6586 4 1757 24 7311 44 9725 24 2651 29
6587 3 5261 68 2559 83 1760 10
6588 5 6447 1 45 12 7540 48 117 80 8434 28
6589 7 1798 65 8056 7 5050 83 7933 28 8711 53 5127 100 2500 75
6590 3 5632 87 1017 62 636 72
6591 3 5294 100 7786 56 2931 11
6592 5 6436 93 7651 98 5290 30 7804 97 7470 73
6593 6 488 81 286 33 272 10 163 86 2182 8 5922 74
6594 1 2859 35
6595 6 997 43 6684 100 1401 10 4649 87 9333 65 7343 79
6596 4 3445 33 739 9 7754 48 2175 56
6597 2 3147 58 3706 67
6598 2 5683 79 2623 100
6599 4 6562 77 4217 62 5004 12 274 24
6600 5 4572 19 7918 91 9580 57 1836 28 4603 13
6601 8 1299 93 9089 22 1822 33 1609 93 918 51 6213 12 5338 90 2999 73
6602 10 2987 80 4095 67 4904 28 1404 27 4427 94 2029 97 5063 62 7797 71 8900 13 4576 54
6603 3 512 84 1214 73 3880 21
6604 4 4379 17 7761 38 9195 8 3241 82
6605 8 555 71 1911 74 2142 39 7440 2 4550 77 6859 99 5575 71 1859 51
6606 7 5473 89 5454 42 6960 90 5875 7 6263 86 4341 30 1893 85
6607 10 5317 38 9740 78 8342 71 6077 76 5400 73 5309 56 1469 75 8929 7 871 28 9710 37
6608 4 3800 36 7266 49 2478 62 1571 48
6609 6 995 41 7680 64 2302 23 3834 28 3103 82 286 64
6610 6 1735 26 5825 51 6063 59 6318 29 9716 17 1242 2
6611 9 1559 46 8301 74 1294 66 7218 32 6458 81 2904 66 9097 76 7336 91 3435 41
6612 6 222 7 8027 77 7065 45 7083 95 6218 20 6455 43
6613 5 4867 58 3667 87 7249 73 6865 1 3803 45
6614 4 5575 59 2371 87 815 97 8543 94
6615 5 3055 72 6997 12 7625 85 888 53 9043 24
6616 3 1730 82 9150 62 212 8
6617 3 4184 65 3879 98 4629 78
6618 7 382 66 419 76 546 16 2933 99 4178 20 6194 4 2208 4
6619 3 3999 53 7569 75 40 22
6620 8 4315 11 2334 13 4949 100 4924 100 6831 82 4131 80 1077 74 347 82
6621 6 4312 88 548 55 62 66 9305 9 3135 29 4094 58
6622 7 1157 71 854 4 1681 66 5679 36 958 31 117 100 5151 43
6623 5 5145 60 3154 56 5292 77 338 58 779 69
6624 7 3298 28 9735 68 7371 43 6106 5 2512 98 6418 21 9149 60
6625 2 927 78 2908 78
6626 3 6431 39 2702 82 8030 9
6627 9 160 3 6564 99 5934 90 2946 76 518 63 4670 95 2745 96 6512 75 7334 47
6628 6 3810 82 7192 94 8778 77 3315 98 712 71 8482 15
6629 6 3453 97 278 40 8652 66 882 23 8461 31 8881 72
6630 8 4200 29 7366 9 7454 99 8830 91 6081 34 1998 44 623 28 2562 49
6631 7 5068 51 9607 88 6175 96 4490 17 3322 23 6006 59 2031 67
6632 4 681 60 9191 67 8215 27 4862 18
6633 6 11 49 7543 32 8707 4 1873 42 7893 76 4155 1
6634 6 3603 80 7793 26 1716 53 6209 83 8103 49 1760 38
6635 5 5631 23 7158 21 9650 59 2055 50 4158 4
6636 4 3878 95 4596 51 8101 4 9545 41
6637 3 5282 64 2176 79 4639 33
6638 7 3099 64 6876 80 4601 9 8507 29 274 95 9363 39 6207 28
6639 3 1715 73 8666 60 5351 73
6640 7 905 23 7521 61 9075 94 2656 33 1467 30 126 94 9203 45
6641 4 4469 47 2715 23 6923 99 7065 6
6642 5 3239 93 5586 46 5743 16 2086 83 9200 36
6643 6 3252 74 2719 30 4193 1 9971 7 5945 73 1031 4
6644 3 3734 52 7968 55 9507 36
6645 5 3643 59 7529 40 4106 96 4266 12 1436 47
6646 1 5147 22
6647 8 3480 17 9468 85 5844 51 5041 54 6767 32 7765 25 5313 5 2514 83
6648 4 5378 35 3496 45 1066 1 2212 18
6649 8 2809 22 684 88 3773 49 7945 45 6176 66 9964 5 5666 72 1242 14
6650 5 2205 95 8016 59 6395 34 6066 59 7653 37
6651 8 2406 67 9593 64 7595 38 4877 59 853 32 5044 55 3608 5 1036 66
6652 5 3052 69 2686 99 3313 58 6850 43 930 55
6653 10 6521 90 7196 82 5978 26 3118 13 1859 54 284 41 7638 55 1391 11 3334 86 9418 98
6654 3 1511 68 7433 52 6285 17
6655 2 96 10 604 54
6656 3 1429 27 8781 8 2977 65
6657 2 569 81 1505 94
6658 2 5995 72 3359 31
6659 5 5962 41 7904 54 8962 75 4709 45 630 100
6660 7 5021 52 7823 98 5181 41 2939 30 3885 76 8063 71 4482 90
6661 3 1217 8 957 95 9440 70
6662 4 5682 71 9608 79 2469 37 7465 63
6663 3 5267 66 9493 44 341 3
6664 6 3988 1 5997 41 8878 71 7509 17 6089 30 5451 22
6665 3 3670 35 2495 2 6357 20
6666 6 6530 80 7245 45 8470 13 3437 16 3084 36 3004 83
6667 4 49 45 204 23 7574 42 8618 81
6668 2 397 76 9163 43
6669 2 4086 62 4073 39
6670 6 1279 79 8132 81 586 59 6217 23 4420 34 5282 96
6671 3 1742 94 6730 90 6113 51
6672 7 2191 63 9387 39 9594 59 1013 36 9605 56 9805 83 1234 93
6673 7 3523 80 8983 96 6676 79 1314 88 5060 31 5873 56 6313 8
6674 5 638 96 3555 17 8159 71 240 7 4389 33
6675 5 5435 47 6793 98 8170 77 9690 67 5409 39
6676 3 4823 2 6673 79 5578 28
6677 7 5158 43 9529 94 9501 60 9441 33 6330 5 1223 76 548 63
6678 6 3586 70 5101 53 3537 56 7630 11 2178 38 876 33
6679 4 4772 15 3228 82 8134 47 1375 6
6680 3 639 40 3677 71 8485 56
6681 7 15 77 3477 14 1004 60 791 97 1929 10 7409 13 4188 15
6682 8 5919 66 8120 9 4149 51 9561 71 931 88 2103 48 7461 47 7554 62
6683 4 287 80 9500 37 114 66 198 10
6684 10 3454 15 1572 66 6595 100 5363 32 3092 16 5099 90 8732 34 4722 92 6316 36 481 70
6685 4 6158 22 7515 49 6095 85 4539 96
6686 2 6482 93 8471 35
6687 8 1378 38 7259 1 9311 73 9345 30 3997 42 1442 27 5198 1 3851 100
6688 4 1598 63 204 3 6366 77 1721 15
6689 6 110 59 7326 44 6847 91 2663 29 7532 100 9808 43
6690 5 457 13 8420 12 5245 71 7454 39 799 96
6691 7 314 90 9983 83 5674 59 293 15 3616 12 4802 67 8363 27
6692 10 1784 74 9186 18 5840 94 8441 73 1665 47 1691 19 9240 95 7633 21 4713 48 9421 87
6693 6 2672 40 3591 80 4467 15 6170 61 2199 29 616 33
6694 3 3384 17 6775 9 9387 36
6695 4 6125 40 9392 61 8067 2 9804 67
6696 5 3604 43 7485 88 2453 39 2065 50 5984 99
6697 5 620 47 3461 88 5927 70 23 29 4705 53
6698 4 4616 20 2027 58 8742 21 7045 37
6699 5 5847 13 2201 16 1157 2 9305 39 1684 80
6700 3 3098 27 595 42 353 15
6701 6 4110 79 9283 39 2604 58 8742 91 3199 53 8206 43
6702 6 1549 39 7840 33 2626 61 2434 51 276 95 3451 99
6703 2 4854 46 2349 15
6704 6 3242 83 8278 57 2538 23 5373 92 4362 45 3603 5
6705 9 1714 99 8077 40 3237 54 6314 65 5582 58 6545 63 6276 73 1304 38 8729 1
6706 7 113 39 5738 34 6155 26 9212 4 699 75 9264 70 1945 76
6707 4 4677 90 7070 90 3373 89 7707 46
6708 5 5861 84 8360 34 496 62 8829 74 9385 26
6709 6 3884 48 3093 42 4577 92 5067 40 4875 76 1494 49
6710 4 2848 71 7122 4 319 89 5023 83
6711 4 214 40 9918 38 2564 23 1990 72
6712 2 4058 22 6446 19
6713 5 39 50 1800 20 1244 22 9950 44 288 67
6714 6 419 40 2481 68 8601 63 4430 51 9236 93 5593 100
6715 5 2091 79 2619 81 1519 19 4824 55 1837 11
6716 5 1870 5 5181 23 3470 29 7031 70 701 87
6717 2 3651 88 6144 77
6718 3 5007 43 6524 53 7925 27
6719 5 3391 45 1026 62 3812 36 3883 53 4210 32
6720 5 1244 54 7785 63 7986 84 7686 35 5997 50
6721 3 4676 95 9440 33 5499 35
6722 6 397 55 9360 65 574 96 2013 21 8207 43 8970 10
6723 2 1297 65 2833 97
6724 3 4809 69 9884 11 4010 23
6725 5 1512 91 178 26 9410 55 1977 59 568 74
6726 10 345 91 9653 8 3762 62 4243 92 9988 46 4226 10 328 93 2319 66 1109 23 5178 27
6727 7 2325 4 1676 1 1585 17 6728 26 393 55 9616 37 9241 84
6728 7 4177 69 2182 83 6526 48 751 55 6727 26 4060 82 4776 6
6729 4 3926 66 5515 83 7787 10 2667 86
6730 3 2867 57 6671 90 9064 93
6731 4 2682 71 6373 68 7008 58 9675 58
6732 2 3741 25 8302 48
6733 6 926 75 2794 5 2675 14 1887 48 8146 8 5257 91
6734 5 973 98 673 42 5577 55 786 55 4906 83
6735 3 856 87 8753 47 4039 94
6736 5 4378 62 7432 52 9097 82 3891 26 9660 11
6737 4 4445 80 9394 88 3166 34 6385 37
6738 2 1015 75 5096 3
6739 1 1126 80
6740 4 1057 75 5373 83 6471 97 8625 2
6741 7 3087 32 2988 31 8421 76 2387 38 1812 54 2193 76 8700 40
6742 8 1816 71 7215 24 8793 66 444 5 3437 12 54 72 4795 23 8 33
6743 6 856 79 1173 94 4114 17 453 42 9835 73 3214 16
6744 4 3257 24 1332 94 5944 30 9706 55
6745 6 3648 82 9628 43 5643 76 985 96 6378 35 2146 10
6746 4 3518 35 3680 72 8347 85 748 57
6747 8 2432 5 7703 27 9494 74 1509 37 5795 67 3429 20 2889 17 5040 84
6748 4 5331 11 5718 2 4160 95 765 11
6749 5 3757 8 225 8 7003 48 6368 93 8923 76
6750 5 2875 96 3296 57 448 59 7181 84 2789 85
6751 5 5139 17 4248 36 4462 44 766 29 2551 26
6752 5 1551 6 9261 2 2152 87 8223 52 2465 5
6753 5 2650 93 8613 40 8644 66 8545 52 9503 76
6754 6 4035 76 8082 73 2205 2 3136 68 7981 99 9134 10
6755 4 2844 34 3087 58 1402 33 9099 53
6756 5 2291 3 6885 46 7695 16 4225 35 3382 65
6757 6 3464 44 2328 39 8231 59 4803 55 1706 63 8025 20
6758 7 3495 70 8345 76 544 53 2176 77 2280 10 5487 41 8144 53
6759 5 620 38 7744 71 3662 52 1211 89 4368 1
6760 4 1379 11 8750 23 4146 62 4162 21
6761 5 1419 23 1194 43 3214 50 3039 71 1569 11
6762 3 6390 65 9410 69 3165 63
6763 8 5969 84 8443 50 9174 42 474 81 6221 92 3108 99 3006 42 5577 79
6764 7 5296 4 632 62 9659 48 3531 51 677 42 1256 49 6478 63
6765 5 11 28 2630 14 7868 49 5461 51 3121 33
6766 6 1077 94 9554 53 5275 58 8134 33 9738 32 9 5
6767 5 1769 31 7201 68 8711 25 6647 32 1930 47
6768 6 1952 99 300 18 3953 23 43 33 6049 78 8539 39
6769 5 3195 15 7333 98 9364 96 1912 13 1998 77
6770 3 2748 39 626 25 9542 70
6771 5 3581 8 5193 29 3745 94 2355 85 4913 41
6772 5 5521 34 8132 80 676 75 1657 34 3570 99
6773 4 2809 38 4242 9 1358 11 9318 58
6774 8 386 76 8563 29 8387 53 3353 86 3447 62 6531 74 4821 20 2204 89
6775 4 6694 9 9867 5 9396 10 760 100
6776 2 6070 2 8277 12
6777 4 887 92 8053 47 1424 56 4310 73
6778 4 3821 13 9355 74 7636 48 5196 34
6779 4 5786 8 8944 75 1375 32 9891 40
6780 9 5873 90 7377 90 6039 27 4575 14 8546 7 9637 3 9878 79 7964 34 3139 51
6781 3 1003 19 7520 58 1393 100
6782 5 900 82 9349 32 1304 74 1872 78 1548 4
6783 5 5769 88 6166 64 2636 76 419 43 7917 38
6784 5 5623 71 5298 49 5978 19 4156 26 4835 25
6785 3 4428 2 2663 26 1479 25
6786 9 1169 38 4923 92 76 66 8419 95 4843 64 7026 38 3821 74 915 49 3778 58
6787 4 5599 81 6363 9 9672 90 8098 86
6788 6 5727 62 4142 22 683 31 677 73 6386 95 9603 46
6789 3 4248 99 6054 81 7451 75
6790 5 2582 13 8992 13 3455 14 4898 99 1879 18
6791 3 1362 43 2871 83 2007 61
6792 3 6459 85 3778 38 3208 94
6793 3 6675 98 7657 65 5546 22
6794 3 512 2 3717 100 3788 59
6795 4 2225 30 5052 74 2685 68 5965 85
6796 5 6161 42 3896 10 4879 14 3983 81 1205 46
6797 3 3798 68 5157 64 7647 45
6798 5 4247 50 8314 91 7725 67 8436 39 1887 50
6799 5 5297 37 9820 98 6902 35 1638 25 3358 74
6800 6 6235 35 6181 78 1186 41 9468 46 4091 44 171 20
6801 5 3272 49 3812 86 4708 16 8573 75 945 57
6802 9 5624 51 9411 27 3142 78 2175 64 4087 64 5460 20 618 10 9057 43 7984 63
6803 5 6315 83 1144 32 249 28 7691 42 2842 28
6804 3 559 36 3869 44 3109 87
6805 5 191 54 549 88 4550 100 311 62 8582 94
6806 6 5126 1 2362 52 3600 70 5513 13 5742 5 1812 43
6807 6 954 16 0 68 7774 89 3903 9 4882 64 1739 47
6808 3 2088 65 8663 63 916 89
6809 2 5756 88 2393 44
6810 5 794 92 7534 75 7772 24 9417 46 3762 10
6811 7 4607 62 7437 52 1111 3 882 25 503 18 5958 48 2685 73
6812 8 2124 81 933 16 3157 25 327 65 8907 80 7691 71 2186 52 7306 25
6813 6 5004 40 3076 86 1339 92 254 58 2727 74 2333 50
6814 6 150 16 181 42 3481 63 4564 39 1518 4 9906 37
6815 8 4185 13 2072 57 8116 68 228 64 8326 63 9597 64 7926 3 3211 84
6816 5 3476 19 7714 26 8631 81 6296 46 687 88
6817 3 6145 24 7437 71 6065 69
6818 2 5052 84 513 53
6819 5 2362 38 7480 74 8674 38 4464 63 9545 45
6820 5 3663 17 7794 32 2098 35 4301 14 3005 38
6821 4 2586 5 4642 88 7901 72 8030 60
6822 4 4825 28 6983 13 7778 7 2306 63
6823 7 5056 97 1355 29 9227 77 68 39 8351 83 2178 81 4166 47
6824 2 1728 92 8214 79
6825 5 1546 87 8239 81 5267 43 1014 28 223 87
6826 6 4361 8 1523 74 5494 84 5620 58 8845 82 1599 75
6827 6 5529 39 9651 33 8636 83 3505 2 177 13 5450 69
6828 2 1619 74 2919 43
6829 5 6540 38 1101 22 9170 18 3977 17 4442 20
6830 5 5052 2 6995 84 3862 38 9808 76 1973 6
6831 7 3158 81 1401 72 3770 42 6620 82 9110 26 6065 73 7837 87
6832 2 1739 68 1627 6
6833 5 1059 73 7073 19 8974 11 3258 15 6243 65
6834 9 1766 47 90 59 5496 87 1365 48 2117 33 2773 4 7491 47 7768 21 5074 23
6835 4 117 95 9632 49 5130 56 899 34
6836 5 6323 12 318 92 1738 65 3850 41 725 5
6837 7 633 57 7273 53 7455 33 417 82 294 51 1685 31 7395 29
6838 5 3103 47 7274 59 1077 65 625 44 0 49
6839 2 4807 42 2761 74
6840 6 5472 3 5117 17 6903 6 1422 26 9144 45 8151 53
6841 3 2449 90 1332 39 8901 91
6842 5 2511 4 6410 17 9668 64 1125 7 5714 8
6843 6 4211 54 7870 39 9147 85 4993 28 2071 75 9491 44
6844 2 65 72 7236 53
6845 5 5877 75 5239 9 4711 58 8025 84 7061 82
6846 8 2741 59 6983 91 3959 62 8708 7 5677 82 8283 94 3798 27 361 29
6847 6 2753 93 9181 6 6689 91 2409 45 2112 35 1717 27
6848 7 3751 40 8362 17 557 22 2043 14 2189 41 5641 85 3284 48
6849 6 4433 77 5347 18 9920 60 7841 10 3262 56 1912 50
6850 7 4606 11 556 54 124 18 2486 44 3089 76 6652 43 441 7
6851 4 5368 58 8453 7 4001 41 2367 31
6852 7 5029 16 8360 34 2193 71 9974 8 17 99 9693 61 4742 92
6853 10 5231 92 8293 16 8313 76 2037 35 2588 41 502 2 7443 41 3120 3 6428 60 9247 7
6854 4 5291 8 1214 48 3333 75 9472 68
6855 2 6034 66 9812 6
6856 4 3554 15 8791 37 3237 18 2137 36
6857 5 2810 38 1578 46 3749 34 1106 85 5259 81
6858 2 1118 5 2205 65
6859 6 3668 91 8422 71 2042 17 6272 37 6605 99 3854 41
6860 6 3210 77 549 79 7015 55 1172 25 8126 34 8334 67
6861 5 2846 2 4155 74 162 78 6257 19 3173 36
6862 9 1106 7 6908 31 8216 92 5636 22 8735 66 3484 33 276 46 4207 37 7290 81
6863 4 5780 60 8170 9 1692 93 8636 85
6864 6 1008 76 3704 60 9128 97 2465 70 3254 79 7708 89
6865 8 2459 63 5746 35 9299 23 6613 1 7670 23 6158 55 4124 82 980 60
6866 7 2956 80 5961 50 9336 57 7873 52 1874 60 4159 60 734 92
6867 7 3018 22 9638 28 9553 52 2408 42 9120 72 419 1 647 23
6868 6 5687 3 1509 54 2012 9 8747 9 3817 1 6306 59
6869 7 2531 2 9094 66 7433 49 9241 22 8517 95 1446 60 5064 89
6870 3 5454 96 9203 10 6371 24
6871 7 3067 10 8507 98 3129 51 8790 88 7237 72 2390 2 3808 46
6872 7 3749 26 9680 6 4962 98 2911 26 9566 38 9089 6 7570 13
6873 7 3690 39 3417 10 6033 22 4782 77 355 23 4267 36 4967 65
6874 5 411 63 1131 13 3180 53 1822 98 4600 89
6875 5 6439 89 7232 20 6913 15 7432 82 7416 28
6876 4 4622 4 6638 80 4934 70 7861 71
6877 3 6425 44 8925 41 9809 21
6878 3 6284 93 8395 49 3968 90
6879 10 3720 46 7173 69 5860 97 7600 48 2758 7 6227 59 9293 60 8023 14 4743 29 1869 71
6880 5 815 69 7292 64 8051 13 2113 2 6982 4
6881 4 2693 28 8905 81 9523 15 821 29
6882 8 4753 94 9153 54 9939 5 177 78 837 59 3004 28 583 46 7669 94
6883 4 2451 40 5958 20 295 99 1242 68
6884 9 1069 96 7692 48 9035 23 322 30 2930 27 7704 93 9049 96 5616 43 4429 37
6885 6 6756 46 4481 66 2943 93 2156 47 2007 84 5479 81
6886 4 4216 95 1002 89 9511 45 8180 41
6887 7 2265 34 8486 47 9989 63 394 37 9762 96 7099 22 598 87
6888 3 2393 86 2423 52 2490 10
6889 3 3024 48 8196 99 7883 14
6890 4 344 67 7937 70 9914 30 394 80
6891 6 5230 80 7372 9 8734 74 1551 46 1066 91 1091 94
6892 5 2454 17 7147 93 3649 17 3457 96 2856 99
6893 7 4642 69 8804 2 9249 37 5023 19 5577 85 8906 29 5175 95
6894 5 6535 67 8421 79 6321 80 3112 61 5677 46
6895 8 6013 81 1100 65 4385 76 2822 26 2774 54 389 20 7963 65 146 2
6896 6 5387 90 833 58 7407 71 6444 47 3661 86 7534 31
6897 7 5478 47 7627 40 7693 27 1173 8 1 7 306 89 5393 14
6898 4 3386 20 5395 6 887 15 152 74
6899 3 378 87 5334 30 1070 96
6900 2 6193 35 9327 72
6901 5 5898 97 3736 15 2340 89 2108 17 686 50
6902 5 1770 86 7678 16 6799 35 702 22 5440 72
6903 6 5754 93 6917 98 6840 6 248 72 9529 54 2565 87
6904 5 1215 25 6316 97 5307 47 6576 31 5928 32
6905 5 2046 90 8864 34 8580 30 8108 48 2023 75
6906 8 5579 35 5147 50 1622 96 6044 62 9762 87 5186 62 2340 30 6225 53
6907 2 503 53 1338 10
6908 3 6862 31 4787 94 1273 81
6909 6 982 84 6201 68 23 73 8055 94 9156 64 2427 2
6910 9 1838 80 9675 17 992 60 1464 46 1859 79 2042 16 884 33 3069 34 9996 38
6911 3 4199 10 7831 10 4682 29
6912 6 428 26 9450 91 8079 1 9151 40 3365 80 570 63
6913 2 4183 98 6875 15
6914 5 4166 28 9379 48 7180 1 7623 11 9953 74
6915 4 6295 32 7164 22 7544 18 2162 58
6916 4 2297 76 9345 28 5042 77 3227 66
6917 7 6903 98 2713 74 3924 58 443 9 8154 80 8682 99 6044 88
6918 5 4640 15 6516 82 6254 58 2744 43 3585 67
6919 8 4585 95 7999 14 3548 87 8723 27 9100 25 1616 68 2341 31 4326 29
6920 4 4149 89 9047 48 623 81 2436 85
6921 8 5315 64 8287 91 2689 68 9031 32 6507 13 5053 40 579 40 8439 80
6922 7 2845 53 5980 64 8239 29 2906 28 7991 76 5903 26 4254 97
6923 7 313 20 6433 85 6379 86 262 82 6019 23 6641 99 868 89
6924 5 872 8 479 33 7152 80 2565 1 4377 56
6925 7 4125 70 3301 46 5344 11 333 32 523 17 9663 35 5792 3
6926 2 5358 8 6054 31
6927 5 4167 40 7978 14 9937 65 9277 88 5892 25
6928 4 1195 51 2879 16 992 97 7336 96
6929 3 2480 33 9414 61 3923 81
6930 6 1524 85 3251 60 179 20 3502 41 8668 6 3394 11
6931 3 2914 66 8428 65 6993 81
6932 5 1884 87 9230 22 1836 94 1630 50 3298 10
6933 6 6201 34 3022 43 7126 24 8781 57 506 58 1653 46
6934 3 3571 32 3776 24 1790 18
6935 8 758 45 6987 54 7779 84 2951 38 7988 68 3273 68 4866 20 3707 98
6936 5 5062 73 2503 4 8840 1 4034 42 4766 81
6937 8 5316 79 5733 51 1025 19 3863 72 1421 85 3393 46 2579 62 9000 79
6938 4 6057 35 2661 13 4870 16 7063 82
6939 5 101 84 7484 9 2559 29 1309 100 1482 64
6940 5 606 27 1218 10 8299 59 4852 71 5409 87
6941 6 270 14 3974 72 9982 62 2014 5 3109 81 4548 65
6942 5 5674 99 9995 13 5237 91 2588 56 1635 2
6943 2 928 68 7231 86
6944 4 2591 84 2531 45 7203 99 4201 7
6945 6 4041 18 7246 88 8826 94 901 34 7683 42 8812 38
6946 3 1108 92 9166 83 4412 27
6947 6 4798 70 4027 56 9998 12 2384 12 7088 9 4405 98
6948 3 491 56 55 23 7477 56
6949 4 4007 97 4409 92 7797 21 1665 70
6950 6 2152 12 7492 75 7655 39 7970 90 8699 84 1562 95
6951 5 2375 67 9457 17 7164 75 4403 99 8708 70
6952 5 1567 57 6352 84 320 43 5462 75 572 100
6953 1 6350 50
6954 5 2849 35 7100 47 7847 73 5749 74 694 28
6955 6 2532 74 7323 14 2352 17 9255 22 4644 17 2311 89
6956 4 4023 49 464 47 3895 17 402 77
6957 6 4854 81 9112 26 7012 17 3794 99 6420 29 1171 29
6958 3 4806 66 7069 24 9967 48
6959 6 3272 81 992 48 3622 32 7351 39 3254 83 4059 91
6960 3 5184 25 6606 90 9270 65
6961 4 1830 82 3431 35 3528 91 8523 54
6962 4 3472 47 6385 43 3997 73 1578 1
6963 3 3238 84 92 27 1034 75
6964 3 1520 83 1361 98 981 67
6965 3 57 86 6092 57 184 31
6966 4 3931 34 7203 63 8361 21 9656 61
6967 10 4459 76 7556 36 8693 85 9847 43 66 30 519 23 9125 22 9627 58 8340 45 1907 92
6968 6 2082 97 4301 34 5151 39 1641 61 3494 17 1934 99
6969 5 893 98 9994 2 2004 53 1089 32 824 57
6970 8 6089 96 9934 35 9969 13 391 51 9696 51 8948 65 6448 84 266 79
6971 3 2544 5 8159 30 2630 26
6972 3 5128 48 8050 43 7894 46
6973 6 5598 38 7179 31 1360 94 6130 65 1172 100 4984 16
6974 5 2164 83 2429 96 6334 5 3066 81 6409 48
6975 8 6521 57 9993 20 5560 52 7643 21 1348 4 3914 34 9824 54 2449 70
6976 5 4487 94 8816 36 854 15 5482 36 1938 1
6977 6 4821 40 6391 27 9170 76 3955 92 542 74 2049 67
6978 5 3 47 9660 75 5127 32 7612 58 8186 26
6979 2 1987 71 7839 46
6980 5 4333 88 7135 77 1933 50 9176 57 597 42
6981 8 963 42 8171 74 6277 39 1579 46 1063 10 9492 17 5361 34 8665 68
6982 4 3064 8 9460 32 6880 4 5257 76
6983 3 6822 13 6846 91 4596 85
6984 2 198 5 9249 27
6985 5 3438 19 8217 16 4284 100 1081 70 5349 80
6986 5 4238 70 19 98 4137 59 599 26 7652 17
6987 5 6935 54 9290 58 1923 53 4459 85 4441 84
6988 3 663 85 8055 35 9908 36
6989 3 2271 98 5466 3 2949 64
6990 6 2717 27 9979 2 1434 34 6267 22 1171 79 6031 23
6991 8 5667 64 7033 60 1538 75 9235 1 7442 15 2893 91 4781 21 8888 61
6992 3 1930 91 5354 34 8295 45
6993 9 6512 69 7385 31 7456 66 6028 79 5013 60 6931 81 8312 24 8404 67 3698 3
6994 4 2844 56 5960 33 8393 46 436 16
6995 2 6830 84 4153 93
6996 5 4218 3 3227 39 3537 41 7027 29 2836 32
6997 6 6615 12 7701 98 7396 26 5505 30 689 58 874 85
6998 6 2116 45 8714 30 9208 19 1961 46 650 41 2440 22
6999 3 5709 41 955 97 9718 10
7000 6 3228 37 1180 91 7214 46 6357 82 9350 46 7895 22
7001 3 5111 84 5998 35 1157 47
7002 5 3956 32 8589 79 191 76 8936 76 2301 22
7003 8 5013 53 8527 11 4353 87 6749 48 6183 99 1432 81 717 5 5380 77
7004 4 3318 100 8459 51 7509 36 4116 51
7005 5 2017 76 7555 45 9912 91 2724 9 1758 12
7006 7 4458 74 7590 60 2251 19 1176 51 3752 35 728 82 2616 98
7007 3 2473 96 9388 69 7287 78
7008 5 804 96 9533 63 6731 58 698 35 924 66
7009 3 5894 32 7094 14 4801 21
7010 8 3588 3 7770 38 1712 74 4639 30 9957 67 1286 62 5027 84 8357 91
7011 10 1556 66 2971 61 2047 80 3343 56 9248 85 8795 94 171 92 8901 38 631 59 895 43
7012 2 5378 9 6957 17
7013 8 1111 49 959 87 5935 16 1054 91 8068 71 5976 41 3233 41 7924 23
7014 4 3063 49 9516 78 703 39 6151 23
7015 6 1993 49 9746 88 1127 4 2564 54 6860 55 4668 28
7016 3 3499 33 5682 94 6384 63
7017 4 358 70 2246 87 7388 57 5091 63
7018 8 1657 64 9826 8 2041 91 4336 16 161 67 4994 81 1304 45 4038 4
7019 6 4776 57 7899 97 8509 84 2871 67 7132 57 1399 6
7020 6 4109 81 4533 66 9488 52 9633 89 8100 5 8579 89
7021 2 5728 65 8251 48
7022 9 4077 65 7253 36 8710 79 5560 80 585 20 859 72 7414 3 2401 94 7319 8
7023 5 1725 34 6489 16 7222 29 8538 92 9830 78
7024 3 1258 41 8739 28 2151 2
7025 4 1748 23 6126 4 4166 58 4420 45
7026 6 1015 82 7443 6 4336 30 8276 92 3029 83 6786 38
7027 10 2399 22 9931 48 44 28 6996 29 5729 75 2172 12 1869 30 8128 2 134 12 252 27
7028 3 1981 4 8500 77 5115 92
7029 7 1724 84 273 56 9620 58 637 82 7921 100 5216 57 7364 74
7030 3 101 64 1141 78 281 70
7031 3 6374 80 6716 70 1319 44
7032 2 1939 17 3085 3
7033 5 6991 60 790 63 2187 11 1203 45 7750 93
7034 2 2523 9 4947 76
7035 9 3085 46 9369 42 8862 62 3127 80 8273 66 6399 69 318 98 4161 1 3738 76
7036 9 2694 5 7484 80 8654 60 3746 4 888 16 7963 70 3867 38 4847 20 1831 96
7037 3 2751 65 3482 81 1182 81
7038 5 115 6 7308 34 4668 91 8221 31 6211 51
7039 3 6137 21 3906 68 8069 67
7040 6 2742 74 9507 44 1440 62 8816 51 7832 31 8574 94
7041 3 3030 46 1375 54 3912 10
7042 5 2073 23 2915 19 3357 60 9102 15 2477 92
7043 8 648 75 8070 32 1245 74 8489 8 2517 2 7794 5 9746 60 2997 12
7044 6 3803 69 6044 2 8183 17 5360 9 7591 92 3870 42
7045 6 2855 18 7471 76 8970 79 3900 69 707 70 6698 37
7046 4 3012 26 1075 15 8129 32 3566 31
7047 9 1922 71 5480 88 4063 59 9285 23 5455 83 2332 15 797 36 5199 95 6080 58
7048 3 1156 25 4205 78 7178 95
7049 2 3688 47 7817 8
7050 6 3907 43 1803 41 4098 3 9224 63 5269 100 1082 96
7051 4 1847 94 7362 31 7271 21 7343 81
7052 4 2731 54 9917 66 9397 30 88 97
7053 4 1726 79 8359 30 3940 50 1468 48
7054 5 4355 35 8038 95 5606 93 5288 17 3165 18
7055 6 4957 50 7303 76 9810 50 1481 5 1290 65 7807 56
7056 1 3919 23
7057 7 4859 82 1238 78 4752 20 2673 99 8313 32 703 98 5927 75
7058 4 6166 80 1997 94 5076 7 6101 60
7059 5 4244 42 2294 62 2089 41 7801 69 240 40
7060 5 5833 65 6094 17 514 63 9896 95 7452 52
7061 5 3964 94 8268 34 4998 97 386 82 6845 82
7062 7 2247 75 7218 38 8729 100 1797 83 7080 8 5763 81 8123 60
7063 4 5108 50 9801 50 5971 8 6938 82
7064 2 543 45 3342 26
7065 5 2407 30 3589 100 6612 45 6641 6 816 24
7066 8 102 74 7612 41 1447 54 2362 31 120 78 6546 21 4086 26 2978 63
7067 2 1015 26 1844 6
7068 3 4532 2 9428 79 8720 55
7069 2 6958 24 205 25
7070 3 6707 90 6443 32 6092 100
7071 4 4003 16 9093 48 408 16 5259 65
7072 5 2653 100 4259 53 1207 89 4213 88 5757 18
7073 6 3139 83 4465 13 5416 19 6833 19 7958 93 1289 10
7074 2 2312 15 4012 61
7075 7 864 63 7473 93 2674 95 2622 54 5533 35 8833 46 7432 92
7076 5 50 70 8496 22 753 68 1392 82 6038 57
7077 5 2489 29 1242 31 236 35 3641 91 489 55
7078 4 6155 47 7310 97 9617 13 2793 100
7079 6 2178 64 7621 68 1433 54 1916 97 1226 76 4650 46
7080 7 1235 14 3361 82 7062 8 4107 68 9552 47 6065 4 6447 96
7081 5 1241 50 1079 28 2929 19 5604 10 2849 91
7082 5 5664 78 9278 39 5672 3 9122 36 9683 77
7083 5 6158 29 6612 95 9951 9 8096 56 7726 47
7084 7 5439 31 8505 94 8367 65 4142 21 7985 28 3731 50 134 87
7085 4 4654 51 7854 10 8121 74 2520 95
7086 7 6034 41 8216 96 9090 89 3064 10 395 63 1322 4 2230 28
7087 7 2974 25 1265 93 8099 89 4414 66 3906 78 2403 34 7607 6
7088 11 3497 34 8861 69 9270 62 9292 88 5513 24 9765 17 3581 53 3277 90 9353 6 9166 69 6947 9
7089 3 2943 76 7142 18 9069 94
7090 4 507 50 5297 20 7827 27 212 18
7091 5 3570 69 9921 3 6239 59 3539 30 1581 90
7092 3 5502 78 5482 43 5486 34
7093 5 3556 83 9408 80 1738 36 9417 59 7114 40
7094 4 3498 46 4218 65 7009 14 2079 69
7095 4 3268 22 7202 66 3473 46 2362 4
7096 10 1488 14 8733 23 1356 3 5321 94 8595 17 4779 42 1512 73 1707 89 1380 60 1563 71
7097 4 5796 18 727 67 4955 75 7534 26
7098 6 4159 96 7753 58 8277 8 5369 38 2685 36 8284 92
7099 5 1184 44 420 17 7193 60 6887 22 5022 18
7100 3 6954 47 2674 89 2549 67
7101 4 2161 89 8620 68 2330 78 2158 34
7102 6 2243 91 1416 63 8428 42 4887 1 407 98 1750 59
7103 5 6564 17 9705 61 7776 18 5910 48 2084 80
7104 5 58 63 1850 77 5349 87 1845 67 8418 78
7105 7 3597 94 9344 56 8354 48 8530 66 9682 96 7672 1 3264 9
7106 3 2134 43 4270 21 4315 10
7107 8 5973 80 3164 77 1778 53 8424 36 2544 19 5793 46 2113 10 9038 90
7108 7 3578 32 8519 66 8741 82 5961 100 36 94 515 36 3524 29
7109 3 3388 51 1749 85 7284 48
7110 6 6118 72 9294 24 9552 9 3609 64 7137 54 1788 21
7111 4 2926 23 9166 44 8733 50 2620 24
7112 4 5319 82 8140 72 8101 65 7765 37
7113 4 3943 23 7809 88 4688 21 8625 90
7114 4 1215 30 8842 38 4986 55 7093 40
7115 6 4772 74 3065 12 9207 10 5919 34 7177 97 5188 25
7116 8 581 29 7125 50 8921 91 6278 41 5137 76 6081 5 9277 33 1712 44
7117 9 276 41 8060 53 8419 34 4235 49 4821 44 9912 47 6186 21 6369 63 2387 81
7118 7 2400 72 7461 58 2580 84 8112 75 290 25 9655 12 5793 34
7119 2 5379 17 1841 26
7120 5 5032 49 9199 75 8137 23 3095 68 1242 43
7121 7 4388 12 7445 78 5533 41 1427 83 2230 31 8034 88 7569 99
7122 6 1416 81 9458 41 373 90 6710 4 2344 90 1395 15
7123 2 1101 78 4118 23
7124 2 2828 87 8227 81
7125 8 531 74 9538 14 7116 50 1623 14 748 68 2115 72 4672 19 9493 19
7126 3 931 62 6933 24 5706 39
7127 5 338 88 4086 71 1810 38 470 63 3935 72
7128 5 1967 99 9489 72 1241 93 9882 18 2625 39
7129 2 1812 61 8673 50
7130 5 5525 53 7798 26 6137 31 5781 81 8073 30
7131 5 3602 41 9220 26 5247 23 1982 67 3402 63
7132 9 1862 13 2529 27 6051 47 5906 94 2747 75 9199 82 7019 57 6354 59 5911 1
7133 2 3509 48 788 34
7134 8 126 19 4115 74 4914 67 4565 74 1807 75 8445 78 5745 53 7743 78
7135 6 6980 77 8863 82 8986 1 774 53 3120 44 7324 58
7136 5 4236 98 7256 91 8283 82 579 53 6133 16
7137 3 2457 47 7110 54 778 88
7138 6 6078 84 9318 69 8510 73 3772 98 3012 11 1415 89
7139 3 6032 28 9975 93 1326 24
7140 4 5803 53 7457 87 3017 22 3470 76
7141 6 1335 31 2807 78 2254 33 1223 63 2915 72 8320 85
7142 5 3748 78 8883 44 5617 43 7089 18 4882 67
7143 2 1719 96 9590 71
7144 4 4808 63 3853 61 4356 46 761 95
7145 4 1893 67 4667 67 9012 52 9804 39
7146 6 2329 2 2213 21 2744 61 1791 91 6109 49 3312 75
7147 6 5570 93 5190 49 6892 93 5633 95 344 15 5542 32
7148 9 1879 78 7203 5 176 95 495 32 3510 69 5689 51 1610 44 6582 92 2492 70
7149 4 5925 30 1903 60 2528 85 9016 23
7150 6 781 66 3322 92 1803 42 4923 54 4770 34 2334 41
7151 4 3436 4 1765 15 5832 7 8216 33
7152 8 3037 100 7783 26 8462 28 7448 76 9665 24 5907 73 6924 80 331 65
7153 3 2869 86 1964 79 1639 46
7154 4 5732 40 50 24 3964 66 9542 83
7155 9 3909 93 7442 44 8305 36 8376 95 66 76 9240 65 2172 60 311 13 6508 21
7156 5 3368 53 7992 11 9935 78 1625 28 5265 29
7157 2 6036 43 5145 19
7158 5 6635 21 6169 69 1441 13 8007 72 7695 95
7159 2 3618 52 8113 70
7160 10 5563 88 9495 60 1534 36 3818 1 6292 38 6516 62 6318 83 2358 48 1802 97 3003 71
7161 4 1726 50 6105 34 6321 88 6320 64
7162 8 2913 79 9128 61 4 41 5891 66 7427 79 8455 15 4547 68 82 11
7163 6 2919 35 2144 6 433 37 4270 32 1056 39 9054 82
7164 11 6915 22 7576 15 7653 72 131 14 9099 44 4021 3 4176 83 3827 22 6951 75 1945 28 9291 32
7165 6 1037 6 3527 42 9201 33 434 79 7399 96 6573 68
7166 6 5840 8 5947 98 263 26 4664 23 9988 15 845 6
7167 4 1345 99 9189 41 8414 1 5128 97
7168 6 2323 93 2392 27 4978 98 1580 81 2009 18 5803 36
7169 3 4679 26 9159 54 7626 72
7170 4 1913 65 4414 30 1516 44 1866 80
7171 5 4779 23 3217 37 393 75 6192 100 3375 4
7172 5 1937 23 2469 44 5410 65 6477 4 470 44
7173 4 6879 69 4506 66 2082 4 2328 55
7174 5 2178 56 2641 57 4212 73 1349 12 3347 72
7175 6 4103 84 9696 5 388 53 4216 77 2364 26 4254 95
7176 5 5639 73 7329 41 2003 53 6330 48 9519 38
7177 4 5888 93 6066 62 7115 97 9665 60
7178 6 3356 86 1000 74 9565 26 8255 29 7048 95 3587 92
7179 7 6973 31 9820 28 2988 92 2015 52 7618 79 6409 43 5561 66
7180 4 6291 92 6914 1 255 81 4716 75
7181 3 3066 77 6750 84 861 100
7182 3 3344 77 611 100 1566 89
7183 7 204 81 7401 6 430 9 2597 55 9130 61 2812 96 2189 20
7184 6 4135 31 5228 11 2415 41 440 84 1863 16 3852 27
7185 4 2907 39 149 62 7462 70 858 6
7186 4 2471 47 4369 89 7308 22 1443 25
7187 2 5209 90 7652 62
7188 6 4913 51 4497 29 7281 6 1429 24 4999 86 1823 29
7189 7 3122 46 9589 33 9405 82 302 55 2838 15 1707 77 3482 19
7190 4 476 77 7724 84 2443 26 1170 83
7191 6 980 7 8903 61 3740 33 6498 89 4986 46 1966 68
7192 4 6628 94 6001 35 1139 23 3795 20
7193 6 741 21 7099 60 5419 40 2746 63 1022 81 704 95
7194 2 5789 89 7500 70
7195 3 1550 32 3066 3 3223 69
7196 3 5914 48 6653 82 3793 82
7197 6 5657 14 8136 29 1954 83 431 80 5048 26 661 80
7198 6 2987 1 7563 63 8927 100 2964 83 7910 24 1671 41
7199 5 2518 67 8032 76 3523 61 504 32 104 77
7200 7 3408 85 4498 47 2639 3 4778 95 8599 66 2864 58 481 9
7201 5 6767 68 8193 4 8806 90 8488 18 5136 32
7202 7 7095 66 5639 91 3675 16 3248 68 6145 100 1913 20 2821 65
7203 7 6966 63 7148 5 853 37 1867 75 7883 90 6944 99 2219 51
7204 6 2237 73 3077 84 5267 83 8546 51 607 31 1350 41
7205 3 4233 82 187 43 3544 71
7206 7 6517 14 4569 44 1333 45 5842 36 4566 16 9494 76 3193 70
7207 4 4621 66 5005 92 93 45 1875 70
7208 12 4827 10 8897 1 6433 79 1342 36 2220 90 2285 8 9787 2 1181 29 576 41 1820 99 1121 5 9375 9
7209 4 2222 65 1767 22 8148 24 8242 61
7210 5 3252 54 2520 4 1947 7 8559 30 3405 56
7211 3 1388 83 5390 61 344 71
7212 4 588 2 7555 70 9299 22 1296 77
7213 5 294 62 6183 73 3493 27 1473 97 3168 48
7214 6 6002 77 3052 39 4143 91 3889 41 7000 46 2315 72
7215 8 6742 24 6460 17 8844 91 1936 38 2450 16 979 58 3405 24 134 28
7216 6 6 71 7758 6 5989 86 452 71 8869 6 1327 27
7217 7 2044 98 8148 77 3738 19 1571 40 3557 74 744 25 2406 58
7218 10 7062 38 8103 12 8536 5 6611 32 105 10 6359 48 6156 32 8773 21 3316 41 196 80
7219 4 3493 62 2322 30 5797 99 4891 95
7220 4 5448 41 616 54 4269 16 4091 26
7221 8 5539 24 7249 28 5760 5 2440 69 3543 85 230 84 1575 48 7437 90
7222 6 5902 62 7023 29 86 23 1015 56 3842 13 5111 67
7223 7 1453 24 9018 34 5210 30 5828 73 218 56 1670 28 4395 24
7224 4 3003 3 5802 4 2588 82 1776 61
7225 5 2552 30 2005 72 2471 17 4517 57 3543 86
7226 7 2856 48 7760 67 8347 19 656 14 4673 78 235 53 9036 4
7227 4 368 19 508 39 645 85 7658 14
7228 4 5017 79 9116 54 619 59 8809 29
7229 6 1291 8 8133 45 7548 68 3932 38 1721 92 2484 40
7230 2 611 31 7886 53
7231 3 131 17 6943 86 366 13
7232 4 4418 93 3073 65 6875 20 2236 86
7233 4 5242 88 8007 24 9333 26 4011 39
7234 2 6280 11 7322 15
7235 4 5847 34 9262 37 5277 19 8723 84
7236 6 1498 23 1258 65 9404 55 1068 53 7608 18 6844 53
7237 4 4393 32 6871 72 3293 79 9983 97
7238 7 4840 13 9758 62 9819 14 2484 94 9383 76 4709 100 8626 98
7239 3 5681 74 69 1 9243 85
7240 7 1676 60 267 14 1416 53 2243 39 6521 34 169 30 478 9
7241 4 5754 64 772 86 9892 73 8056 83
7242 6 6059 98 8079 34 3592 63 7567 11 8629 22 1181 54
7243 2 5839 97 4223 19
7244 5 3990 89 4994 55 812 63 7750 24 5450 31
7245 8 6666 45 9752 8 2436 9 159 37 2614 20 7854 40 5187 80 8896 13
7246 2 6945 88 2381 28
7247 5 6315 62 8900 40 8547 100 2088 87 9531 47
7248 7 3002 67 5994 40 247 9 9261 54 3008 8 9037 20 6181 11
7249 12 1740 71 9754 47 7221 28 1940 43 1306 48 1900 85 5495 33 6613 73 9245 44 6111 65 5678 78 1067 33
7250 4 4304 34 8064 35 1263 15 6374 40
7251 5 3277 83 7808 59 2400 43 9406 87 236 27
7252 5 3275 36 9180 16 4145 59 2343 6 129 39
7253 4 7022 36 3808 97 5219 18 3813 23
7254 4 1473 26 1505 69 9368 41 5080 86
7255 5 2055 27 7752 72 1924 80 9610 75 8872 35
7256 5 1910 93 7136 91 1283 69 2569 79 9090 93
7257 6 3610 18 8408 14 584 80 1665 87 4430 8 1308 34
7258 5 6460 38 9072 74 8370 95 53 87 1121 41
7259 3 6687 1 8155 43 938 37
7260 2 5502 21 8946 96
7261 2 5350 77 4678 16
7262 6 4261 8 1346 21 3582 70 4905 75 8348 19 8087 36
7263 6 4338 2 8593 50 504 28 2449 81 9310 20 3891 77
7264 6 297 57 5911 84 3754 58 647 26 1306 65 746 9
7265 2 3360 54 1207 85
7266 3 6608 49 6030 74 6494 52
7267 4 6207 3 2754 3 9783 12 1710 19
7268 5 6440 10 2454 45 4201 64 8520 96 8152 61
7269 8 2598 5 8176 28 176 69 326 20 3639 16 8381 87 5268 84 8066 34
7270 4 2712 27 8215 38 9497 3 951 82
7271 7 704 56 7051 21 1999 80 4139 27 2109 33 6095 61 983 30
7272 5 4818 22 3469 81 8562 57 2132 51 9600 99
7273 5 6837 53 1787 35 1915 34 8711 10 9173 18
7274 6 6838 59 3681 17 2000 93 1021 19 3055 40 473 54
7275 5 2361 2 943 49 5810 63 9109 78 3791 88
7276 5 3525 83 1694 76 7727 35 9234 99 8318 78
7277 5 1668 7 9088 51 4396 81 3496 29 495 67
7278 3 2698 48 2902 74 1250 71
7279 2 2222 38 6416 47
7280 6 5444 79 5025 21 6096 32 7672 61 1574 91 6556 11
7281 3 2014 18 7188 6 5065 97
7282 7 6303 1 9402 38 4979 49 5757 6 9345 88 4341 4 5202 32
7283 4 3244 12 5315 1 2953 100 5958 4
7284 8 3152 26 586 44 7109 48 1875 47 6219 49 3708 86 9288 6 7480 43
7285 6 3735 54 4978 81 2201 36 9543 24 825 43 3509 73
7286 8 3992 39 7811 19 8353 71 5219 80 9928 55 7924 34 6383 26 5005 79
7287 5 4096 88 9997 96 112 73 941 53 7007 78
7288 4 1607 87 7427 60 4171 92 2559 73
7289 5 2686 4 587 66 378 97 974 25 3714 24
7290 7 1793 25 7624 30 7567 46 1116 32 2832 33 4418 9 6862 81
7291 4 3030 65 8581 10 4266 47 5743 38
7292 3 6880 64 7696 23 660 81
7293 4 1754 55 5534 57 9932 62 344 89
7294 2 568 30 3115 24
7295 5 4153 57 1265 93 4121 82 3035 82 2703 60
7296 6 2501 29 6248 16 3444 44 6138 89 5818 47 1459 37
7297 4 5546 19 7902 90 939 48 9236 54
7298 5 6390 71 3788 76 6089 42 2657 8 1682 3
7299 9 4229 86 8025 32 9051 7 5951 78 1802 28 2045 27 637 42 446 23 266 31
7300 4 795 49 9058 61 8880 55 4340 38
7301 7 2704 100 3990 76 4118 95 5776 53 3615 72 7668 66 5732 39
7302 4 2876 18 8938 57 1220 56 1528 68
7303 3 7055 76 2605 52 478 4
7304 6 5750 45 5950 34 5425 11 5275 79 8736 96 907 18
7305 2 1403 80 8054 53
7306 6 2676 92 9076 39 1765 88 7828 98 5612 88 6812 25
7307 3 3863 9 1960 11 2455 28
7308 7 7038 34 162 8 9281 18 5315 80 524 65 7186 22 4393 66
7309 4 2307 74 1689 86 8858 18 7628 30
7310 6 2125 12 7078 97 4920 48 728 55 3598 71 4636 91
7311 4 6586 44 8546 16 652 72 7603 15
7312 3 1651 19 1936 12 63 80
7313 3 5006 84 4471 86 4204 27
7314 5 4885 97 8779 31 5264 68 7885 29 9684 45
7315 7 4211 90 9006 66 8886 10 3969 6 2503 23 3381 8 4419 33
7316 2 178 57 8288 61
7317 3 456 70 8660 42 4976 58
7318 7 3120 84 8886 43 9652 14 77 9 6167 38 4268 30 4251 77
7319 6 557 32 8032 8 8076 85 7473 66 7779 79 7022 8
7320 3 5837 62 6452 17 9193 82
7321 3 4030 96 843 13 3263 52
7322 6 1384 56 4687 25 9418 9 6042 18 7234 15 5276 19
7323 3 6955 14 8851 6 5711 93
7324 6 3067 47 5538 42 8401 15 1844 81 3869 55 7135 58
7325 7 1225 64 8382 31 1565 28 5868 8 3318 79 2518 87 947 94
7326 4 6689 44 6455 79 4251 71 2162 34
7327 3 2105 2 5742 31 8773 46
7328 2 6230 14 7750 50
7329 7 144 17 8322 88 7176 41 1542 59 2774 13 176 100 365 75
7330 4 2161 89 3520 44 2729 28 8885 41
7331 4 5206 15 7383 6 862 9 2539 75
7332 4 6172 44 7368 54 1611 31 97 76
7333 6 6769 98 6024 63 1897 62 1070 39 9195 52 8683 95
7334 8 3136 25 3784 55 3442 11 670 7 937 35 2778 16 6627 47 8619 43
7335 8 188 19 9219 3 9330 60 3863 71 2560 35 3534 24 6007 78 4272 80
7336 6 5678 27 1083 73 3476 54 6611 91 4663 4 6928 96
7337 3 5670 41 4449 33 7942 27
7338 6 3123 5 7777 83 8658 55 18 24 4169 61 5448 44
7339 4 3069 50 1121 29 5392 83 8339 40
7340 4 1916 37 270 15 8314 90 5664 24
7341 6 2208 92 1170 7 2842 98 754 15 9024 89 1528 31
7342 3 1464 84 4872 87 4250 78
7343 7 4372 60 9829 61 7051 81 4814 12 4569 72 5383 10 6595 79
7344 4 1991 52 534 26 5717 91 5933 25
7345 4 3615 27 8477 15 2829 64 8381 92
7346 6 1043 54 7356 57 3991 49 8303 60 4739 14 3982 31
7347 4 1471 10 2419 82 550 61 2481 31
7348 2 6221 20 3244 52
7349 8 3903 25 7481 14 5878 71 5367 81 7797 77 1912 9 1632 4 2580 92
7350 8 4519 94 6556 73 4260 21 2844 13 8490 24 8141 1 9654 95 47 49
7351 6 4023 30 8076 13 3262 72 1775 96 3797 10 6959 39
7352 4 2081 41 3195 65 1589 17 2235 5
7353 5 2994 46 8028 20 926 96 5100 77 3362 28
7354 3 5004 31 3212 17 1328 30
7355 4 5070 7 9307 43 3799 83 2848 9
7356 7 4180 58 7346 57 2849 32 7761 12 7690 37 215 51 3391 62
7357 4 2116 39 6006 94 1871 99 3377 8
7358 5 1750 15 3193 87 8160 59 3674 64 7704 5
7359 4 2009 37 4145 15 4340 25 1891 63
7360 6 4445 30 3481 82 1065 99 1860 70 5218 14 3504 88
7361 6 2838 98 7867 75 8326 72 2750 100 8837 17 1028 75
7362 6 7051 31 9472 22 347 55 8428 35 5320 71 4922 94
7363 4 5323 11 3330 87 7741 58 4957 65
7364 4 2190 79 2154 18 2673 13 7029 74
7365 5 709 66 7512 86 1570 22 4028 25 2279 19
7366 2 6630 9 8909 83
7367 3 4833 12 7551 33 2971 55
7368 6 7332 54 7488 10 2016 4 542 50 5348 98 5669 35
7369 2 1152 84 1247 87
7370 3 5582 23 2045 92 3317 38
7371 9 6092 69 5018 55 5700 72 6624 43 9038 64 1240 31 3468 38 928 78 3041 11
7372 3 6891 9 6105 2 555 60
7373 4 3802 57 625 57 643 48 9172 21
7374 3 2750 21 9094 36 2755 98
7375 9 774 78 5016 9 3898 42 3798 12 5609 35 8646 77 4563 94 3189 78 7871 13
7376 4 704 21 2036 4 4005 32 6149 35
7377 4 6780 90 8433 48 3418 82 847 29
7378 3 1518 26 8884 94 8346 30
7379 5 6439 13 1571 77 456 16 1243 89 5919 26
7380 2 1506 28 9720 69
7381 6 4414 41 4163 7 7819 73 2088 12 2527 64 811 15
7382 4 1226 87 9734 37 3317 39 628 9
7383 4 7331 6 9416 93 829 13 4922 43
7384 5 4537 32 4344 4 3686 93 5711 52 338 43
7385 3 6993 31 127 66 528 48
7386 6 6481 99 8755 38 5837 15 7580 86 9602 97 4120 17
7387 3 3972 77 5303 87 407 61
7388 6 538 6 8253 40 9567 1 7017 57 9968 11 99 42
7389 4 4059 69 3304 99 6374 20 27 69
7390 3 2973 85 1584 30 5959 47
7391 3 6418 51 8745 39 5958 86
7392 8 3513 83 8252 10 8951 68 8026 20 1980 96 5160 50 8207 29 2591 8
7393 7 2110 65 9703 41 8798 12 1664 94 4473 33 807 16 1839 40
7394 4 2648 10 7720 14 1655 26 2325 25
7395 8 6179 37 8241 72 2746 64 1965 3 6837 29 2315 56 8657 98 5776 73
7396 5 3989 23 6997 26 5896 65 3781 88 7960 91
7397 6 1215 52 814 86 8603 17 6382 64 5953 38 560 100
7398 4 109 45 9039 6 2367 48 9165 86
7399 4 256 39 9239 17 7437 23 7165 96
7400 7 4072 57 8143 3 7552 31 1075 95 2683 32 2813 3 6520 70
7401 5 7183 6 6011 32 345 66 3499 65 2376 55
7402 3 4862 16 5697 44 1027 60
7403 7 5882 62 3691 33 620 67 6077 60 1333 33 2322 90 1430 17
7404 5 2152 12 770 100 1770 81 3168 11 1689 9
7405 5 542 11 8721 71 4905 92 3342 32 4666 46
7406 5 1836 57 816 51 6475 44 4661 35 2546 84
7407 3 6085 11 6896 71 1873 35
7408 6 4399 90 1034 99 1771 86 7944 18 5040 55 6512 51
7409 9 153 66 9841 79 2779 65 8007 37 6681 13 8178 29 9431 25 5984 81 8383 97
7410 4 180 83 6550 47 2304 7 1051 92
7411 6 236 58 2246 48 8746 66 2444 86 1758 13 5804 87
7412 8 1903 72 8597 77 3674 47 1788 34 9417 3 1738 37 2636 91 6027 98
7413 7 1295 96 9755 93 84 100 8051 4 6544 7 276 5 2291 8
7414 5 2915 97 9641 40 3646 96 7022 3 8435 83
7415 5 949 32 5239 60 4628 93 9330 79 3289 44
7416 5 815 59 1461 92 3784 78 6875 28 4299 56
7417 4 4153 2 6052 51 9797 91 5521 63
7418 4 2875 59 7446 92 1781 77 5790 40
7419 6 1165 14 1405 66 2243 19 5190 10 8826 94 2484 39
7420 4 2445 9 8894 92 5396 76 6200 21
7421 3 1296 56 2220 84 2825 2
7422 5 3515 20 8135 51 2299 64 4216 77 3736 22
7423 5 1000 43 2378 92 3486 11 1117 46 6367 45
7424 5 3530 61 9819 40 1235 98 8827 49 8165 77
7425 5 5891 35 913 70 7659 17 6128 43 9414 77
7426 3 2307 17 9115 35 8363 39
7427 6 3477 77 7288 60 172 92 792 27 6168 56 7162 79
7428 5 1417 94 8359 18 553 75 2139 95 2974 51
7429 3 5290 88 9158 29 8731 11
7430 4 1570 24 8061 26 4627 91 9773 91
7431 5 3054 65 3796 96 7541 81 4356 94 2762 97
7432 5 6736 52 6188 35 6875 82 1863 62 7075 92
7433 6 5389 54 8084 79 6869 49 5307 13 9513 51 6654 52
7434 9 5197 10 9095 94 4962 95 240 19 1261 85 2288 6 8528 27 1300 40 5490 53
7435 3 3823 42 298 57 8123 82
7436 4 1781 60 7815 14 3345 9 5358 78
7437 8 6811 52 1721 100 6817 71 8164 86 7399 23 2155 21 8822 29 7221 90
7438 5 1140 18 1050 79 1401 30 2239 75 5739 78
7439 4 3376 18 7811 38 6500 21 2032 31
7440 8 4339 35 948 14 8993 49 6605 2 1279 10 6507 5 833 40 854 42
7441 10 4038 96 8183 88 2876 13 4242 75 7638 72 2574 43 1280 81 1675 66 2465 74 3001 19
7442 5 7155 44 6991 15 9261 99 2466 26 5318 15
7443 7 4878 54 7591 62 6853 41 7026 6 1657 98 4856 86 9565 30
7444 5 6466 95 3372 26 9146 59 7969 1 2322 76
7445 6 7121 78 4980 39 9824 40 8772 35 515 92 6015 77
7446 6 3136 7 5962 18 7418 92 4639 68 6365 38 2451 55
7447 4 152 1 7985 85 1794 33 2866 3
7448 4 5971 98 8549 99 7152 76 1848 60
7449 6 5565 67 9401 22 9438 78 9799 86 2060 95 5016 59
7450 3 1401 23 2785 98 2525 11
7451 3 3087 20 6789 75 7462 76
7452 4 861 77 177 53 1360 27 7060 52
7453 5 1494 86 8759 7 3615 83 970 9 8414 37
7454 8 6630 99 8310 86 362 19 1940 61 6690 39 5052 61 5161 56 753 9
7455 6 6837 33 7478 53 2959 5 8425 2 1371 67 1109 29
7456 2 6993 66 4973 59
7457 5 2278 11 7140 87 765 73 5323 29 1033 38
7458 4 2051 32 7663 3 4650 39 1924 64
7459 4 3057 68 9305 46 9401 71 8023 16
7460 3 5563 95 1743 94 4218 100
7461 9 7118 58 9762 85 2415 56 394 82 6468 23 1470 76 5304 82 19 43 6682 47
7462 8 875 25 2394 1 7185 70 1948 74 5588 58 7451 76 4667 82 9077 51
7463 4 3926 68 5808 44 7553 44 2537 19
7464 7 4486 8 6576 49 415 32 1820 78 9603 60 6356 10 1227 2
7465 2 4538 24 6662 63
7466 6 2031 13 303 50 5527 95 1128 91 4700 92 2810 6
7467 8 878 40 8888 45 1178 43 112 60 1052 71 4646 48 5132 10 4057 35
7468 6 6192 52 4872 91 272 37 8441 8 5234 78 4241 27
7469 5 173 23 8406 53 8621 8 1766 44 6509 61
7470 7 714 76 9104 40 1851 78 5151 11 6592 73 697 69 3724 9
7471 5 7045 76 244 9 5872 45 6353 39 4663 71
7472 8 2636 21 8589 92 2119 22 2437 15 3927 83 9800 61 1113 84 5016 46
7473 6 65 77 7573 76 1970 14 9874 85 7075 93 7319 66
7474 6 1110 45 2526 72 5441 41 6455 79 2536 3 3302 38
7475 6 4672 91 5834 16 2832 86 2119 94 1783 4 1715 62
7476 5 599 60 9228 96 1226 6 2345 23 9167 16
7477 2 6373 29 6948 56
7478 2 7455 53 8182 24
7479 6 2822 84 9622 6 1757 26 6470 45 1943 89 6020 2
7480 6 6819 74 2240 1 3750 1 4025 40 7823 30 7284 43
7481 4 7349 14 6482 93 4422 11 2958 25
7482 4 4112 27 1338 49 8558 7 2512 3
7483 6 4309 54 4639 63 9989 77 4488 16 803 22 469 54
7484 7 4655 98 6939 9 7036 80 5072 44 5637 72 2469 33 3255 45
7485 6 2105 30 9655 77 856 100 2802 18 6696 88 391 33
7486 6 5477 55 8469 79 2321 9 315 80 1252 54 306 72
7487 5 2015 58 8218 56 8622 50 1906 53 292 96
7488 4 268 52 9106 34 7368 10 9253 58
7489 7 427 40 8574 63 359 1 8510 17 1953 36 3591 24 3696 10
7490 6 670 16 9446 57 3227 78 910 79 2617 92 1245 29
7491 8 620 88 4882 91 8384 7 443 25 4498 80 2630 27 6834 47 7941 52
7492 4 6950 75 2917 49 1582 57 4497 61
7493 4 3540 95 1587 56 1717 15 8011 35
7494 4 970 5 2656 14 9854 58 6047 62
7495 4 1306 50 9304 5 7627 96 7875 94
7496 4 3897 72 8019 30 2365 9 6378 45
7497 5 4512 65 6576 64 4199 23 3419 51 4576 65
7498 1 2727 79
7499 10 2933 1 7540 33 2935 3 9302 58 2770 61 7769 2 8368 85 1008 44 571 58 9835 1
7500 2 2685 37 7194 70
7501 2 2513 52 8155 49
7502 3 4620 81 7915 44 1467 1
7503 7 357 79 9388 3 9350 47 9533 61 4599 72 7636 52 9861 52
7504 4 5754 59 8920 72 4821 37 231 3
7505 5 5759 48 6519 9 1424 85 5259 24 4207 99
7506 6 3989 7 7550 22 390 11 3317 78 9403 40 5705 72
7507 8 437 79 1811 74 2591 13 5698 83 5654 27 9757 72 8573 53 9416 60
7508 5 2500 8 8263 53 4377 94 5164 79 3544 66
7509 7 4310 39 2082 69 7004 36 6664 17 5631 93 5397 33 2157 82
7510 3 4668 20 4582 56 9330 30
7511 5 2373 69 8080 100 5894 17 9103 44 9320 89
7512 6 3329 94 7365 86 1955 47 3849 39 5471 48 8792 72
7513 5 5667 48 4436 77 5230 10 4242 84 9060 93
7514 8 2554 84 9334 60 1124 81 4934 79 8930 68 8649 97 9104 50 3867 24
7515 1 6685 49
7516 3 1858 10 2196 31 6244 26
7517 1 3537 41
7518 3 3821 62 9234 51 9014 57
7519 7 3046 68 7679 75 4515 10 8109 10 7648 83 2773 21 378 89
7520 6 6781 58 8300 51 7931 33 485 58 3000 96 1848 30
7521 6 6640 61 8910 17 1295 9 5174 74 4362 100 3859 8
7522 11 1359 79 9179 58 5206 67 2253 61 9728 73 2658 58 9909 46 1293 100 4157 84 7870 81 5892 33
7523 6 2519 75 3172 69 2925 34 2382 23 2646 88 258 71
7524 3 2162 71 9130 65 5563 73
7525 9 5371 14 7718 43 2625 37 305 39 9834 45 734 45 285 68 7877 65 483 78
7526 4 802 6 738 7 5796 44 4079 29
7527 7 4184 59 9117 78 4061 5 1241 4 1332 92 2087 6 338 37
7528 3 2946 12 1481 75 4581 93
7529 4 6645 40 5947 59 5227 1 9263 42
7530 8 111 18 8889 46 8502 81 2638 81 9071 50 9761 26 1754 64 1945 65
7531 4 2138 19 3532 71 2098 40 6207 78
7532 6 5314 41 75 6 5773 64 2055 77 6689 100 8317 36
7533 5 262 20 3876 30 1142 75 2990 73 614 89
7534 5 6810 75 4861 22 6282 69 6896 31 7097 26
7535 5 656 73 6583 55 1924 96 526 30 3190 81
7536 5 5134 45 868 19 9629 47 1985 9 294 1
7537 4 614 6 5596 4 5388 75 4602 47
7538 2 1998 97 6288 5
7539 3 1966 77 8509 15 2047 88
7540 6 7499 33 709 90 1747 61 898 79 6588 48 3614 72
7541 5 2810 15 2750 20 7431 81 9998 39 3215 60
7542 6 4517 39 7797 69 3110 37 3363 81 3740 69 1165 29
7543 7 6633 32 9485 60 6331 88 2719 30 854 69 5245 45 9702 8
7544 6 4308 82 5810 1 8719 90 6915 18 9752 62 3410 76
7545 2 2294 24 6195 39
7546 4 2325 93 9318 55 5761 14 5319 35
7547 5 4852 95 6242 9 5566 55 4086 46 2537 90
7548 12 5638 71 7932 71 8008 91 1203 16 4703 25 7229 68 2630 9 2908 43 4943 80 5398 20 2332 35 2609 80
7549 2 317 89 8878 67
7550 3 7506 22 1206 14 2748 99
7551 4 7367 33 8684 6 3220 57 8697 39
7552 7 2724 68 7400 31 1922 51 3869 49 3586 86 9047 100 3660 97
7553 5 3026 55 8915 75 6325 46 5954 70 7463 44
7554 4 546 51 1696 48 3717 16 6682 62
7555 6 7005 45 7212 70 1516 15 8160 54 6242 45 2119 53
7556 2 6967 36 8064 53
7557 1 313 47
7558 4 1406 55 3732 25 4977 27 2820 52
7559 7 3181 57 9121 95 1830 42 3176 56 8651 81 5538 25 4911 75
7560 5 1255 76 9961 34 8442 81 8038 95 9250 66
7561 5 3321 61 396 65 5868 48 8791 6 1325 14
7562 3 4163 85 3398 70 2788 42
7563 2 3996 44 7198 63
7564 2 2417 50 2116 45
7565 7 1253 54 7848 69 1685 35 5532 88 2454 40 4267 56 2083 7
7566 3 830 45 8125 74 8240 91
7567 7 6150 49 7290 46 4648 75 1695 25 7242 11 2676 51 697 90
7568 2 5463 23 153 79
7569 11 4483 89 8291 45 9380 39 1393 59 1884 70 6526 90 6619 75 4214 95 9404 37 7121 99 5525 33
7570 8 2551 35 334 90 4101 77 188 91 2478 100 3140 82 1374 53 6872 13
7571 7 182 93 8786 45 5830 32 2428 48 9695 14 5332 75 1050 34
7572 3 6311 46 8062 98 6550 51
7573 5 2019 50 7473 76 1517 91 705 75 1403 100
7574 3 613 94 6667 42 9755 53
7575 3 1346 62 4012 80 9059 30
7576 4 7164 15 7703 66 4874 43 3893 92
7577 5 2633 82 540 2 9333 79 4385 55 8684 4
7578 4 3872 70 3724 79 7910 52 3516 61
7579 3 5213 95 7722 69 9497 41
7580 5 2239 84 8237 19 7386 86 7663 18 3042 53
7581 1 5801 60
7582 2 94 46 4862 72
7583 3 6435 40 8963 8 1641 8
7584 14 3775 23 3638 78 8301 34 356 38 5269 93 9018 9 1734 19 526 41 4175 99 3575 43 5832 26 2219 51 3926 44 6227 67
7585 5 436 60 8237 19 5203 14 1142 93 9796 17
7586 5 6467 7 852 69 5332 65 8038 17 9786 70
7587 4 5381 96 5770 72 8603 60 5814 79
7588 3 486 37 2752 63 5557 76
7589 2 1786 43 8163 26
7590 6 7006 60 3709 17 9336 91 9329 49 4393 53 6200 2
7591 2 7443 62 7044 92
7592 3 4578 33 8141 100 5912 52
7593 3 3308 28 1864 92 1536 23
7594 7 405 88 9271 67 9297 27 3621 43 2440 58 9975 44 2496 24
7595 4 2834 35 6651 38 8399 91 4109 45
7596 5 6241 59 1695 57 8052 32 3024 82 353 34
7597 5 1582 98 8417 7 3419 53 3823 68 2333 47
7598 3 6539 63 9383 28 6073 37
7599 3 1289 19 7871 38 9488 23
7600 4 149 58 1075 92 7881 74 6879 48
7601 4 4044 27 8044 28 4710 61 1279 19
7602 3 4140 25 2854 32 2620 55
7603 7 2370 52 8631 48 1505 1 7311 15 2323 64 1712 54 7764 85
7604 4 3996 39 4822 68 948 54 9551 100
7605 4 6325 50 5217 57 1545 52 339 22
7606 8 3208 89 8943 55 493 90 2388 77 3199 33 9028 34 421 76 3408 93
7607 4 4107 98 9719 19 2609 100 7087 6
7608 6 3377 15 6188 7 3006 69 7628 49 7236 18 3972 33
7609 4 1011 10 2198 51 2690 26 513 1
7610 7 3508 79 345 33 2694 20 776 29 2289 36 4903 61 279 47
7611 5 5274 5 5180 33 8191 50 1581 20 3395 68
7612 5 7066 41 4318 57 768 75 5220 88 6978 58
7613 9 1888 26 3881 75 5095 48 8200 4 1295 71 6161 24 4482 63 2367 87 3122 44
7614 7 2113 63 453 19 2300 43 584 43 5372 33 471 48 9943 34
7615 3 2782 90 5390 27 9949 24
7616 4 3984 74 5045 41 3709 78 2257 41
7617 2 5939 91 1845 91
7618 6 5702 44 2952 76 5004 34 7179 79 2472 52 4245 76
7619 1 395 14
7620 3 838 59 934 85 1027 59
7621 4 7079 68 2800 58 2368 58 2332 54
7622 3 3010 81 68 18 9971 15
7623 6 2625 69 9443 97 67 24 6914 11 6578 4 1448 68
7624 5 7290 30 2466 63 9009 94 9701 57 2717 82
7625 3 6615 85 172 91 1442 52
7626 6 3535 83 7688 28 7169 72 7812 3 9439 77 8345 39
7627 3 6897 40 7495 96 8523 51
7628 5 2326 49 2459 77 2149 2 7608 49 7309 30
7629 3 4259 48 2726 79 4778 30
7630 4 2157 50 351 25 6678 11 2109 2
7631 6 1911 44 678 92 3224 51 1216 86 81 92 9759 88
7632 3 3976 93 4672 66 9246 22
7633 6 2004 27 6692 21 8677 84 1393 54 7925 82 2768 77
7634 5 1699 52 1758 14 1629 100 9233 5 2081 57
7635 5 4637 29 2813 15 5973 97 2047 65 3144 14
7636 6 1835 88 1458 8 6778 48 4220 99 7503 52 9924 80
7637 7 5775 5 2119 14 3622 61 2758 8 7976 99 121 10 4840 47
7638 8 1004 5 1846 95 5516 14 7441 72 2086 30 6653 55 7731 14 3865 55
7639 4 5786 64 3748 26 2049 46 9555 93
7640 7 5356 92 8629 81 9887 25 9538 38 5670 33 8605 89 5276 95
7641 3 3344 81 6233 25 5028 12
7642 3 6417 37 2142 64 8471 24
7643 7 3636 29 9532 44 893 42 492 45 6975 21 4257 57 3555 49
7644 9 1230 14 8866 55 9578 97 3380 28 9719 76 2155 22 6414 24 2901 36 6493 11
7645 2 4154 5 9386 67
7646 10 2486 87 8591 100 7907 86 4708 87 5357 52 4589 39 54 48 9193 55 1407 83 9850 68
7647 5 498 33 1448 43 6797 45 2780 96 9532 69
7648 5 1046 25 7519 83 5133 42 2263 23 2419 20
7649 2 5362 84 3348 87
7650 4 1347 4 8654 54 1059 70 1721 76
7651 7 6592 98 2197 95 4275 76 8409 80 6313 14 2978 64 8885 11
7652 3 4671 36 7187 62 6986 17
7653 7 7164 72 4642 56 2166 83 5815 22 5064 68 1673 17 6650 37
7654 6 4153 59 7996 78 7669 55 1830 24 1504 82 3587 27
7655 6 5246 94 4902 78 6950 39 9265 89 9691 59 4422 94
7656 7 2623 67 4180 41 9767 70 4448 50 4181 89 1241 59 8610 68
7657 8 6793 65 5607 19 3594 79 9535 87 8561 29 4511 40 7921 13 1837 51
7658 7 3957 11 3049 38 6370 49 1012 55 3327 97 9589 96 7227 14
7659 6 5400 88 7425 17 2352 74 5654 54 4007 27 2032 35
7660 2 3272 18 1987 100
7661 5 155 80 7801 25 2136 37 9471 28 1787 76
7662 7 2386 44 1382 43 2974 94 5219 6 4662 41 9020 44 1455 45
7663 5 5358 67 1154 95 7458 3 5711 7 7580 18
7664 3 2945 24 8080 82 3929 91
7665 4 2508 17 8172 72 1930 19 3077 66
7666 3 6469 86 8263 4 8180 58
7667 2 3926 16 9703 53
7668 5 1799 90 1156 22 7301 66 1724 76 7813 52
7669 5 2617 58 763 20 7654 55 6882 94 1490 48
7670 4 6374 45 5819 86 90 55 6865 23
7671 4 1031 32 3280 26 622 38 4516 47
7672 6 1988 69 9974 100 9054 47 7280 61 6238 63 7105 1
7673 5 6034 82 7857 74 4242 81 5378 76 7827 1
7674 6 1399 75 4424 61 8253 53 9989 36 2839 20 3057 95
7675 3 3219 20 9253 94 3374 91
7676 1 359 92
7677 6 2528 67 8132 66 3959 95 1565 79 2228 44 210 93
7678 4 6902 16 9272 57 760 90 642 73
7679 4 7519 75 5927 30 2792 81 8311 84
7680 6 6609 64 8165 22 881 42 3159 29 1568 90 4958 20
7681 2 3473 23 50 38
7682 2 4820 17 4867 30
7683 4 5961 32 1659 47 6945 42 593 59
7684 4 190 22 863 37 2143 91 8879 5
7685 4 1581 55 1603 79 2702 60 3270 26
7686 2 511 89 6720 35
7687 4 671 70 7711 68 8307 30 2200 29
7688 2 7626 28 2124 71
7689 3 3818 47 6366 96 4736 35
7690 4 4056 95 9733 68 7781 18 7356 37
7691 4 1939 57 6812 71 6803 42 8743 36
7692 4 6884 48 9867 78 57 65 5037 80
7693 2 6897 27 6180 97
7694 6 3681 67 4695 78 1459 88 9981 61 2409 16 313 38
7695 6 6756 16 5362 89 4530 64 2922 43 7158 95 4835 16
7696 8 1807 64 8609 48 378 99 3896 38 723 84 483 74 7292 23 8047 57
7697 6 3123 74 9057 77 2995 86 4937 54 4903 28 1716 29
7698 3 5227 13 3497 32 3979 44
7699 8 1151 21 163 24 8371 85 60 30 1120 92 6237 52 5839 61 2771 44
7700 5 5776 20 2739 8 1006 48 3062 85 1852 2
7701 1 6997 98
7702 7 5387 57 6156 90 1666 72 5902 59 250 53 6248 65 1010 30
7703 3 6747 27 4432 65 7576 66
7704 10 3089 23 7800 1 6884 93 2728 50 1702 41 6133 3 805 49 5232 42 7358 5 5810 57
7705 2 1662 53 4282 23
7706 3 1345 41 3114 37 5479 53
7707 5 2784 85 5936 37 6707 46 278 9 242 38
7708 3 6273 14 738 41 6864 89
7709 8 4364 66 8200 85 2264 60 2032 10 3809 74 285 61 459 70 2758 53
7710 4 1198 62 5600 84 4484 45 602 65
7711 5 7687 68 9726 9 2194 7 579 55 1388 89
7712 5 6434 27 3948 92 2946 68 2016 40 5750 95
7713 7 4082 77 1741 52 1762 4 9717 14 6346 92 62 89 3094 24
7714 4 6816 26 4188 5 4157 89 1261 9
7715 6 3522 16 8415 24 6117 35 1783 57 8823 55 9982 94
7716 4 1985 84 4370 19 4444 43 378 40
7717 2 2202 63 8571 33
7718 3 7525 43 5740 8 5719 3
7719 6 6471 43 6350 28 3151 3 1925 87 4843 85 433 56
7720 6 7394 14 313 53 9114 93 2504 99 2944 37 195 100
7721 5 6458 95 8496 11 1499 2 9723 21 1430 16
7722 8 1956 43 9958 98 5076 73 1088 54 4883 98 2986 63 115 49 7579 69
7723 2 5312 45 2191 98
7724 4 5389 2 9130 1 7190 84 9539 51
7725 4 938 64 6798 67 503 87 3697 49
7726 5 1933 59 9292 76 500 11 3529 35 7083 47
7727 8 1553 35 7276 35 3315 56 5078 43 9849 66 3478 45 3224 60 366 44
7728 3 4258 7 3012 41 654 52
7729 7 232 21 8556 1 9463 95 2792 56 8741 14 1061 6 9283 75
7730 6 4653 37 9539 95 8583 89 1367 44 1219 53 2605 27
7731 7 4164 5 5710 41 3437 62 79 48 999 32 7638 14 691 92
7732 5 5814 70 2494 100 2466 95 1105 29 8950 68
7733 6 2340 99 5774 81 9607 49 8272 85 8679 1 326 54
7734 5 625 77 2176 90 2889 70 9755 3 2099 22
7735 4 4675 20 9377 97 455 98 421 13
7736 4 5795 77 802 12 4927 74 4494 4
7737 5 1346 82 8312 6 9995 97 4472 73 4846 59
7738 1 4704 35
7739 4 1743 8 9587 34 4114 57 487 87
7740 6 413 36 9539 50 8089 40 4193 39 9894 91 4376 82
7741 5 6 73 7363 58 9390 69 5522 41 9369 67
7742 7 6450 87 6041 79 486 45 2871 87 7991 53 9147 94 3666 85
7743 4 2894 78 1752 96 7134 78 2957 20
7744 3 6759 71 9222 44 1326 73
7745 6 236 97 8791 98 4061 2 7840 8 1191 22 3953 66
7746 2 1219 60 1440 20
7747 7 3928 67 8366 87 5585 35 9837 25 473 26 4984 81 2087 21
7748 3 2294 42 9145 50 9295 12
7749 5 2847 98 665 99 8606 56 1793 12 1783 75
7750 9 7328 50 8297 52 2899 68 8435 24 2609 20 6258 91 4428 11 7244 24 7033 93
7751 6 4749 79 4872 25 8490 72 5584 20 3469 69 721 91
7752 7 7255 72 3249 94 5149 81 1521 38 6534 68 4642 53 3616 33
7753 2 7098 58 4565 32
7754 4 2404 12 6596 48 3344 88 2954 41
7755 5 1922 32 417 38 1603 94 9403 18 5100 92
7756 3 27 61 3412 7 147 27
7757 6 514 20 2433 28 9705 54 1030 81 647 75 4300 11
7758 4 7216 6 5294 26 9183 82 1320 11
7759 4 1775 85 2441 79 8915 61 2994 98
7760 5 7226 67 3767 54 2446 6 2966 57 5884 57
7761 8 6604 38 8750 51 5179 25 5286 3 7356 12 651 82 283 25 4227 74
7762 5 847 76 1963 93 6022 5 1159 4 9848 53
7763 5 614 7 8599 75 8977 8 4870 29 1954 2
7764 3 357 85 3503 11 7603 85
7765 8 186 87 8577 34 5483 73 2396 31 6647 25 626 12 7112 37 790 1
7766 7 3417 21 5537 55 8131 36 3281 14 2016 64 1374 16 8033 36
7767 5 6134 35 200 48 9626 72 9466 87 5507 94
7768 3 4483 39 9633 49 6834 21
7769 4 3736 42 7499 2 9872 90 209 67
7770 5 7010 38 193 28 9651 87 9166 86 8196 75
7771 4 4241 97 8802 44 2718 30 4194 82
7772 5 5625 31 5977 22 1952 86 6810 24 65 16
7773 5 559 5 4622 1 5004 65 3914 39 832 48
7774 3 6344 73 6807 89 808 22
7775 5 5773 27 5053 21 8794 62 6402 65 5291 77
7776 5 3042 63 5361 22 9104 12 7103 18 6036 72
7777 1 7338 83
7778 9 4163 30 5604 51 6822 7 5495 19 9250 11 8193 80 8268 12 3159 19 6498 39
7779 6 6935 84 8608 31 8062 18 278 39 7319 79 454 84
7780 4 5800 29 2427 26 9085 60 3363 52
7781 7 113 7 8672 42 1778 27 7690 18 6575 78 32 55 425 17
7782 2 3684 84 7803 37
7783 4 7152 26 365 37 9271 8 2167 4
7784 6 185 2 8066 72 9183 99 6537 81 8150 4 324 18
7785 8 6720 63 3126 40 2208 94 6228 53 437 86 1182 74 383 65 2054 33
7786 6 3298 41 2840 3 1993 47 4158 58 6591 56 6012 85
7787 8 182 44 4829 42 6729 10 4407 13 6487 5 1094 92 5981 7 1630 92
7788 4 2507 55 3090 73 8781 43 5537 13
7789 5 3166 5 8852 14 8781 62 357 48 1958 7
7790 5 5480 46 4938 4 4120 85 571 93 5891 49
7791 5 3284 40 9720 91 759 76 600 87 1347 28
7792 2 6584 39 3478 18
7793 4 1439 81 9367 63 6634 26 8718 47
7794 5 6820 32 946 81 1214 99 2584 19 7043 5
7795 3 102 19 4051 73 2160 75
7796 3 2522 23 9702 35 5171 50
7797 5 7542 69 8490 100 6949 21 7349 77 6602 71
7798 3 7130 26 8134 21 1034 2
7799 4 6187 12 2006 64 8472 17 7821 23
7800 2 7704 1 2374 48
7801 5 6583 88 483 55 7661 25 2341 58 7059 69
7802 4 4961 49 6546 53 979 36 4927 61
7803 5 7782 37 8051 36 2061 57 1136 10 4044 14
7804 5 1288 22 1140 1 6592 97 2091 80 2632 74
7805 2 3838 36 9161 99
7806 5 691 14 8984 9 8530 30 9344 57 734 70
7807 5 935 82 236 79 416 5 4129 33 7055 56
7808 4 7251 59 3604 97 5212 81 106 83
7809 6 7113 88 8435 13 528 31 1263 56 1543 14 639 86
7810 5 1691 95 3040 43 1792 88 8540 42 467 73
7811 4 7286 19 1765 4 7439 38 1749 59
7812 5 1188 64 1067 57 4943 50 7626 3 2991 56
7813 7 1193 58 1012 13 6536 85 6201 65 4378 23 8737 86 7668 52
7814 5 4135 71 390 79 5751 10 7872 8 3825 45
7815 2 7436 14 1100 37
7816 3 4609 88 3873 17 3225 31
7817 9 3929 26 5224 84 8672 26 8520 33 9174 100 2180 29 3240 51 7049 8 8111 47
7818 5 1536 54 9395 51 3289 59 2191 43 5866 88
7819 7 4008 63 7381 73 1880 93 9109 68 9022 54 3498 6 9117 67
7820 5 6280 34 9077 9 6319 92 2222 11 4300 37
7821 4 343 17 6131 14 683 53 7799 23
7822 7 3026 2 3201 64 6068 98 5568 72 2796 82 441 30 62 43
7823 7 6660 98 3397 54 4342 78 4096 52 7480 30 998 61 6503 18
7824 5 5291 36 7923 34 219 63 4888 90 2978 78
7825 1 5524 63
7826 5 1394 60 9968 68 6345 89 3673 12 6152 88
7827 7 2210 85 5957 75 7090 27 5766 10 1854 89 7673 1 9248 60
7828 5 4508 30 9490 33 2622 43 7306 98 9727 77
7829 1 826 1
7830 7 1434 39 9711 29 2119 51 4429 81 4723 37 1851 25 4463 62
7831 3 748 8 6911 10 7905 63
7832 7 6058 3 8450 11 9883 90 7040 31 6407 96 2440 8 9123 52
7833 3 2724 24 595 3 5349 78
7834 5 5366 16 1290 5 1575 50 3526 36 8231 14
7835 3 1322 67 3052 43 4172 1
7836 5 4731 13 4612 58 601 45 5739 60 6407 44
7837 7 1665 49 2494 55 5484 16 1798 19 6555 19 2204 97 6831 87
7838 7 4015 61 782 25 8178 16 1202 61 636 69 4629 77 8922 59
7839 6 4670 63 9172 70 2986 15 949 47 234 30 6979 46
7840 7 824 96 6702 33 8573 58 3829 85 5061 31 463 27 7745 8
7841 10 6532 10 2346 19 9897 35 2928 22 2453 32 6849 10 2377 9 4311 66 9798 26 8581 71
7842 4 2286 2 1531 90 3896 90 6034 71
7843 6 6485 5 332 83 6368 23 8216 12 2040 93 2196 26
7844 3 4536 83 2720 31 8020 65
7845 4 4617 31 8296 47 4455 50 8709 61
7846 4 6528 86 4292 63 1949 77 3511 5
7847 4 1939 93 6954 73 6415 80 9062 23
7848 6 2101 31 8296 17 7565 69 3014 5 340 17 275 6
7849 6 2772 75 2786 95 5019 25 3271 44 8144 92 3059 3
7850 7 1180 59 8004 50 3527 65 9068 85 5397 6 2442 76 4811 15
7851 4 2808 84 9162 51 1755 28 5605 72
7852 5 5605 61 3258 45 1758 82 8306 32 1521 2
7853 5 4846 67 8802 85 8745 71 2900 63 133 27
7854 5 7085 10 9973 42 5953 85 7245 40 90 59
7855 3 3695 3 2990 74 2322 58
7856 9 851 16 979 77 4887 47 9757 24 167 71 9667 31 7905 50 8671 12 8734 18
7857 4 7673 74 2022 30 1417 6 2561 68
7858 5 2710 28 8035 97 9164 82 3971 91 2543 58
7859 6 2632 62 8092 34 4133 94 4445 26 807 52 5124 10
7860 7 2288 65 5355 70 3418 36 8751 66 7963 48 8387 92 3323 5
7861 4 2193 24 0 87 6876 71 5979 77
7862 5 4571 65 2684 18 6375 43 215 10 3640 70
7863 3 1985 93 643 20 5782 14
7864 3 362 38 9522 80 3375 51
7865 2 1256 74 902 60
7866 5 4698 39 1560 1 595 22 6018 12 6254 14
7867 4 7361 75 1533 12 9129 7 4540 7
7868 8 4143 28 1217 3 3657 16 8185 92 2831 77 158 35 6765 49 487 13
7869 3 4306 16 4584 94 4782 66
7870 6 6843 39 1348 74 8581 41 5579 14 9358 31 7522 81
7871 5 7599 38 687 10 5155 90 991 48 7375 13
7872 8 723 93 7928 20 1594 25 7814 8 1885 32 1784 63 5953 33 3598 75
7873 3 732 71 6866 52 8806 90
7874 2 848 12 2948 22
7875 11 5403 92 2696 63 6071 89 780 34 7495 94 1444 90 11 33 458 59 9708 74 8968 94 4621 5
7876 3 5890 70 4670 86 3760 13
7877 5 405 95 717 47 9052 24 2560 71 7525 65
7878 5 4672 58 8530 76 5249 78 4242 78 5546 38
7879 3 1876 26 9863 43 1548 92
7880 5 391 77 9313 42 3700 61 8629 38 1110 92
7881 3 546 94 7600 74 4283 68
7882 10 652 44 8762 14 5356 36 8950 55 4378 54 4554 21 1427 4 8772 97 5903 12 176 99
7883 5 3611 87 7203 90 6889 14 9857 73 2351 36
7884 7 1885 17 2467 85 2298 86 4664 46 4705 57 8154 64 831 3
7885 6 879 47 3937 96 7314 29 6570 37 4073 5 5029 13
7886 5 619 95 1365 63 1003 13 7230 53 168 78
7887 4 2439 13 4682 38 3813 60 5087 27
7888 7 4208 97 1305 13 4352 42 1682 61 1083 78 8710 61 8139 10
7889 7 5068 92 8104 52 6218 62 2957 8 6480 64 6240 91 2401 26
7890 4 1961 57 3180 53 3270 26 6279 24
7891 4 1175 24 7995 18 66 30 6464 2
7892 2 2164 73 9910 43
7893 3 1881 65 2695 18 6633 76
7894 7 4187 50 1401 73 4079 71 8350 41 878 59 6972 46 5622 59
7895 6 5556 62 877 67 8117 34 5651 30 5086 4 7000 22
7896 5 6374 13 5851 41 791 47 9116 72 1466 1
7897 4 1478 11 2554 24 467 99 8702 63
7898 4 147 99 5031 9 6088 90 51 30
7899 5 7019 97 2799 12 1063 1 8984 28 2330 94
7900 4 6429 39 609 20 8819 87 9989 1
7901 5 327 89 9943 56 4013 65 1357 49 6821 72
7902 4 408 30 7987 38 3452 10 7297 90
7903 4 2334 60 3467 7 6341 27 4851 84
7904 6 6659 54 8840 39 2685 42 8450 74 2713 74 5776 36
7905 8 1622 2 9705 25 6440 82 509 90 4771 83 7856 50 1070 60 7831 63
7906 5 3318 35 814 14 8577 40 9364 13 4804 84
7907 7 5735 46 9827 69 9972 4 7646 86 2543 69 5506 80 966 100
7908 5 2505 62 8478 60 8482 5 9446 73 9525 74
7909 2 4131 29 1438 67
7910 7 2363 58 9157 95 8990 20 5332 37 7198 24 2251 34 7578 52
7911 3 4580 97 4903 76 3472 35
7912 6 1231 28 680 42 8496 70 4152 35 3618 85 7937 53
7913 5 723 44 8130 17 5868 19 9917 57 3077 66
7914 3 4112 86 6222 15 1947 16
7915 3 2246 69 7502 44 9392 16
7916 3 5241 64 3226 71 2656 7
7917 8 2120 6 8366 52 8059 15 3057 63 9116 88 151 41 4527 39 6783 38
7918 4 6600 91 4775 70 4719 64 1953 35
7919 5 2347 6 1815 9 8084 39 133 48 4781 50
7920 3 4691 70 8138 88 5866 73
7921 8 3099 9 2061 42 7657 13 3153 65 7029 100 9419 7 3966 8 957 10
7922 6 1603 14 5506 91 3493 89 5636 22 3259 25 5656 74
7923 6 7824 34 1540 55 1868 77 9827 12 5787 96 6535 30
7924 8 1982 44 7286 34 3028 67 5794 76 9717 78 6225 82 9406 90 7013 23
7925 4 5448 28 6718 27 2723 48 7633 82
7926 7 737 64 8036 46 3295 63 6097 91 472 39 9114 15 6815 3
7927 1 5398 84
7928 3 7872 20 9588 24 5338 25
7929 6 5833 54 5742 97 9411 92 3619 11 428 25 1010 25
7930 4 3063 94 2161 18 5572 52 9062 42
7931 5 5732 90 7520 33 3165 76 3750 83 3465 56
7932 6 7548 71 2770 83 705 73 6329 7 8305 43 1806 42
7933 5 6537 73 8923 76 6589 28 1345 55 5560 85
7934 7 134 96 428 50 1218 7 6222 49 2751 74 5533 76 1289 14
7935 5 3238 32 6041 53 8409 76 9289 74 6117 20
7936 4 3368 35 6234 86 3165 68 4413 12
7937 8 6128 92 8628 37 3254 90 6890 70 4315 16 3491 63 7912 53 8976 19
7938 5 4594 98 1634 72 1865 30 4963 97 1562 45
7939 5 1744 18 8053 80 5614 9 5572 31 8399 84
7940 6 338 41 9346 2 9944 72 4962 7 3856 66 802 74
7941 6 5785 1 4302 18 9058 12 2338 19 7491 52 1312 97
7942 4 2641 82 1511 38 8610 14 7337 27
7943 3 3131 34 8370 56 9234 70
7944 5 4243 68 7996 89 7408 18 4007 87 3418 40
7945 5 1175 40 2720 11 3269 73 6649 45 3894 4
7946 4 701 40 4906 41 1560 39 1675 73
7947 2 4604 40 1762 56
7948 3 2571 20 8969 27 6203 44
7949 3 817 70 8184 11 6334 11
7950 7 73 24 1053 90 1961 30 1780 97 2206 31 9997 58 6258 84
7951 2 2393 77 2155 24
7952 6 4491 84 8054 70 9781 3 153 3 1547 69 1329 9
7953 3 4380 35 5627 32 3350 9
7954 6 3104 87 9261 88 4669 55 4225 91 923 86 7981 10
7955 3 1216 29 4567 17 4194 8
7956 3 1129 24 9327 7 4905 20
7957 3 4458 5 4810 83 9242 75
7958 6 38 90 8176 71 337 5 7073 93 1339 16 3024 37
7959 5 6381 17 2929 93 8685 76 1371 49 4816 55
7960 4 5943 100 7396 91 1622 50 2266 71
7961 4 5722 43 6458 67 2638 59 412 6
7962 4 4107 75 9393 71 2552 61 5713 43
7963 8 1556 57 2562 33 7860 48 799 97 7036 70 3926 76 4264 28 6895 65
7964 4 1325 59 4412 97 6045 60 6780 34
7965 2 2182 87 6312 62
7966 7 5061 20 9398 50 4185 58 1563 76 2828 94 1043 65 9509 39
7967 5 1864 38 8489 80 4009 63 9686 47 4844 93
7968 5 5699 36 4850 71 6644 55 757 74 2288 67
7969 7 2635 3 9994 78 5757 9 8064 78 4214 99 7444 1 675 92
7970 6 5448 81 3596 13 6950 90 4778 16 391 34 3953 14
7971 5 1926 77 9239 65 203 3 5379 46 1978 15
7972 4 5911 77 1418 50 3144 53 4965 68
7973 4 3894 28 4001 14 9997 38 9385 46
7974 4 137 70 8567 100 9161 83 488 44
7975 5 2647 22 9760 12 9794 41 4609 82 8407 93
7976 5 773 27 4991 38 4899 44 1803 97 7637 99
7977 5 3937 78 974 99 2461 5 1476 82 9198 48
7978 4 3795 46 6927 14 671 92 3849 18
7979 3 1038 98 8994 39 2587 33
7980 4 3774 48 208 78 5262 62 1759 60
7981 5 210 17 7954 10 6754 99 5763 100 1747 100
7982 9 4137 30 8161 89 9982 61 1305 72 9849 84 3633 45 9783 17 8641 70 5355 16
7983 2 2225 2 6515 54
7984 3 1624 97 8216 41 6802 63
7985 4 5679 64 8195 5 7447 85 7084 28
7986 3 6441 12 6720 84 840 54
7987 6 5913 2 8956 75 4087 65 9332 17 7902 38 3064 75
7988 12 4301 72 8405 36 6935 68 5969 91 9219 67 3997 97 782 10 6328 26 578 12 1633 91 2536 55 1548 44
7989 5 5533 37 9656 49 3492 29 3360 49 1337 35
7990 5 4736 64 8525 11 1494 43 273 17 8008 69
7991 5 3663 67 3812 63 6922 76 7742 53 4096 25
7992 5 7156 11 8070 16 752 43 4724 28 5868 77
7993 8 1325 34 9604 92 4726 47 9945 26 9122 27 1157 49 2135 82 4315 82
7994 6 768 71 2592 81 5487 57 8032 49 1101 95 8282 61
7995 2 7891 18 5252 30
7996 7 5962 63 8461 25 7944 89 4665 91 7654 78 3589 84 4147 74
7997 5 5589 67 1285 18 2013 9 3924 4 3382 38
7998 3 5843 63 651 43 3290 54
7999 4 6919 14 4921 54 2239 39 9111 20
8000 6 658 82 398 73 6268 41 554 78 131 64 2513 99
8001 6 4675 25 1809 50 4730 78 2757 22 8669 60 1839 23
8002 4 6397 44 9967 97 101 22 5426 17
8003 5 1299 2 9839 39 8047 57 1656 30 2013 45
8004 4 482 58 7850 50 104 87 3373 58
8005 6 5365 72 853 38 6 62 9951 22 529 63 3754 41
8006 4 5992 82 2780 12 8725 77 1508 78
8007 5 7233 24 61 44 7409 37 4338 59 7158 72
8008 5 7548 91 3571 12 4510 7 1462 9 7990 69
8009 6 1298 7 5856 48 946 52 9629 85 8165 19 2784 77
8010 7 1649 29 8037 19 9302 47 4251 65 9105 8 2031 15 1141 1
8011 5 5064 55 9180 57 5931 24 7493 35 2297 2
8012 4 2494 29 1687 23 9300 12 2427 62
8013 1 2922 11
8014 4 1722 95 9716 95 9579 69 1852 33
8015 4 1845 42 909 49 900 5 4258 29
8016 4 6650 59 1434 1 72 48 5307 80
8017 5 4814 3 3275 12 3757 14 5577 18 2465 45
8018 5 4430 73 9904 50 2729 67 5538 94 8759 36
8019 5 7496 30 548 16 776 92 8199 41 3825 74
8020 6 2643 33 3580 85 6097 84 4097 53 9839 87 7844 65
8021 2 6252 15 5463 27
8022 7 542 35 1832 25 1240 99 8283 99 8851 49 5367 51 6103 48
8023 6 892 56 8830 23 4695 39 6879 14 8281 6 7459 16
8024 1 4606 27
8025 8 2102 100 1136 85 5926 59 7299 32 4122 94 6845 84 9595 73 6757 20
8026 6 4544 31 8664 48 1550 13 7392 20 2129 36 0 55
8027 2 6612 77 9995 9
8028 8 7353 20 6565 80 2658 39 4444 43 404 7 9700 58 3956 96 3801 66
8029 3 4329 1 9953 62 8728 13
8030 5 2265 71 2971 44 2061 7 6821 60 6626 9
8031 2 1540 13 9948 7
8032 4 7319 8 7199 76 7994 49 6161 98
8033 6 344 90 5315 58 6516 18 1593 56 5735 54 7766 36
8034 6 1890 32 8247 91 5650 97 7121 88 2433 63 6506 72
8035 3 7858 97 4243 97 8860 22
8036 5 7926 46 8385 60 8094 62 6027 96 6113 47
8037 3 8010 19 5647 55 9140 56
8038 6 7054 95 7560 95 8540 72 3771 47 7586 17 8624 15
8039 6 2394 88 4978 2 420 97 9976 99 47 63 2192 48
8040 4 56 59 3657 7 9138 14 2688 42
8041 5 1325 89 3386 68 9192 48 8317 5 8429 8
8042 4 1083 27 4932 75 4853 52 5822 19
8043 6 5899 41 314 73 4839 86 5306 46 3858 60 5010 68
8044 6 844 25 5157 83 7601 28 6324 31 2097 76 4065 51
8045 2 3238 62 159 57
8046 4 61 61 2663 32 5776 83 9729 56
8047 8 710 76 8808 32 8003 57 9953 70 7696 57 5739 60 2666 22 5936 53
8048 5 402 29 8590 65 1577 65 4843 15 777 61
8049 8 6027 81 8540 62 2698 34 1502 10 1005 54 6023 90 1811 12 8498 37
8050 4 6972 43 8396 64 1490 12 2167 30
8051 6 7803 36 2605 65 7413 4 6880 13 2024 91 8305 91
8052 4 1793 98 5198 64 7596 32 283 13
8053 7 6777 47 4150 99 5906 69 5703 80 8566 85 7939 80 2109 76
8054 3 7952 70 1435 81 7305 53
8055 8 1443 28 4358 35 1948 48 58 43 9342 22 6909 94 6988 35 4447 5
8056 10 6589 7 1278 9 3637 5 9029 91 7241 83 2632 82 5292 35 633 42 1842 9 9641 33
8057 4 207 60 2046 35 4359 12 8186 13
8058 5 5787 56 8172 50 9040 84 4191 37 582 43
8059 7 2463 59 7917 15 3477 57 5533 44 2814 20 332 56 1631 11
8060 4 7117 53 8863 10 8409 51 629 93
8061 5 7430 26 8109 64 8845 23 1832 15 4111 5
8062 9 360 74 1810 80 7572 98 9323 48 2746 34 7779 18 1799 1 3375 66 4839 82
8063 6 214 70 8974 25 5881 98 8555 4 6660 71 5643 36
8064 6 7250 35 7556 53 1166 6 3180 12 7969 78 6003 47
8065 3 1679 48 3016 95 4397 32
8066 9 7784 72 4004 1 4972 67 2451 12 6429 24 4814 52 3416 28 1236 25 7269 34
8067 3 232 10 6695 2 8131 57
8068 3 88 99 2477 10 7013 71
8069 3 3315 33 5197 51 7039 67
8070 4 7043 32 7992 16 9659 88 9052 55
8071 6 1175 79 2075 20 5503 93 5699 76 991 54 8973 75
8072 1 2938 80
8073 3 5715 38 7130 30 4833 25
8074 5 5645 98 9654 46 6114 34 3603 41 5734 46
8075 3 599 2 6334 2 2288 10
8076 9 702 54 9893 73 673 50 7351 13 3619 60 6224 92 4982 41 7319 85 5332 50
8077 7 4338 64 6275 24 6705 40 9118 86 74 70 1446 59 6191 36
8078 8 6156 15 9919 69 736 81 8413 75 5653 30 53 50 8847 89 3018 74
8079 6 6128 28 5511 52 6912 1 7242 34 973 97 2692 40
8080 6 3119 88 7664 82 8355 34 7511 100 2437 26 5168 22
8081 8 4939 72 9586 55 2263 18 9193 76 8372 83 9671 8 8444 19 2651 95
8082 4 6754 73 3234 40 9576 11 4508 23
8083 3 241 65 8781 32 1517 64
8084 4 7433 79 1979 10 1483 82 7919 39
8085 1 4193 89
8086 3 4912 21 1127 62 2457 80
8087 6 1488 1 8552 75 5185 85 4189 18 7262 36 214 91
8088 4 4473 60 2018 29 1137 27 2968 69
8089 4 4303 22 8149 60 5566 25 7740 40
8090 3 488 61 5315 48 2329 76
8091 5 1432 31 2826 8 9045 13 9668 71 8447 24
8092 4 7859 34 5086 7 4203 48 8471 80
8093 6 2304 93 3959 33 600 85 4994 71 9 30 4484 47
8094 6 337 55 1796 89 1591 84 3056 83 8036 62 8603 29
8095 5 4137 37 5950 45 3935 99 2284 10 3790 45
8096 6 3169 65 3296 20 5585 19 773 35 7083 56 8671 1
8097 4 5733 37 2830 15 2160 40 3061 64
8098 5 1538 8 4523 49 9368 15 6787 86 8107 15
8099 3 3935 9 7087 89 2986 58
8100 5 218 16 547 27 8763 70 1482 62 7020 5
8101 6 5261 64 9768 71 9250 57 7112 65 6636 4 3643 41
8102 4 166 5 3931 49 4021 11 5846 64
8103 6 7218 12 8158 76 1750 43 736 100 4399 37 6634 49
8104 3 7889 52 4149 34 5619 17
8105 5 5946 18 5924 57 3373 12 4076 58 5 96
8106 3 4681 18 8771 85 9037 78
8107 10 3330 65 8516 100 4322 48 2695 47 8334 40 2089 11 544 69 4188 40 157 68 8098 15
8108 5 4710 43 3602 18 6905 48 2511 93 491 20
8109 4 8061 64 7519 10 1289 49 1121 2
8110 4 3103 61 8740 10 1415 68 144 67
8111 6 1621 78 9784 70 2559 72 7817 47 4001 31 5046 57
8112 6 2241 62 5284 66 615 96 3621 43 5537 51 7118 75
8113 2 7159 70 985 50
8114 4 4865 100 1102 97 4044 27 1383 57
8115 6 3025 39 9618 25 9742 76 5184 93 376 26 6362 91
8116 5 1863 36 6189 47 6815 68 4175 89 1672 86
8117 8 6204 50 9883 75 4812 47 2177 3 9295 71 2939 67 7895 34 5557 32
8118 8 3090 88 9087 11 9304 12 1507 44 1339 46 4215 65 4389 68 1526 84
8119 5 4241 17 9385 95 997 63 808 54 2241 84
8120 3 6682 9 9154 84 9939 39
8121 3 7085 74 9133 34 2091 93
8122 3 3036 43 1010 53 8217 61
8123 11 1119 49 4916 34 5311 62 5327 64 8725 1 648 37 6171 71 456 29 7435 82 4272 40 7062 60
8124 3 3537 19 2380 4 4531 20
8125 4 7566 74 2844 100 8655 51 1961 29
8126 4 454 39 2714 33 1471 14 6860 34
8127 8 3798 18 2757 72 62 11 9987 97 2367 10 4770 30 5743 28 8174 87
8128 7 230 88 1100 82 2340 25 2310 16 3010 16 7027 2 2334 48
8129 5 921 72 9687 45 7046 32 5413 52 9121 6
8130 3 373 36 7913 17 3236 77
8131 4 3841 43 2456 52 7766 36 8067 57
8132 5 6670 81 2200 50 7677 66 6772 80 3022 22
8133 3 4553 10 3216 10 7229 45
8134 5 6250 70 8840 31 7798 21 6679 47 6766 33
8135 4 7422 51 3510 84 8346 23 3206 48
8136 3 7197 29 1143 46 2931 16
8137 6 2731 43 1725 91 7120 23 3931 35 1345 66 3104 1
8138 3 3319 41 7920 88 4029 49
8139 7 3604 46 209 32 242 6 4529 78 9583 88 7888 10 3660 66
8140 4 6335 76 7112 72 9587 14 1621 73
8141 5 1036 90 6571 56 7592 100 7350 1 162 61
8142 4 6279 88 477 64 4641 13 717 40
8143 2 3322 19 7400 3
8144 5 2360 33 8876 13 1938 98 7849 92 6758 53
8145 4 452 18 265 97 8310 8 9660 46
8146 2 2302 74 6733 8
8147 2 768 68 303 21
8148 6 7217 77 3922 89 7209 24 1136 51 9060 5 749 37
8149 6 2419 53 9179 21 4819 33 8089 60 2829 72 2553 26
8150 4 5662 88 1495 21 339 88 7784 4
8151 5 4939 99 8958 57 6111 53 6840 53 9721 3
8152 5 5129 62 3723 77 5692 76 7268 61 6520 91
8153 3 627 21 1365 69 5313 52
8154 7 1523 84 1653 75 5170 24 4373 34 6917 80 7884 64 8713 40
8155 4 7501 49 937 66 7259 43 5333 9
8156 5 3953 48 3707 52 9933 11 9593 43 8314 19
8157 4 1501 21 580 45 4683 61 2705 54
8158 4 8103 76 8715 2 8411 63 5039 77
8159 6 6971 30 9624 56 6335 52 6674 71 5555 52 5815 23
8160 5 2240 39 7555 54 254 99 7358 59 1985 52
8161 4 7982 89 9776 92 8661 89 9993 54
8162 2 5248 33 4591 25
8163 9 1956 15 4036 60 2596 94 5135 37 231 55 1531 39 2528 29 7589 26 4110 45
8164 3 675 31 7437 86 1103 45
8165 7 7680 22 5554 85 1956 96 815 76 8009 19 1295 19 7424 77
8166 2 3777 72 4720 50
8167 6 5558 12 9715 49 4655 88 6202 68 1355 84 557 63
8168 5 758 6 1852 92 8926 77 1814 74 647 17
8169 6 5311 43 8332 42 9538 60 9523 60 5079 17 1258 47
8170 2 6863 9 6675 77
8171 1 6981 74
8172 8 8058 50 3750 24 7665 72 2001 70 2905 47 1050 63 3673 73 3533 68
8173 2 2443 19 8203 86
8174 6 6305 34 416 25 66 39 346 46 8607 93 8127 87
8175 5 2087 61 9817 90 6369 93 6536 25 5031 38
8176 3 7269 28 7958 71 8339 63
8177 7 6141 8 883 16 6248 14 4547 31 1394 10 1612 73 3546 92
8178 4 400 1 7838 16 7409 29 388 3
8179 6 3751 43 3985 48 9495 56 5732 75 2142 80 6418 49
8180 5 5621 99 7666 58 4192 34 4542 49 6886 41
8181 6 29 6 993 96 413 12 3422 12 517 20 4076 81
8182 5 7478 24 3126 5 4544 3 9972 98 1663 71
8183 6 7441 88 7044 17 4790 31 2937 36 880 34 2579 48
8184 4 7949 11 1701 27 6275 16 3127 49
8185 4 1986 86 7868 92 6323 72 4955 44
8186 7 1217 50 4341 67 5132 51 8057 13 9473 64 6978 26 8339 48
8187 4 1284 56 1280 43 5088 44 1263 14
8188 3 3322 78 4163 81 2904 65
8189 6 2807 39 9237 48 1374 7 1865 26 2125 47 2023 2
8190 5 6243 60 8499 18 5701 18 5209 17 5434 17
8191 4 5310 76 7611 50 8654 57 1527 51
8192 5 5071 6 9697 60 9472 97 944 80 4011 4
8193 4 7201 4 991 42 5023 41 7778 80
8194 2 871 94 3802 15
8195 6 7985 5 5964 55 6260 15 2629 9 8867 78 1563 54
8196 3 4918 17 6889 99 7770 75
8197 3 5328 64 9397 18 1050 96
8198 6 4321 70 6299 21 4166 73 8904 97 8839 50 1044 83
8199 7 5281 91 8865 100 8553 62 2417 44 9933 7 4604 49 8019 41
8200 4 4789 3 7709 85 7613 4 5702 64
8201 1 5661 65
8202 7 4102 77 5720 85 4490 57 5421 41 2696 88 2388 41 1503 34
8203 5 2846 92 2736 69 8173 86 9659 56 3892 83
8204 5 3666 12 9007 80 9087 75 5400 36 3336 1
8205 4 6465 14 9981 80 6447 50 6241 58
8206 5 2233 53 4697 24 2341 22 2115 28 6701 43
8207 5 5933 98 118 64 6722 43 7392 29 6530 26
8208 8 4887 60 1335 73 4281 5 8435 75 2523 97 8684 70 4344 6 5987 34
8209 7 4103 17 8284 41 5189 34 1300 93 425 10 1070 92 5200 33
8210 4 92 32 2097 87 2498 21 4809 79
8211 7 5149 40 4749 46 92 66 3067 96 8914 17 2343 11 3552 93
8212 3 2962 9 5444 6 5219 90
8213 2 5496 65 157 41
8214 3 3429 76 6824 79 3942 5
8215 6 7270 38 8325 39 818 49 5742 33 6632 27 5427 42
8216 10 7086 96 6862 92 1481 44 7984 41 7843 12 2702 29 1614 91 3708 33 7151 33 1094 85
8217 6 3515 73 8122 61 1440 44 6985 16 2288 32 4218 39
8218 3 7487 56 1980 65 4255 20
8219 6 4660 37 3787 85 1889 55 467 59 6272 31 4621 70
8220 6 3768 80 3582 75 4805 100 2287 67 4890 18 3103 91
8221 5 6126 47 6143 8 7038 31 2625 35 225 89
8222 4 1896 42 9078 34 3142 86 9977 57
8223 7 6458 8 5004 31 1348 69 5632 40 6752 52 9351 65 6056 29
8224 4 4788 94 9661 19 8583 73 5756 47
8225 7 3088 22 2131 74 3758 28 8741 24 1222 21 1268 57 556 81
8226 4 4775 63 6167 38 3638 46 3709 84
8227 4 7124 81 3128 57 503 72 4914 52
8228 7 1030 75 9565 36 1530 78 2799 99 1069 38 5429 17 243 1
8229 5 3965 53 2034 79 5479 27 447 83 4386 14
8230 2 2633 4 5028 97
8231 8 2063 73 420 71 5119 30 4051 84 2209 79 6757 59 7834 14 6036 83
8232 7 3232 17 9673 65 8434 13 122 1 1360 100 2285 89 5973 34
8233 3 4440 73 5076 38 432 11
8234 4 82 21 5750 74 5323 28 3224 13
8235 3 4948 100 2287 96 1692 22
8236 7 3475 26 6468 41 367 33 4232 34 3056 88 1004 3 5831 26
8237 4 7580 19 7585 19 2441 59 9962 35
8238 7 1393 85 1245 7 561 17 4560 18 1072 43 4590 51 1348 5
8239 8 6177 10 4703 18 6825 81 6922 29 721 23 9056 19 5965 45 2535 29
8240 6 7566 91 9354 16 4460 33 9033 13 1815 13 21 3
8241 5 7395 72 9545 81 4008 33 1283 47 5483 5
8242 8 2464 3 9333 39 644 51 3865 55 6427 21 9013 31 9451 91 7209 61
8243 3 6487 84 6182 99 1913 71
8244 4 5424 67 2050 67 1822 43 2979 76
8245 2 998 75 2412 37
8246 4 4831 48 2208 33 9438 41 3531 24
8247 5 8034 91 169 66 865 74 5194 80 5270 36
8248 5 2652 10 9865 41 9112 16 1683 49 2988 46
8249 3 5978 38 8530 85 877 86
8250 8 786 35 9473 31 9121 13 6341 5 4899 2 2616 93 2420 12 1647 43
8251 3 7021 48 8499 5 6438 71
8252 4 7392 10 1774 48 4334 9 5479 35
8253 9 5698 81 7388 40 5105 72 7674 53 4854 96 9934 66 4335 91 832 80 1861 79
8254 4 2121 47 2298 48 4119 1 1568 52
8255 6 1684 63 5393 51 5195 49 4914 99 7178 29 8942 66
8256 3 5453 21 3948 7 3283 35
8257 7 548 58 1644 8 2398 48 238 5 2532 96 1238 9 1878 64
8258 4 1730 100 4263 84 408 22 190 25
8259 3 993 28 2230 5 3990 82
8260 3 3274 21 185 96 2805 41
8261 4 2341 87 3713 13 3868 6 4307 55
8262 4 1944 35 4513 34 4681 2 4750 67
8263 5 7508 53 7666 4 1160 51 3292 71 6007 81
8264 6 4010 67 8679 14 9662 47 5060 66 2169 31 9530 39
8265 5 2398 48 8942 22 8338 70 5149 6 9509 50
8266 4 166 29 4798 35 4274 63 2763 15
8267 5 2858 74 3483 38 743 65 5619 22 3720 23
8268 7 1353 40 7061 34 9049 31 4254 24 3569 29 7778 12 3713 85
8269 5 238 62 1768 62 699 37 4653 52 5216 34
8270 3 2687 84 266 81 2045 40
8271 3 2557 87 2393 56 8773 30
8272 5 3258 99 9096 89 1894 58 7733 85 999 63
8273 3 4027 81 7035 66 3506 63
8274 5 168 35 1816 91 1411 83 4403 17 727 56
8275 3 1357 50 9632 61 791 64
8276 8 3048 85 9328 72 1682 29 9474 53 7026 92 4791 66 6538 64 1734 32
8277 6 1604 54 7098 8 6776 12 4377 6 380 70 1035 9
8278 7 6704 57 9642 49 215 74 1145 95 982 47 4573 76 840 31
8279 5 5162 2 4716 59 1080 50 96 61 498 88
8280 6 2928 28 4817 75 3823 10 2656 32 699 59 1076 32
8281 4 1533 54 5596 36 8023 6 1095 68
8282 7 2670 33 8805 66 9876 61 9749 15 3200 60 5674 69 7994 61
8283 9 5881 25 8340 91 8022 99 7136 82 6846 94 6266 79 9006 12 5391 38 3535 32
8284 4 8209 41 9308 24 7098 92 1882 39
8285 2 4235 29 9526 1
8286 7 6229 57 5880 94 9357 9 9037 26 61 98 4711 1 492 26
8287 5 6921 91 9089 62 6490 17 2673 72 649 31
8288 3 3036 25 7316 61 2967 52
8289 9 4150 80 1037 57 5563 82 1625 34 1770 87 2988 73 4334 11 2621 71 5671 19
8290 3 916 86 6536 17 5855 89
8291 8 7569 45 8730 68 1088 42 253 51 4587 36 302 9 9616 15 135 25
8292 4 1785 60 3512 69 2807 62 8817 93
8293 6 6853 16 6347 51 4361 100 1323 61 2325 84 9048 33
8294 4 5282 5 4486 71 5799 25 8607 56
8295 2 1223 47 6992 45
8296 4 7848 17 7845 47 8700 8 1471 97
8297 1 7750 52
8298 3 1420 10 6204 36 1976 87
8299 5 2013 78 6940 59 5313 32 4972 91 3050 32
8300 3 7520 51 982 97 3763 23
8301 8 3447 24 8491 81 6611 74 7584 34 4612 55 6174 36 4891 74 3545 56
8302 7 5291 88 3637 55 6732 48 5399 93 2015 94 5445 7 4166 77
8303 6 2329 75 8316 95 7346 60 5010 2 591 53 2192 50
8304 4 3836 48 3845 88 1756 21 2483 5
8305 4 7155 36 8401 16 7932 43 8051 91
8306 8 3221 31 5912 54 2092 62 3465 83 3697 93 6275 90 7852 32 4915 89
8307 2 7687 30 1589 46
8308 5 2097 24 2969 34 2406 13 9046 73 2155 63
8309 3 5919 49 2476 52 8465 42
8310 4 4089 69 8699 46 7454 86 8145 8
8311 5 2062 80 8907 52 2267 98 4329 54 7679 84
8312 6 7737 6 2517 47 8642 6 6993 24 9318 76 3094 33
8313 8 6853 76 9829 53 7057 32 4310 42 8373 89 4910 28 3277 60 5677 9
8314 8 1939 52 6798 91 1966 38 3876 77 7340 90 1329 73 3760 95 8156 19
8315 5 6568 93 5844 59 4376 14 346 57 1496 6
8316 6 8303 95 2457 4 5260 7 136 3 4264 8 4218 11
8317 4 4580 60 1810 52 8041 5 7532 36
8318 5 4978 34 9939 13 5145 68 406 47 7276 78
8319 3 5464 30 1515 14 193 96
8320 4 1697 62 6377 54 8701 97 7141 85
8321 3 1828 73 3742 20 81 84
8322 7 3196 12 7329 88 9493 33 2270 48 4592 19 66 78 91 4
8323 3 3745 16 9846 69 179 80
8324 2 2660 74 4227 28
8325 2 8215 39 5575 100
8326 5 7361 72 9733 4 2453 18 6815 63 443 4
8327 3 2505 20 5154 65 8855 95
8328 2 5563 83 9140 68
8329 5 5715 67 8665 65 1550 53 2856 65 3142 20
8330 5 382 87 9780 64 8398 72 2384 32 5789 8
8331 1 142 25
8332 2 8169 42 9934 87
8333 3 3729 63 9863 81 9632 46
8334 7 151 52 434 4 4768 2 9082 18 8107 40 5367 14 6860 67
8335 2 5518 69 8535 77
8336 5 5747 48 1329 33 3850 77 4522 43 844 57
8337 3 5406 50 290 10 4317 4
8338 4 3489 75 4335 75 648 2 8265 70
8339 7 2794 100 8176 63 9600 23 1875 98 3479 53 7339 40 8186 48
8340 7 8283 91 8897 49 3417 85 6967 45 2039 88 266 65 2087 98
8341 8 3779 81 882 26 2072 45 9465 48 3172 87 5069 26 2698 73 3873 30
8342 2 67 2 6607 71
8343 5 2796 43 9037 29 9379 5 2063 7 1201 66
8344 5 871 21 1199 82 5417 41 3836 27 6366 99
8345 3 6758 76 7626 39 6212 18
8346 7 4394 39 8135 23 101 11 3757 48 7378 30 6565 4 3667 31
8347 7 7226 19 8767 3 9565 83 8641 93 8999 2 6746 85 6346 92
8348 7 1594 78 4774 90 1270 54 6562 4 7262 19 5894 24 3149 82
8349 3 1045 61 5825 76 226 54
8350 4 5758 61 7894 41 3896 66 1999 3
8351 6 4836 63 2438 34 2274 63 6823 83 429 19 524 28
8352 5 5914 66 4796 36 8403 39 2679 61 5072 45
8353 4 7286 71 9174 89 4324 4 966 63
8354 7 1921 58 145 11 7105 48 143 77 4218 96 475 23 4881 79
8355 5 33 74 1645 46 8080 34 8792 49 3649 49
8356 3 3589 1 9017 58 9983 80
8357 5 4485 73 5843 24 2822 37 978 80 7010 91
8358 4 3764 48 1775 40 8438 66 5446 1
8359 4 7428 18 9632 64 7053 30 1853 88
8360 7 6852 34 2138 96 6708 34 8361 8 2796 62 5208 4 9442 94
8361 7 3609 57 6966 21 8360 8 3832 81 4580 98 8780 18 1571 40
8362 5 2458 32 5973 52 4488 89 6848 17 2117 1
8363 5 2695 78 849 84 7426 39 1 16 6691 27
8364 6 4323 41 9148 22 9263 10 1396 8 6121 54 8391 18
8365 4 2863 93 3765 30 3714 5 1411 40
8366 7 2263 48 7917 52 4121 49 7747 87 6187 51 8784 6 4179 26
8367 3 3501 77 7084 65 709 19
8368 3 5151 29 547 7 7499 85
8369 4 2500 13 498 38 4173 64 2099 34
8370 5 3005 3 5446 26 5195 75 7258 95 7943 56
8371 4 4317 17 7699 85 8967 51 1081 42
8372 3 3490 14 8081 83 8461 82
8373 4 2338 23 6340 34 8313 89 5727 27
8374 5 5602 92 8576 43 4678 8 2361 10 2099 49
8375 3 2462 69 9697 76 2844 3
8376 7 7155 95 623 77 2040 33 4907 18 4315 95 8521 95 9389 37
8377 4 1744 74 5208 24 5968 87 3313 35
8378 2 6108 59 455 91
8379 5 4901 27 1380 4 4558 87 5339 92 6138 94
8380 4 6015 14 9125 27 9615 52 8555 32
8381 6 4068 36 7345 92 5656 24 488 40 7269 87 5141 80
8382 1 7325 31
8383 3 5065 95 166 75 7409 97
8384 4 3273 27 7491 7 3554 8 5039 41
8385 2 8036 60 1695 76
8386 3 6563 17 702 85 6101 92
8387 7 4852 69 6427 85 6774 53 3137 44 7860 92 322 64 5721 55
8388 5 3179 57 9648 95 2705 63 4122 75 1072 74
8389 3 2785 49 8912 32 8559 5
8390 4 5512 55 8678 81 2691 37 665 37
8391 5 3250 75 1216 39 8674 91 592 83 8364 18
8392 6 1762 85 8831 67 2302 28 5164 27 1430 75 189 30
8393 6 3241 100 8891 95 9871 53 2406 7 6994 46 1252 74
8394 5 4638 38 9835 100 1392 89 3636 9 4210 94
8395 2 6878 49 2847 18
8396 1 8050 64
8397 2 4728 42 5741 70
8398 2 3110 97 8330 72
8399 8 3912 28 5826 78 5209 23 2035 1 7595 91 5655 94 40 2 7939 84
8400 3 5360 69 1731 98 4934 79
8401 7 3352 3 2321 40 7324 15 9987 40 4174 64 8305 16 4345 45
8402 4 1884 3 2569 14 2827 41 1323 2
8403 2 5569 24 8352 39
8404 6 2330 38 5315 12 6993 67 9045 69 5796 93 2971 34
8405 2 7988 36 9340 72
8406 2 7469 53 5462 62
8407 7 5472 45 4399 21 1054 52 9409 53 3044 12 8508 87 7975 93
8408 6 2387 38 2720 6 7257 14 1664 33 8736 75 1397 41
8409 4 23 79 7935 76 7651 80 8060 51
8410 1 4439 94
8411 4 5849 85 2294 30 2601 63 8158 63
8412 3 133 41 9759 46 5450 77
8413 9 800 70 6266 88 8078 75 2055 34 993 11 9386 40 2903 63 8487 43 4939 7
8414 9 1098 94 455 44 5382 4 326 56 7167 1 6473 84 9712 4 7453 37 3559 40
8415 4 5226 77 7715 24 1369 9 1351 89
8416 2 5901 80 2873 47
8417 3 593 75 7597 7 1181 19
8418 6 889 67 1296 98 1595 11 3074 21 4555 86 7104 78
8419 7 4302 35 7117 34 5837 11 367 89 9648 96 6786 95 5155 41
8420 6 6690 12 3857 39 2628 17 1141 100 8569 46 152 60
8421 4 1736 83 6894 79 6741 76 829 49
8422 4 6859 71 4526 84 6313 6 1719 46
8423 6 1906 7 9041 82 977 41 6287 10 5603 35 9477 26
8424 4 758 68 9488 22 7107 36 765 97
8425 7 5243 62 1229 18 2835 51 7455 2 2257 76 6016 86 3833 32
8426 3 4384 44 2105 12 6208 2
8427 4 2750 67 8607 42 5440 7 38 71
8428 10 3295 8 9888 65 6931 65 7102 42 7362 35 4820 63 4721 78 3483 100 2258 39 3962 57
8429 6 2481 20 9351 24 1736 22 1126 85 3801 89 8041 8
8430 5 731 70 4529 41 4677 47 136 80 4742 26
8431 2 5345 65 9006 72
8432 4 3015 99 728 61 6516 84 5702 78
8433 5 5311 80 7377 48 893 84 3418 66 1701 31
8434 8 2862 12 4200 76 8232 13 6588 28 8744 47 1212 52 9231 79 1179 30
8435 9 7809 13 9403 79 9562 15 8208 75 456 13 3175 89 821 37 7750 24 7414 83
8436 2 3160 53 6798 39
8437 3 3021 91 2624 90 4775 75
8438 6 1499 55 4446 22 3268 19 9508 39 1104 29 8358 66
8439 4 5842 12 354 64 6921 80 5352 19
8440 5 2217 73 9055 29 4318 61 905 56 275 79
8441 5 3474 78 7468 8 6692 73 8944 67 773 96
8442 3 4071 42 9628 23 7560 81
8443 5 6763 50 8691 70 2494 15 635 98 1511 62
8444 6 1976 81 1272 27 3611 11 3603 61 941 38 8081 19
8445 6 829 1 6195 63 3593 50 7134 78 1519 67 2142 12
8446 2 1676 8 33 48
8447 5 5540 76 2367 47 1643 28 4485 89 8091 24
8448 2 1990 13 813 41
8449 1 6430 65
8450 8 3371 38 7832 11 5270 55 4433 3 3894 33 7904 74 2477 59 5262 76
8451 3 597 56 2505 70 8539 1
8452 1 5478 84
8453 3 6851 7 2387 90 613 83
8454 5 4295 87 8826 20 290 20 2041 12 3264 99
8455 5 6351 40 5195 37 3152 40 6420 53 7162 15
8456 5 1574 67 9666 49 9497 31 360 91 4503 29
8457 5 1130 90 782 20 1052 34 1713 57 8563 36
8458 4 6273 74 6202 77 5759 34 579 89
8459 5 3590 47 7004 51 1799 63 1652 71 4324 47
8460 5 780 88 284 31 6488 94 4263 49 1068 64
8461 6 7996 25 4770 92 9757 54 6629 31 6363 22 8372 82
8462 4 3692 91 7152 28 6419 9 1405 99
8463 5 1217 84 8996 28 9977 66 230 47 9107 87
8464 4 2099 96 103 65 5147 35 1543 58
8465 6 4598 50 9643 80 6477 95 8309 42 12 34 6291 9
8466 7 4767 13 9069 71 4205 52 8913 28 4873 31 5212 2 2041 76
8467 2 5355 24 2525 80
8468 1 2807 73
8469 6 3180 81 5694 84 7486 79 4827 76 3880 13 3858 44
8470 2 6666 13 1172 75
8471 9 596 60 9374 21 8735 78 577 95 4381 20 6686 35 2346 8 8092 80 7642 24
8472 5 6516 45 230 80 625 95 171 30 7799 17
8473 3 2334 75 8582 50 1581 55
8474 4 2651 54 6383 78 5196 91 5072 97
8475 6 5520 25 4747 8 9855 14 1230 63 5534 2 1245 64
8476 5 4328 9 8673 36 4456 18 5762 62 3428 83
8477 5 7345 15 1469 23 2890 77 6357 34 9520 62
8478 5 7908 60 4794 6 654 39 5042 59 2972 40
8479 2 3743 15 1059 29
8480 1 2548 31
8481 2 5451 32 1968 41
8482 8 5939 5 8602 49 7908 5 669 38 8773 72 4656 35 6117 47 6628 15
8483 5 1778 98 1228 20 9510 34 6138 16 4126 21
8484 5 4676 40 3132 91 4820 51 879 36 525 10
8485 5 2818 37 4421 56 2114 41 1010 47 6680 56
8486 7 6887 47 4363 18 9865 99 4354 33 9887 55 1955 3 176 20
8487 3 3952 28 8413 43 4916 35
8488 6 5868 83 3615 48 7201 18 9791 28 5087 4 305 90
8489 6 7967 80 1828 9 9771 30 1808 95 7043 8 814 40
8490 4 7797 100 7751 72 4581 53 7350 24
8491 5 8301 81 1541 60 350 51 2474 71 301 16
8492 5 3723 68 9978 33 79 83 715 100 2430 87
8493 4 6499 100 2622 29 6261 58 6378 62
8494 1 2524 28
8495 3 6126 25 994 62 1946 27
8496 11 7076 22 7912 70 1951 40 7721 11 6473 19 1783 57 1427 88 306 9 1387 69 1176 97 9939 58
8497 3 5066 43 5313 99 8858 91
8498 5 2158 78 2443 82 5519 72 1744 32 8049 37
8499 4 8190 18 4769 27 8251 5 3159 87
8500 5 540 21 7028 77 2023 96 5224 73 1491 48
8501 3 5737 44 4510 38 2578 17
8502 4 910 64 7530 81 60 23 1295 87
8503 7 307 27 4028 60 5651 34 2481 34 1947 72 5050 66 8538 94
8504 4 21 41 2827 81 5653 88 4641 72
8505 6 7084 94 9582 87 2235 99 1335 30 6012 87 3874 72
8506 5 6086 26 9068 33 1519 25 4742 70 9607 57
8507 2 6871 98 6638 29
8508 5 3886 77 9215 45 899 45 5999 21 8407 87
8509 4 7539 15 9902 58 7019 84 6429 72
8510 3 3528 39 7138 73 7489 17
8511 4 2415 59 151 37 2259 82 1562 83
8512 5 5400 53 5126 19 6052 63 8756 62 4881 75
8513 8 2327 94 4642 44 1058 10 553 54 2677 57 4078 76 5489 60 6234 50
8514 7 1941 97 1668 74 1670 99 2163 12 5498 96 1361 76 834 18
8515 6 3778 11 4656 2 2702 92 2290 24 9324 57 3313 62
8516 7 2203 1 8107 100 3675 91 4683 84 2498 29 1851 2 1895 39
8517 4 1227 74 6020 54 5646 36 6869 95
8518 4 4165 75 5071 51 5122 66 2234 70
8519 4 7108 66 1731 34 9347 15 3166 42
8520 6 5703 63 9778 71 7817 33 6497 76 2233 30 7268 96
8521 3 2317 13 8376 95 5454 39
8522 4 4725 14 120 73 1222 68 1316 23
8523 8 3270 85 6276 28 5525 49 130 36 7627 51 2950 11 6961 54 5561 13
8524 2 5335 28 488 75
8525 5 1756 73 9321 72 7990 11 2995 14 3986 74
8526 2 2551 37 8644 47
8527 8 3142 53 4988 49 7003 11 978 95 8678 78 2426 15 5686 82 581 95
8528 5 4810 56 8689 91 1819 1 7434 27 3561 93
8529 5 3677 34 4294 2 9073 6 8546 36 5786 56
8530 6 4168 92 7878 76 8249 85 7806 30 2413 65 7105 66
8531 2 28 1 9496 77
8532 4 1397 78 3563 93 3621 12 207 4
8533 4 834 74 1816 62 3974 100 2114 4
8534 5 5269 90 696 37 2126 60 2033 43 2633 8
8535 5 1268 72 2721 99 264 64 8335 77 4821 48
8536 6 7218 5 9247 19 3055 86 3805 24 6302 92 136 59
8537 7 1417 40 443 64 2048 37 561 92 399 7 78 41 993 84
8538 5 1388 43 3917 58 4285 59 7023 92 8503 94
8539 5 2963 73 9871 33 1652 51 6768 39 8451 1
8540 4 8049 62 8710 57 8038 72 7810 42
8541 3 2579 90 5066 65 4288 11
8542 7 3454 31 8877 40 169 60 3646 52 9418 94 4437 21 3476 19
8543 5 6366 30 131 96 6614 94 3125 65 1684 59
8544 3 5745 83 2379 67 62 93
8545 4 1024 87 4970 86 2554 7 6753 52
8546 9 1363 92 9850 75 7311 16 5098 1 8829 96 8529 36 6780 7 2446 95 7204 51
8547 5 5836 30 9900 29 7247 100 6421 38 4122 26
8548 3 3815 1 483 66 4429 9
8549 4 4314 65 7448 99 4549 74 9576 29
8550 2 4718 48 8655 63
8551 3 2101 2 2458 75 1832 61
8552 2 8087 75 9804 16
8553 2 1596 19 8199 62
8554 4 4486 57 492 83 5638 85 5925 30
8555 4 5801 87 6152 42 8063 4 8380 32
8556 4 7729 1 3345 49 898 26 8646 63
8557 4 2949 57 1229 99 983 67 1398 17
8558 3 6359 59 1427 37 7482 7
8559 7 282 42 9822 89 3438 63 9804 65 2880 61 7210 30 8389 5
8560 2 1110 62 9971 96
8561 5 3997 15 8761 45 2226 91 7657 29 8669 76
8562 6 3419 58 7272 57 5223 44 2615 21 9734 91 2119 37
8563 8 418 68 1070 53 6774 29 180 54 8457 36 3748 73 4585 34 9470 40
8564 6 3576 66 3592 48 636 23 4009 33 9617 12 1093 61
8565 6 5058 10 915 53 9235 44 9719 27 4415 86 92 2
8566 4 4914 25 9320 84 8053 85 5079 26
8567 4 7974 100 2737 90 5458 50 1505 50
8568 3 3317 61 9497 10 5130 47
8569 4 2294 68 9742 66 8420 46 9949 75
8570 3 2779 100 8812 39 4740 92
8571 4 4470 39 7717 33 5447 44 2892 62
8572 8 4061 50 8679 78 5329 70 1941 63 4514 85 2668 80 4350 29 9528 19
8573 5 3850 6 8770 33 7840 58 6801 75 7507 53
8574 11 7489 63 5315 6 5722 73 9730 9 1992 70 9305 57 3564 76 9476 11 6473 100 3573 18 7040 94
8575 5 295 63 3702 80 621 84 5410 13 1069 81
8576 7 703 41 124 49 9065 91 2423 92 8374 43 6341 24 1081 67
8577 5 525 93 7765 34 7906 40 5594 36 1459 3
8578 2 5101 84 6245 23
8579 3 1459 71 6021 65 7020 89
8580 5 308 90 6905 30 1112 61 5010 71 9177 96
8581 7 7291 10 2925 65 5276 66 7870 41 4836 18 1233 30 7841 71
8582 4 5833 25 8473 50 3071 49 6805 94
8583 5 2925 69 8224 73 7730 89 2237 83 1521 32
8584 2 4701 67 2205 69
8585 4 3821 12 4974 32 6081 2 2983 31
8586 1 1304 84
8587 5 3316 100 9176 64 3060 34 9231 74 4619 26
8588 8 3636 98 4193 74 2312 61 1481 4 656 27 5474 57 4716 8 5254 28
8589 4 7002 79 7472 92 1133 58 3260 44
8590 3 597 13 2193 91 8048 65
8591 7 4890 54 478 74 7646 100 10 56 8602 35 1876 44 3149 6
8592 3 5415 16 4024 4 721 71
8593 3 4623 31 7263 50 8836 98
8594 3 195 96 416 54 1123 47
8595 5 1350 24 9894 8 7096 17 3394 83 4505 78
8596 4 6208 99 640 52 1738 76 70 11
8597 4 7412 77 9568 76 3169 28 4750 62
8598 3 2382 20 641 99 4121 96
8599 7 5533 1 7763 75 5566 76 3959 84 5537 42 7200 66 1948 29
8600 7 3950 49 2690 24 1519 7 1936 68 891 15 5890 25 4688 63
8601 5 1688 18 2 74 5702 47 6714 63 6464 38
8602 6 8482 49 188 3 8591 35 8853 9 3232 39 3834 62
8603 5 2376 67 7397 17 1484 3 8094 29 7587 60
8604 1 1498 15
8605 4 4958 53 276 80 7640 89 2186 93
8606 5 4603 15 2999 63 5208 90 7749 56 1128 66
8607 4 8427 42 8967 29 8294 56 8174 93
8608 5 7779 31 9439 94 5840 18 3827 83 4239 48
8609 3 1812 82 7696 48 2912 28
8610 7 4474 84 7942 14 5113 66 4958 12 4945 30 2920 20 7656 68
8611 5 2343 66 5740 47 6031 30 6470 8 9547 90
8612 4 6179 39 8936 43 8961 5 2357 33
8613 6 1375 26 6753 40 6265 11 321 37 9268 11 1540 49
8614 6 1477 14 1266 87 456 58 5919 62 991 77 3109 97
8615 4 2883 13 3727 7 9777 12 1886 66
8616 2 5304 8 6161 3
8617 6 5146 56 3608 72 6180 3 2158 68 8990 86 378 79
8618 5 2961 3 1727 63 6478 45 6667 81 3719 82
8619 4 561 55 2500 41 6318 100 7334 43
8620 5 5212 19 8724 18 1362 97 7101 68 1024 92
8621 7 5726 51 9025 15 7469 8 8646 82 8907 82 8803 94 1049 30
8622 5 3982 3 5046 26 7487 50 9634 94 3636 27
8623 6 900 1 1541 13 3711 60 4334 1 817 24 984 3
8624 6 1149 15 5306 24 2709 47 2165 5 2118 96 8038 15
8625 6 2323 73 7113 90 6740 2 9483 89 1875 84 821 59
8626 4 4019 74 9693 32 5854 71 7238 98
8627 8 5536 30 426 79 5777 56 9087 21 2719 7 4177 30 888 59 2337 40
8628 3 7937 37 6474 65 5624 49
8629 7 7640 81 4269 96 3455 7 7880 38 7242 22 9878 65 4290 71
8630 2 4463 43 2335 41
8631 5 6816 81 1577 63 9714 8 7603 48 1234 85
8632 7 2995 62 9553 9 2839 94 4857 34 9425 24 8805 6 4562 66
8633 5 963 42 2192 32 5356 51 1548 87 3642 58
8634 2 5816 86 675 82
8635 3 1143 9 6162 16 415 82
8636 8 3709 13 6827 83 9299 55 3399 20 8859 35 605 72 6863 85 4512 78
8637 3 1923 66 875 6 9689 1
8638 4 3079 83 9610 52 69 3 3489 51
8639 3 4044 3 9483 57 1935 3
8640 4 1468 42 9954 26 1190 67 809 30
8641 8 4029 5 9038 7 105 28 801 78 8347 93 1440 87 7982 70 458 22
8642 3 1632 21 8312 6 6346 95
8643 4 830 68 2823 72 2583 79 4457 74
8644 10 4059 32 5602 41 91 73 4506 57 5155 47 6753 66 2112 16 2070 36 5296 4 8526 47
8645 3 3193 75 5230 26 237 10
8646 5 1617 76 8621 82 4260 87 7375 77 8556 63
8647 2 5884 68 396 8
8648 3 1960 12 3708 28 6411 69
8649 6 3428 65 5460 50 1625 1 2175 50 7514 97 5683 57
8650 3 4905 71 5729 48 4556 55
8651 9 4781 28 1463 41 6481 32 4246 64 7559 81 1424 55 677 38 588 20 8826 94
8652 6 5189 12 5562 34 962 71 4268 57 6629 66 736 70
8653 4 3303 69 2512 99 9629 5 2923 14
8654 8 7650 54 9693 64 7036 60 5993 44 3930 32 8191 57 5463 76 1744 16
8655 7 4345 41 8751 48 97 69 8550 63 8125 51 9513 44 6154 32
8656 2 6088 38 9443 48
8657 7 6529 17 3389 11 5542 27 5417 73 5720 2 3236 84 7395 98
8658 4 1361 13 7338 55 1675 38 1558 29
8659 3 6481 27 5736 56 205 24
8660 4 2856 86 9585 97 2654 6 7317 42
8661 3 1178 48 8161 89 3618 91
8662 3 1978 79 6252 72 5711 88
8663 5 6808 63 2402 59 4155 32 506 85 1325 12
8664 4 5694 75 2500 32 8026 48 1870 70
8665 6 790 17 8329 65 4685 61 5808 4 1605 8 6981 68
8666 3 6639 60 656 1 9974 20
8667 6 933 37 2075 48 2272 40 1102 39 2719 84 4224 44
8668 6 2900 82 9954 21 1820 41 9661 51 315 11 6930 6
8669 4 5753 34 8561 76 8001 60 1501 9
8670 7 1956 16 4315 8 550 74 2704 56 2308 28 2054 6 3294 43
8671 6 6150 99 6086 70 7856 12 6358 97 8096 1 1013 41
8672 4 682 77 7781 42 7817 26 3282 27
8673 3 2404 94 8476 36 7129 50
8674 5 6819 38 5486 41 2916 72 1862 56 8391 91
8675 2 5263 76 9114 87
8676 5 4764 38 4192 64 8840 17 1280 43 2332 42
8677 2 945 11 7633 84
8678 6 3338 17 8527 78 14 66 8390 81 5181 75 3151 14
8679 9 8264 14 8572 78 5544 5 5632 13 6246 12 6053 33 2282 98 7733 1 2264 91
8680 6 1165 13 4443 52 6302 99 6500 74 2342 46 31 87
8681 4 519 1 1447 94 4707 85 3090 4
8682 3 5013 26 1053 12 6917 99
8683 6 5382 84 3853 44 5844 17 1792 88 3540 10 7333 95
8684 6 7551 6 8208 70 7577 4 658 44 3107 20 4031 60
8685 3 1466 77 7959 76 6004 34
8686 3 6483 1 3210 2 3036 13
8687 2 4204 52 1051 4
8688 5 617 81 9636 57 793 10 364 30 9575 95
8689 6 8528 91 9482 6 3959 61 2066 93 9697 29 24 98
8690 10 297 15 5613 29 9112 48 8928 83 3856 65 8792 55 1462 86 966 1 5220 29 1379 57
8691 5 3384 74 9229 31 8443 70 9999 35 1531 62
8692 5 1595 44 9905 22 4494 91 4497 71 3454 80
8693 4 6967 85 1406 41 2091 32 9176 55
8694 5 187 59 2387 58 1017 51 368 23 2994 24
8695 4 1370 55 2622 71 3263 21 9400 66
8696 6 6054 44 3654 91 2031 13 3578 38 2780 1 5446 70
8697 6 832 62 2435 95 2719 74 4266 5 880 6 7551 39
8698 4 3415 38 9976 6 1163 12 715 31
8699 6 4277 40 8310 46 2373 65 6950 84 9968 92 2354 25
8700 6 2517 80 1279 54 1481 49 8296 8 760 20 6741 40
8701 5 336 23 246 51 675 44 8320 97 3350 33
8702 3 1294 41 189 94 7897 63
8703 6 3420 33 9149 66 1531 89 772 51 1061 14 8961 38
8704 5 781 88 1619 96 1441 14 3426 39 1005 74
8705 3 3565 37 9907 83 4213 47
8706 4 3390 62 8860 76 1381 68 6445 77
8707 6 2630 6 1281 92 6633 4 6187 24 9516 23 6052 53
8708 7 1250 8 3730 2 984 43 5720 53 6846 7 5244 83 6951 70
8709 6 2708 29 2890 32 7845 61 10 55 9924 81 6190 9
8710 9 1259 99 9340 23 9747 54 7022 79 8540 57 1598 91 951 76 7888 61 6320 54
8711 5 5574 49 6767 25 4156 37 7273 10 6589 53
8712 4 3312 95 5622 3 5320 26 1992 2
8713 3 4240 47 1263 75 8154 40
8714 9 6998 30 9872 37 2454 40 4624 21 9306 54 3473 66 2498 47 2397 55 5444 90
8715 4 8158 2 2245 92 2459 42 6274 35
8716 3 2839 84 3521 15 819 39
8717 2 4844 4 895 13
8718 7 3680 100 3195 4 9236 26 7793 47 9485 81 1985 22 2728 33
8719 3 4917 29 7544 90 6092 21
8720 7 5807 88 58 69 865 69 44 94 9709 46 7068 55 9238 42
8721 6 3935 4 7405 71 3851 29 4325 83 2199 59 1802 61
8722 5 855 66 678 6 1459 81 6097 35 3514 3
8723 8 2242 80 5426 20 5474 66 6919 27 6459 32 4145 31 5620 40 7235 84
8724 2 8620 18 4705 32
8725 4 4870 48 8123 1 5942 65 8006 77
8726 2 1790 3 1938 63
8727 6 2879 78 4224 43 1642 44 5427 92 2009 78 2449 70
8728 6 4235 46 8029 13 3425 93 1921 1 3939 28 5361 31
8729 6 1567 49 4588 39 7062 100 2190 5 6050 57 6705 1
8730 2 8291 68 1938 100
8731 6 2895 89 2932 37 5541 84 5644 97 1156 99 7429 11
8732 5 5308 78 3146 89 2969 99 6684 34 5972 87
8733 3 7096 23 8969 97 7111 50
8734 4 6891 74 5253 79 9687 6 7856 18
8735 5 4494 89 8471 78 9228 71 6862 66 9020 65
8736 7 261 48 564 87 1474 51 6455 72 7304 96 8408 75 282 27
8737 4 465 67 1771 27 4234 5 7813 86
8738 4 1620 8 5423 68 4159 47 8977 84
8739 6 3366 59 2287 22 7024 28 9839 57 9397 64 6018 17
8740 4 8110 10 6131 35 1070 19 2371 20
8741 6 7108 82 8225 24 7729 14 3899 96 9711 44 9610 3
8742 3 6252 97 6701 91 6698 21
8743 7 1008 55 9985 24 9196 23 9206 100 9130 32 7691 36 24 44
8744 7 1279 56 5704 35 4230 74 1462 20 8434 47 305 54 9407 36
8745 12 5773 31 8967 60 7391 39 352 10 2088 61 3195 91 4834 48 2476 64 7853 71 2378 73 1254 7 558 3
8746 4 2238 19 1154 97 7411 66 9591 62
8747 3 2517 78 6868 9 458 72
8748 7 5976 42 9505 58 2698 44 4938 51 367 96 1786 78 2725 47
8749 4 4256 93 2595 46 6410 44 5290 44
8750 4 6760 23 7761 51 3111 53 1278 28
8751 5 8655 48 8815 42 1055 33 7860 66 2144 15
8752 3 218 56 1693 80 4975 51
8753 4 6735 47 9264 2 9025 59 9727 79
8754 4 6177 70 4638 17 5420 44 4349 94
8755 5 67 35 9223 75 7386 38 2857 63 5460 59
8756 3 4999 36 9644 39 8512 62
8757 3 1511 14 3032 12 8817 60
8758 2 1731 43 706 30
8759 3 7453 7 660 42 8018 36
8760 4 1533 3 223 38 2275 10 4503 63
8761 4 4615 34 8561 45 998 3 2092 91
8762 4 7882 14 4828 86 9205 94 9453 57
8763 3 961 36 8100 70 4486 53
8764 8 1951 32 9571 64 6162 58 5754 75 6396 48 2406 11 711 71 2162 22
8765 3 836 70 9445 41 2135 6
8766 5 1307 75 2323 10 1216 98 3709 78 8913 15
8767 4 8347 3 477 63 6455 53 1050 45
8768 3 1267 44 9076 64 8785 86
8769 4 2009 3 8819 13 6110 100 2553 81
8770 5 8573 33 877 97 1062 89 119 7 672 25
8771 6 8106 85 3183 45 2779 83 5229 67 5845 12 3199 97
8772 4 3687 96 7882 97 7445 35 722 27
8773 8 2833 33 8482 72 4665 7 7218 21 2527 11 8271 30 1755 57 7327 46
8774 4 3907 36 9804 91 699 21 1337 20
8775 3 5238 63 9871 27 5902 89
8776 3 2252 46 2523 38 1344 38
8777 2 1895 2 5977 23
8778 6 882 51 4379 21 6628 77 5641 80 9059 64 9094 5
8779 6 680 24 504 62 368 63 7314 31 6316 41 9756 99
8780 6 4894 60 6318 83 4272 18 4937 87 5991 15 8361 18
8781 7 6656 8 6468 33 7789 62 8083 32 7788 43 6933 57 4055 56
8782 3 2139 90 1445 3 1472 28
8783 6 2832 38 377 63 1654 89 731 27 2376 64 5213 22
8784 8 4890 96 1179 98 2038 65 8366 6 1751 3 4474 40 453 71 3974 15
8785 5 1258 32 9231 8 363 27 4671 100 8768 86
8786 6 7571 45 9890 76 6547 22 4435 89 5589 16 4096 98
8787 3 3431 49 9964 20 9022 88
8788 4 5630 74 5657 83 5746 43 9252 15
8789 8 4709 38 9338 75 8797 10 9700 77 1613 88 6321 86 475 47 1898 23
8790 4 2546 32 9172 15 627 55 6871 88
8791 6 7745 98 5365 41 6856 37 2602 43 7561 6 1032 25
8792 5 2293 93 3082 17 8355 49 8690 55 7512 72
8793 7 1854 22 6742 66 3510 65 2235 26 5360 71 9625 93 480 29
8794 4 698 93 4820 85 7775 62 4601 80
8795 6 3472 21 2021 69 6107 98 7011 94 1249 9 480 13
8796 8 5992 83 8858 59 1679 60 987 23 1621 45 348 68 6394 30 37 3
8797 4 5623 82 8789 10 2112 29 4198 75
8798 7 1083 93 3501 75 7393 12 9237 5 1778 44 1940 10 287 86
8799 3 6246 96 9294 66 2375 4
8800 4 278 44 2754 24 5309 45 1888 38
8801 6 797 77 9700 5 2186 80 1436 65 853 9 423 90
8802 5 4134 51 7771 44 1772 82 7853 85 613 65
8803 5 843 18 6350 39 993 8 8621 94 1834 50
8804 4 6893 2 6010 47 9818 68 1449 12
8805 2 8282 66 8632 6
8806 8 7201 90 3602 70 5249 43 6096 41 857 30 3980 59 7873 90 5530 53
8807 4 5953 53 2325 37 1604 18 5734 70
8808 2 8047 32 4266 97
8809 7 5726 22 2420 12 4398 45 1223 39 5544 60 7228 29 2671 48
8810 5 869 68 90 60 2688 29 17 23 4068 82
8811 8 580 37 9520 78 4286 17 8972 98 364 17 3877 70 5317 49 4748 46
8812 4 8570 39 5910 21 1391 34 6945 38
8813 5 2513 94 1599 15 5107 72 9121 35 1305 3
8814 2 1546 74 4092 43
8815 2 8751 42 485 19
8816 6 6976 36 7040 51 1741 11 9028 1 5931 58 5298 35
8817 6 6136 51 8292 93 4389 41 5325 96 8757 60 4269 35
8818 4 6028 61 4946 62 680 20 9362 17
8819 3 8769 13 1136 83 7900 87
8820 2 339 61 5311 47
8821 1 6153 28
8822 6 1605 36 9554 29 5975 84 6129 15 3777 42 7437 29
8823 5 2079 23 9771 48 4244 28 7715 55 6402 83
8824 2 1162 71 6356 8
8825 6 3952 4 2613 63 1011 25 5185 93 3822 73 897 38
8826 7 2017 36 8454 20 6945 94 7419 94 9662 31 2306 3 8651 94
8827 6 3994 65 3042 70 3637 39 2832 52 7424 49 9887 95
8828 1 1442 17
8829 8 2446 97 2643 32 8546 96 597 67 6708 74 9594 70 117 11 644 70
8830 5 6630 91 8023 23 4774 77 9763 48 9832 14
8831 3 8392 67 3018 21 2371 65
8832 3 1454 4 1485 25 2999 39
8833 8 3777 9 835 38 6385 7 2376 43 3423 44 407 67 7075 46 1320 40
8834 2 4135 21 4345 15
8835 1 1941 42
8836 5 2140 13 9659 45 1826 39 4102 12 8593 98
8837 6 821 45 4245 58 6420 89 7361 17 330 62 2041 86
8838 5 1691 89 4476 11 1067 3 6385 90 3131 96
8839 7 1100 93 8894 83 2556 95 705 53 1309 78 3113 50 8198 50
8840 8 8134 31 637 100 7904 39 6936 1 3470 17 8676 17 9283 38 5847 50
8841 5 3213 73 3155 19 426 84 5207 79 3401 78
8842 5 1695 57 9332 1 4528 53 7114 38 2458 38
8843 3 1577 95 9959 26 1871 26
8844 3 4326 90 2450 92 7215 91
8845 8 5618 46 3700 31 4070 42 4485 52 8061 23 1473 36 1120 56 6826 82
8846 4 2345 30 3383 58 6074 64 6193 37
8847 3 3160 20 1699 35 8078 89
8848 5 3659 24 9977 78 2773 34 3975 54 2488 61
8849 4 5540 81 9316 57 1417 18 1722 54
8850 7 3857 5 2821 74 5137 1 1537 35 2061 64 1628 59 2371 87
8851 5 2892 3 8022 49 7323 6 2290 18 1171 37
8852 5 4185 72 7789 14 883 62 2143 99 1276 56
8853 5 32 76 8602 9 3932 53 78 21 5663 86
8854 4 5227 5 1323 53 6274 84 1000 94
8855 3 497 7 5544 44 8327 95
8856 3 4500 14 1636 24 1876 91
8857 3 6451 48 2779 12 844 90
8858 7 5790 91 8796 59 4375 77 3882 40 7309 18 274 22 8497 91
8859 4 2699 71 3601 79 8636 35 9185 81
8860 4 8706 76 8035 22 3761 7 9387 94
8861 2 7088 69 4304 87
8862 5 3055 81 7035 62 4328 47 1980 80 8889 10
8863 5 3751 4 8060 10 4147 56 7135 82 494 8
8864 6 1436 61 8895 8 4860 65 6905 34 3495 48 3609 24
8865 3 8199 100 6448 18 1004 81
8866 3 7644 55 6102 39 479 38
8867 6 1626 55 9494 74 8981 55 8903 49 8195 78 32 20
8868 3 2593 64 1303 100 1466 41
8869 4 5203 54 7216 6 2688 1 4595 45
8870 2 641 73 2302 78
8871 4 92 96 4975 20 720 16 5175 81
8872 4 4427 73 9348 9 7255 35 92 25
8873 1 496 51
8874 4 5422 62 4989 66 1166 47 4042 82
8875 6 5462 96 935 13 2326 11 1478 28 4748 63 3812 4
8876 9 8144 13 661 64 5289 68 863 60 6088 80 6292 4 6440 22 6554 88 5664 24
8877 4 8542 40 5558 95 8982 4 4443 60
8878 4 2892 62 6664 71 7549 67 1897 34
8879 8 717 16 5413 50 4685 64 3971 9 5986 34 7684 5 1110 69 5157 91
8880 6 6011 21 7300 55 5529 92 2632 23 4205 9 2916 88
8881 8 4638 12 4335 30 4774 98 1786 8 3809 40 1458 62 6326 99 6629 72
8882 2 2240 45 5702 10
8883 3 7142 44 9355 21 5923 87
8884 4 4320 67 7378 94 1591 95 675 90
8885 6 4340 55 2761 38 482 23 9346 32 7330 41 7651 11
8886 12 7318 43 2191 50 9541 87 735 75 7315 10 119 33 960 47 2994 58 1850 92 4136 50 1662 75 4835 57
8887 3 5161 21 190 9 5201 29
8888 2 7467 45 6991 61
8889 8 7530 46 9178 68 4145 93 1691 41 6498 76 9727 71 5799 5 8862 10
8890 5 624 58 2113 42 5461 81 1721 67 2855 29
8891 6 8393 95 215 7 6166 53 2611 17 445 34 6413 86
8892 4 2710 16 3917 62 3916 15 4114 5
8893 7 2668 1 3912 35 9650 73 266 23 332 96 9334 82 3941 18
8894 9 4734 27 8839 83 3187 56 208 9 7420 92 2232 25 4502 10 1365 38 5425 42
8895 2 8864 8 1403 14
8896 3 1663 1 735 1 7245 13
8897 7 7208 1 9033 89 2127 82 8340 49 5510 12 774 19 9195 26
8898 3 2606 81 5535 15 6008 83
8899 4 5451 75 5610 33 5745 51 2423 41
8900 4 7247 40 5260 51 6602 13 6039 29
8901 8 6311 26 2370 24 4716 86 9553 33 2028 99 7011 38 6841 91 3271 34
8902 3 4541 100 9256 64 6582 92
8903 4 7191 61 8905 71 5545 97 8867 49
8904 6 3853 44 304 23 1533 8 3493 7 9294 18 8198 97
8905 6 1428 70 6881 81 8903 71 4708 28 3414 16 336 99
8906 8 2800 3 6001 39 3527 12 9597 55 9185 92 3854 41 6893 29 9695 5
8907 6 8311 52 8621 82 9513 35 6812 80 3321 49 2241 47
8908 3 407 20 792 15 2874 26
8909 7 4903 72 1043 97 293 71 4602 95 1398 20 7366 83 9120 35
8910 6 2848 27 7521 17 9087 50 57 60 1028 77 5568 85
8911 7 2317 91 988 67 383 54 3398 37 9196 47 890 59 1211 89
8912 6 2432 6 6454 24 1518 42 8389 32 9942 70 3910 61
8913 5 1256 58 8466 28 721 94 838 60 8766 15
8914 3 919 2 1939 41 8211 17
8915 6 3505 11 2100 95 7553 75 1371 81 4570 98 7759 61
8916 5 3541 22 2301 18 2180 81 1401 46 143 70
8917 6 590 56 4500 75 3307 16 4938 86 5574 59 9058 12
8918 6 5057 96 2261 86 4539 96 1178 6 742 81 3206 11
8919 3 1398 89 9476 79 3465 82
8920 4 7504 72 3531 74 374 11 5443 61
8921 2 2316 3 7116 91
8922 8 3353 18 3753 34 2621 89 582 15 2201 95 7838 59 1756 25 3874 12
8923 8 2295 6 2053 80 594 55 5148 83 7933 76 2149 7 1844 65 6749 76
8924 6 3956 7 3047 14 1140 61 5322 12 2636 81 783 46
8925 3 5900 46 5876 4 6877 41
8926 7 5317 10 9419 96 8168 77 254 31 1345 40 2373 36 2738 59
8927 5 179 65 9061 18 4222 27 7198 100 5042 62
8928 8 1495 62 8939 57 4963 28 8690 83 4652 7 999 29 1001 90 4425 93
8929 4 683 80 9585 18 8970 36 6607 7
8930 5 5948 44 8933 8 7514 68 5682 75 4299 29
8931 4 3417 37 3831 68 4348 88 691 64
8932 2 3174 7 5698 43
8933 7 8930 8 9147 50 9292 4 1537 44 3523 74 4048 53 4501 6
8934 3 2918 48 9952 64 5082 71
8935 6 1469 100 3662 14 6448 11 3166 57 5658 11 3370 25
8936 4 8612 43 7002 76 1159 88 4035 6
8937 3 6033 28 2910 19 1352 68
8938 2 7302 57 1886 89
8939 6 8928 57 9393 21 561 51 1206 57 6119 87 5934 98
8940 4 3716 44 9400 54 417 76 9046 85
8941 4 1627 55 32 86 1828 24 4498 80
8942 7 504 60 8265 22 3035 65 720 100 4171 75 4531 97 8255 66
8943 2 7606 55 5784 13
8944 7 6779 75 1645 23 1575 90 3351 77 8441 67 1549 79 947 66
8945 5 916 43 9359 18 85 61 4398 8 2678 98
8946 3 885 43 1151 53 7260 96
8947 2 1675 96 4077 27
8948 7 3903 34 253 50 4596 30 2542 31 6970 65 488 74 4160 62
8949 3 4453 87 198 86 1572 81
8950 5 2048 2 9358 15 420 96 7882 55 7732 68
8951 4 709 83 7392 68 2940 1 2035 87
8952 6 6098 55 3027 48 9608 52 3097 50 485 8 4066 72
8953 5 4521 6 9208 71 9456 10 750 49 1412 97
8954 5 18 38 1765 31 5166 1 3569 97 1810 39
8955 5 2763 26 9217 54 5316 30 4168 47 2544 1
8956 3 7987 75 1887 24 4103 81
8957 3 2096 74 1636 77 3158 64
8958 3 8151 57 4225 93 5191 4
8959 4 6373 45 3 79 5488 3 2271 88
8960 2 5284 32 5464 94
8961 7 5258 22 1698 11 2103 65 141 25 8612 5 9188 84 8703 38
8962 5 159 3 612 99 3459 77 6659 75 2265 72
8963 8 1558 89 9536 32 7583 8 5653 16 2222 98 9347 41 9229 22 170 93
8964 5 430 55 4190 65 4945 53 4848 18 5510 17
8965 4 1078 68 1523 6 9514 66 1550 25
8966 2 4971 8 1368 9
8967 8 2183 82 8745 60 6086 46 703 81 656 15 8607 29 1113 59 8371 51
8968 4 1801 18 6307 83 2946 82 7875 94
8969 5 3682 36 8733 97 7948 27 4757 22 9362 78
8970 7 7045 79 3125 9 1800 51 8929 36 28 41 2218 94 6722 10
8971 3 914 93 1668 61 9195 44
8972 4 3990 64 8811 98 344 99 283 98
8973 4 4447 83 4150 55 3097 59 8071 75
8974 4 4558 17 8063 25 6833 11 5641 75
8975 5 5693 70 3871 97 511 8 3022 83 9921 88
8976 7 4666 4 2578 75 2470 77 145 15 4028 35 190 69 7937 19
8977 10 4556 41 4552 82 1650 20 1743 72 3530 19 3272 1 1276 25 7763 8 8738 84 9907 21
8978 4 4702 24 3918 81 4117 23 2544 55
8979 6 3945 7 9858 60 2214 4 2992 55 3164 13 9036 78
8980 6 2442 42 9996 71 3940 1 3892 84 2888 50 2105 55
8981 4 3205 4 6284 21 8867 55 2667 74
8982 3 3607 76 8877 4 2044 50
8983 7 6673 96 4488 12 9194 82 6384 27 4135 1 5719 76 5601 42
8984 5 241 66 7806 9 7899 28 2236 87 5703 1
8985 4 2850 95 1368 69 6374 36 9877 29
8986 4 4691 98 1738 12 7135 1 5687 21
8987 6 5882 61 1446 46 1135 3 3649 72 1370 66 5262 90
8988 5 2643 23 6497 80 6519 8 2299 49 4127 44
8989 2 2075 72 4045 41
8990 6 382 84 7910 20 3297 78 1072 74 3790 37 8617 86
8991 5 3730 31 3234 81 2766 66 5060 20 1113 64
8992 5 6790 13 9285 34 577 85 617 58 2939 79
8993 5 461 61 2525 43 7440 49 3423 88 3410 38
8994 6 4924 38 9210 73 2225 42 7979 39 799 91 1759 24
8995 7 4430 31 9156 79 4163 30 3354 55 4288 8 5686 35 766 2
8996 8 1568 15 2 6 823 54 9263 78 1344 68 2543 29 8463 28 2153 79
8997 5 2208 55 2742 63 1638 7 6333 89 4710 69
8998 5 6352 88 3457 99 256 92 3738 2 2466 76
8999 6 536 86 5820 98 8347 2 9548 64 4668 17 9085 15
9000 5 3307 38 2736 24 4629 50 1806 98 6937 79
9001 4 326 94 187 23 3674 32 6031 1
9002 3 6403 9 821 58 2443 1
9003 3 3297 55 3538 52 5372 18
9004 6 285 12 997 82 630 97 2283 46 1705 82 9524 35
9005 4 2568 34 3121 61 2289 45 9834 58
9006 10 4328 70 7315 66 259 91 729 3 2489 45 8431 72 6213 60 8283 12 3802 65 2982 67
9007 7 8204 80 6056 75 2016 69 93 37 2755 62 9132 33 821 43
9008 3 976 26 3974 41 2289 6
9009 5 2627 82 5569 1 7624 94 3265 80 755 69
9010 5 4545 45 9476 3 3802 12 4977 44 6082 10
9011 2 2084 37 206 69
9012 6 4266 42 9693 22 7145 52 3758 87 9978 25 1891 43
9013 7 831 84 9739 46 6544 85 8242 31 4146 38 265 68 1768 36
9014 7 4773 87 9664 3 1009 86 1645 6 4212 6 7518 57 1737 78
9015 5 453 99 9794 42 4966 38 2996 62 3425 74
9016 3 3670 98 2530 93 7149 23
9017 5 8356 58 2745 71 430 51 215 25 9100 43
9018 9 6174 30 7223 34 6266 43 7584 9 231 75 2062 21 3905 87 157 10 302 41
9019 3 3019 62 2580 75 2324 35
9020 7 4373 75 9270 35 2784 85 2441 8 5282 79 7662 44 8735 65
9021 2 6421 76 6155 83
9022 6 6265 19 656 93 484 30 8787 88 7819 54 9408 87
9023 6 3224 28 5847 27 3741 73 9511 66 2496 64 3508 80
9024 4 1054 27 2672 69 7341 89 131 22
9025 4 8621 15 9796 68 86 26 8753 59
9026 4 5880 9 5848 20 3121 67 2287 70
9027 4 5986 16 2776 96 9276 22 5474 56
9028 6 1547 7 3940 78 2787 15 8816 1 7606 34 973 28
9029 7 433 99 503 93 3333 52 8056 91 2674 34 2709 71 4607 63
9030 4 1169 16 6223 1 1263 53 356 25
9031 5 363 76 6921 32 5827 48 5603 32 2846 57
9032 3 5570 18 5272 3 2276 58
9033 4 72 15 8897 89 8240 13 3239 86
9034 2 2273 72 3860 89
9035 4 6884 23 9123 39 4070 95 1507 14
9036 6 1869 36 5921 88 8979 78 3538 1 7226 4 2379 55
9037 6 4366 4 8286 26 6542 1 8343 29 8106 78 7248 20
9038 6 8641 7 2071 75 4853 64 7371 64 9895 3 7107 90
9039 6 859 11 9081 48 1363 72 7398 6 9627 6 4957 97
9040 1 8058 84
9041 5 2348 41 9804 46 8423 82 4287 99 2342 65
9042 3 3201 95 2019 7 672 37
9043 4 1756 93 9402 70 6615 24 3802 69
9044 6 299 43 4688 76 157 37 5076 87 4417 47 4712 57
9045 5 4952 82 275 26 8091 13 8404 69 2448 91
9046 3 2295 85 8308 73 8940 85
9047 5 6920 48 869 14 2962 21 1607 50 7552 100
9048 6 4359 58 5281 37 4557 51 9888 96 8293 33 2224 9
9049 6 3612 36 8268 31 6480 61 6884 96 9642 68 9094 74
9050 1 600 51
9051 5 2159 70 6551 69 7299 7 1898 9 1822 34
9052 6 3944 3 1544 55 7877 24 8070 55 3475 46 2789 1
9053 4 4686 38 9442 28 3182 85 1802 85
9054 4 1029 11 7672 47 147 68 7163 82
9055 4 2105 54 5429 26 8440 29 2796 73
9056 3 2827 45 8239 19 4020 83
9057 4 3083 51 7697 77 6802 43 1192 80
9058 9 7300 61 1922 72 1428 68 7941 12 9268 33 8917 12 9725 48 179 78 4359 73
9059 4 2045 43 3751 10 8778 64 7575 30
9060 3 23 100 8148 5 7513 93
9061 6 8927 18 6544 36 6042 69 1469 58 6491 5 4704 66
9062 4 3263 33 773 6 7847 23 7930 42
9063 3 5253 68 9927 37 1035 59
9064 2 1382 58 6730 93
9065 4 5922 29 8576 91 129 8 6096 83
9066 2 2364 75 6348 87
9067 5 986 26 4718 49 3636 68 2813 11 1318 15
9068 4 8506 33 9425 23 7850 85 4983 51
9069 5 8466 71 687 70 9328 25 7089 94 1409 64
9070 8 1128 1 3190 6 9427 68 977 26 9229 14 4980 44 982 91 2285 27
9071 11 4483 41 2177 69 1084 78 3912 52 13 55 26 67 2333 58 7530 50 427 4 1961 87 3948 56
9072 4 7258 74 1136 71 9818 71 5898 100
9073 5 2513 10 2359 6 8529 6 4326 55 5957 27
9074 5 3968 40 5939 54 1377 74 4934 74 959 51
9075 6 433 35 5057 48 2123 71 6640 94 9604 71 4878 78
9076 2 7306 39 8768 64
9077 4 5196 6 7820 9 368 78 7462 51
9078 6 2472 36 8222 34 9915 87 6391 81 1028 38 5321 3
9079 2 1000 83 9085 80
9080 5 502 6 1335 78 5688 79 879 71 4035 68
9081 4 9039 48 1314 80 106 99 5919 27
9082 6 3920 23 9569 26 8334 18 1516 71 9323 32 5515 34
9083 2 4370 3 1418 30
9084 4 2480 64 2423 75 3012 55 4856 47
9085 8 3673 99 6310 5 3082 86 7780 60 9079 80 9148 24 2321 2 8999 15
9086 4 98 87 9821 80 2492 11 490 8
9087 6 8118 11 8910 50 9753 15 8627 21 8204 75 5543 29
9088 3 7277 51 5753 23 2396 88
9089 8 6601 22 8287 62 2892 26 9338 20 6872 6 5817 79 1964 97 3087 36
9090 5 7086 89 3324 90 4448 54 7256 93 3786 100
9091 2 5192 60 5987 99
9092 3 601 77 2266 11 1764 85
9093 3 4154 12 7071 48 2779 26
9094 5 6869 66 7374 36 8778 5 9049 74 747 69
9095 5 7434 94 145 71 2296 15 585 95 1646 50
9096 5 520 6 1565 74 8272 89 9307 84 3020 84
9097 8 6736 82 1555 66 5385 13 1734 79 6611 76 9438 64 5997 39 9994 53
9098 4 236 74 2932 92 9941 36 6105 41
9099 5 398 42 9970 8 7164 44 2592 27 6755 53
9100 3 2677 18 6919 25 9017 43
9101 4 5043 29 645 46 1377 83 58 86
9102 4 1956 71 7042 15 834 33 4381 71
9103 7 2436 29 2404 86 5041 75 9621 15 7511 44 2638 46 1646 98
9104 7 7470 40 7776 12 2379 44 945 40 6557 73 4233 53 7514 50
9105 4 4695 66 8010 8 514 69 3370 7
9106 3 7488 34 3712 28 3278 82
9107 5 4097 3 2941 24 9517 57 8463 87 210 69
9108 4 4170 40 9965 16 571 14 4904 29
9109 6 3165 80 1909 4 7275 78 7819 68 303 76 2871 54
9110 6 1796 27 3491 25 9560 50 4285 46 756 71 6831 26
9111 4 4372 61 2715 90 6047 45 7999 20
9112 8 4666 15 6957 26 8690 48 8248 16 339 61 3894 88 2697 72 2315 8
9113 4 3589 34 36 96 811 96 1168 56
9114 10 3280 33 9566 59 9719 95 1781 67 7720 93 7926 15 6250 71 8675 87 1812 15 3801 24
9115 6 7426 35 2847 11 6192 33 2475 7 1660 23 817 46
9116 12 6521 29 9335 23 4642 18 5204 88 7228 54 7917 88 9667 10 1162 62 3996 56 2762 12 7896 72 3504 16
9117 6 5272 42 9695 56 7527 78 3072 83 2440 61 7819 67
9118 4 6216 95 8077 86 5137 40 9633 97
9119 3 3502 18 9276 38 6537 40
9120 10 2181 54 6546 74 375 3 6528 74 805 30 2422 64 6867 72 5141 88 3394 8 8909 35
9121 7 7559 95 8250 13 2927 88 3564 38 8813 35 147 95 8129 6
9122 5 3727 69 7993 27 4399 27 1089 53 7082 36
9123 7 838 4 9035 39 1503 47 1042 68 9673 22 1118 40 7832 52
9124 5 2967 42 4895 33 2673 87 78 6 3607 27
9125 5 8380 27 6967 22 1272 35 4477 80 1824 33
9126 5 4223 55 2022 22 4155 31 1457 7 2131 6
9127 2 492 67 6198 25
9128 6 5759 31 7162 61 2199 18 6864 97 544 97 2239 47
9129 5 232 74 3698 20 865 77 3240 84 7867 7
9130 9 3695 9 9254 54 7183 61 5146 58 7724 1 1821 59 8743 32 7524 65 1556 75
9131 3 3659 1 9250 77 3615 90
9132 4 997 87 9718 62 5542 72 9007 33
9133 9 2176 57 9342 3 4616 79 5226 85 2433 62 8121 34 6455 41 5979 47 6431 100
9134 8 3664 57 9304 66 311 42 4421 5 2043 84 1118 88 6754 10 1294 34
9135 4 5188 55 2054 26 3276 1 6550 65
9136 2 4473 15 9849 40
9137 6 5566 68 4763 78 5109 57 1188 94 2410 62 5524 75
9138 4 2312 17 3411 12 8040 14 5921 57
9139 3 765 26 9709 18 6338 64
9140 5 2500 73 1973 50 3388 29 8328 68 8037 56
9141 5 42 45 5069 54 3780 54 6497 38 814 10
9142 4 4257 22 9629 3 2867 70 5881 71
9143 6 4299 21 498 20 4980 27 5512 90 2755 97 860 58
9144 5 724 75 4750 99 3053 5 6840 45 9934 15
9145 5 7748 50 476 69 40 2 5732 60 577 91
9146 5 1958 42 2480 52 7444 59 9505 88 5630 97
9147 5 6843 85 8933 50 273 74 2237 99 7742 94
9148 4 8364 22 804 97 3762 31 9085 24
9149 5 4011 71 8703 66 634 55 4831 33 6624 60
9150 4 3909 63 1231 69 6616 62 3343 82
9151 3 5058 44 6912 40 4149 72
9152 7 850 68 9884 4 5255 77 5098 27 960 59 71 46 1134 68
9153 2 6882 54 5236 21
9154 6 1101 97 6178 88 583 58 847 92 8120 84 9544 17
9155 2 5038 89 5608 40
9156 3 8995 79 3888 85 6909 64
9157 5 3749 65 1487 84 7910 95 431 10 4203 77
9158 7 7429 29 349 91 5396 22 4513 76 2083 99 3574 82 3205 93
9159 4 7169 54 1330 27 4483 73 1661 94
9160 7 5291 48 5059 66 3404 55 3017 28 4889 73 2117 26 3448 93
9161 8 7974 83 4762 37 3751 7 2725 39 364 82 22 69 7805 99 1584 10
9162 5 667 4 7851 51 1120 35 5751 53 1119 5
9163 4 3611 19 9900 53 6668 43 2569 67
9164 2 2054 88 7858 82
9165 7 4253 51 302 11 5264 30 3477 92 7398 86 2619 39 967 81
9166 10 2373 80 2372 21 4896 61 5153 26 1717 21 6946 83 7088 69 7111 44 2058 49 7770 86
9167 4 3323 44 5924 15 7476 16 3657 1
9168 3 5160 74 2041 54 1120 57
9169 4 5105 60 1240 88 9470 52 1636 51
9170 7 557 35 9907 42 6977 76 2976 91 4157 57 6829 18 5876 55
9171 4 1896 74 5485 90 3995 91 9849 55
9172 6 8790 15 7839 70 610 62 4430 77 9239 92 7373 21
9173 5 4606 59 3204 17 1127 41 53 63 7273 18
9174 6 6763 42 1253 92 7817 100 8353 89 1927 35 9381 13
9175 3 4430 87 5838 98 2719 27
9176 5 8587 64 5243 90 8693 55 9590 29 6980 57
9177 4 3833 1 352 72 8580 96 1430 84
9178 1 8889 68
9179 4 7522 58 4813 57 8149 21 1419 45
9180 2 7252 16 8011 57
9181 4 6847 6 9896 76 2669 2 2747 74
9182 1 1112 8
9183 5 4145 8 7784 99 9284 66 7758 82 5342 22
9184 5 5556 4 5026 16 4485 23 1928 83 2274 65
9185 9 5726 35 6339 86 9303 21 8906 92 9572 63 2001 59 2262 68 5774 19 8859 81
9186 7 6692 18 4177 66 3388 75 2600 93 1514 7 4658 18 5643 10
9187 4 1209 17 2272 72 6117 80 2218 74
9188 5 1920 57 658 76 8961 84 2689 39 3912 100
9189 7 7167 41 5548 49 3181 20 2155 77 5818 56 4385 43 4416 87
9190 6 3142 94 9869 19 5988 65 6206 38 824 57 9722 93
9191 3 6632 67 4301 2 5200 28
9192 4 1988 89 1929 49 8041 48 9458 94
9193 8 5867 7 9699 70 8081 76 2706 82 7646 55 5523 45 7320 82 58 67
9194 3 4529 100 8983 82 5761 37
9195 7 2484 86 6604 8 2117 28 4327 93 8897 26 8971 44 7333 52
9196 5 217 54 6456 53 8743 23 8911 47 1716 97
9197 5 6423 88 1230 74 5328 80 9417 87 488 59
9198 4 3874 79 1691 52 6380 1 7977 48
9199 9 7120 75 4817 4 7132 82 328 79 373 2 830 28 1773 59 1815 42 851 26
9200 4 429 13 2171 34 6642 36 9212 47
9201 3 3541 66 7165 33 4493 1
9202 3 4625 30 5454 13 5441 67
9203 3 6870 10 4276 48 6640 45
9204 4 5058 24 4973 54 1916 9 9768 44
9205 8 1402 97 1258 42 6365 93 4580 47 8762 94 2035 22 5471 85 6047 4
9206 3 395 18 8743 100 9577 16
9207 6 6381 99 7115 10 1272 33 2837 77 2664 35 4702 60
9208 4 6503 37 8953 71 6998 19 2646 30
9209 5 3568 10 2660 87 6311 42 5888 31 2155 99
9210 1 8994 73
9211 3 2988 8 1369 75 2494 38
9212 7 4085 98 9222 87 6706 4 3997 75 2750 39 9200 47 910 75
9213 7 2794 52 977 70 1706 82 1534 69 3516 24 3090 4 2663 97
9214 3 2804 57 1762 81 2731 39
9215 5 8508 45 9317 55 4364 2 1017 9 1612 54
9216 1 1931 43
9217 1 8955 54
9218 2 2127 91 3990 40
9219 8 7335 3 7988 67 671 88 2784 77 3693 45 2103 75 5026 58 5945 30
9220 6 7131 26 5836 56 4260 73 2767 8 959 27 9497 73
9221 4 1960 87 2346 66 3554 66 2517 26
9222 6 7744 44 2099 40 9212 87 1273 31 3438 94 9773 19
9223 5 8755 75 4890 59 9298 54 9555 52 5326 8
9224 6 2138 6 9246 58 9750 9 3836 99 7050 63 160 11
9225 4 4648 25 1092 2 864 47 922 31
9226 3 3046 20 4987 84 4138 83
9227 2 2026 20 6823 77
9228 4 7476 96 8735 71 4850 54 4682 97
9229 7 956 63 2356 25 8691 31 2649 87 9070 14 2371 83 8963 22
9230 6 4479 74 9427 18 6932 22 2026 44 2523 22 2420 75
9231 6 8785 8 8587 74 2246 63 21 9 1477 13 8434 79
9232 3 3926 13 973 27 4713 88
9233 6 4599 99 231 61 4914 47 7634 5 5545 56 5632 3
9234 4 2010 85 7276 99 7518 51 7943 70
9235 4 1229 39 6991 1 8565 44 9773 26
9236 6 5383 46 3160 100 8718 26 6714 93 2920 14 7297 54
9237 5 8189 48 8798 5 864 29 2022 2 5428 65
9238 6 472 2 908 63 4421 43 8720 42 5445 6 1102 77
9239 8 3508 46 9805 77 7971 65 7399 17 9172 92 5497 18 9265 49 46 49
9240 7 3776 39 9389 38 5106 95 6581 20 6692 95 7155 65 4271 66
9241 7 3523 13 4973 69 5039 24 6869 22 1724 90 2228 24 6727 84
9242 4 2221 75 7957 75 2097 58 9771 66
9243 2 6004 41 7239 85
9244 3 911 76 3887 16 9741 16
9245 4 2668 60 130 43 4911 52 7249 44
9246 6 9224 58 9376 43 6094 51 2209 38 2164 2 7632 22
9247 5 258 42 8536 19 5704 50 6853 7 4968 74
9248 7 183 58 4001 64 3839 26 7011 85 4184 41 7827 60 3762 87
9249 10 821 80 9581 53 4911 51 3708 58 6893 37 6984 27 239 71 225 88 9941 94 4915 60
9250 9 2745 28 8101 57 5754 72 7560 66 7778 11 2593 48 9131 77 5858 83 5839 70
9251 7 1500 16 6419 18 5575 74 1031 7 2617 75 5217 85 9522 81
9252 4 6258 56 388 59 200 24 8788 15
9253 5 3916 19 6252 44 7675 94 7488 58 2594 43
9254 3 9130 54 3918 75 2145 3
9255 4 1769 88 6955 22 2186 86 3857 71
9256 4 8902 64 372 99 2426 26 2475 36
9257 4 3924 69 1578 83 3995 67 2724 85
9258 4 4504 72 5727 100 2504 78 4861 6
9259 1 4884 48
9260 4 3633 14 3317 49 5149 86 3625 9
9261 9 7954 88 9584 66 1137 90 1861 50 493 8 1308 30 7248 54 7442 99 6752 2
9262 2 7235 37 3644 57
9263 5 2795 19 926 37 8364 10 8996 78 7529 42
9264 5 6358 100 6037 89 8753 2 6706 70 2326 70
9265 7 4761 50 4933 31 337 41 7655 89 832 100 9239 49 3094 88
9266 5 21 4 9483 15 1113 74 2707 51 5428 57
9267 4 3747 22 4436 36 3036 88 1433 19
9268 8 4841 41 6211 93 3976 30 8613 11 9058 33 3724 85 3786 95 677 79
9269 2 3881 85 5352 56
9270 3 7088 62 9020 35 6960 65
9271 5 7594 67 7783 8 1446 30 2135 35 9698 72
9272 3 7678 57 4911 47 5619 21
9273 5 1297 34 4439 39 853 33 5218 23 5146 87
9274 6 962 74 5988 28 2853 50 4651 27 2750 59 2830 76
9275 4 853 76 9551 50 2638 33 4467 77
9276 7 9119 38 440 56 2297 19 9027 22 2991 46 2353 44 4330 94
9277 8 5241 34 2215 13 695 2 6927 88 4508 7 7116 33 1176 56 545 49
9278 2 7082 39 395 6
9279 7 5603 100 2270 56 114 45 1698 9 6167 84 5223 78 5851 100
9280 1 4761 38
9281 4 4367 32 9874 18 7308 18 1102 10
9282 9 4472 26 9779 82 6018 28 1803 29 6077 86 5789 95 4361 37 4758 41 4312 74
9283 5 6701 39 9700 99 8840 38 7729 75 5240 94
9284 4 2235 67 5008 70 9677 71 9183 66
9285 8 476 70 3884 66 3174 58 3783 63 7047 23 3605 59 809 79 8992 34
9286 6 327 17 890 38 2871 90 661 78 4005 42 5036 62
9287 8 4612 40 3572 13 5805 58 3034 15 2498 24 3908 20 1127 60 4562 6
9288 4 671 78 2565 90 7284 6 2122 16
9289 6 5369 20 3842 10 7935 74 4527 43 2338 11 1972 14
9290 4 1696 45 6987 58 1968 62 1385 2
9291 5 3356 82 2171 6 5746 79 6538 31 7164 32
9292 6 7088 88 7726 76 4948 27 8933 4 1711 37 185 25
9293 3 1388 59 2381 17 6879 60
9294 8 7110 24 8799 66 6423 82 651 90 8904 18 835 35 2729 42 318 98
9295 5 867 5 3969 35 8117 71 2518 2 7748 12
9296 3 1482 88 2217 15 1397 1
9297 4 7594 27 6170 52 2092 58 1537 19
9298 4 5996 72 2597 17 9223 54 2572 54
9299 6 2766 100 7212 22 3488 83 1952 85 8636 55 6865 23
9300 6 341 83 1368 66 350 22 1143 35 8012 12 9752 43
9301 6 1563 69 3455 75 585 36 2146 79 77 71 6359 76
9302 4 8010 47 521 14 7499 58 6452 66
9303 5 2882 54 2243 9 9185 21 153 49 5782 91
9304 7 4114 35 9134 66 6264 92 7495 5 8118 12 1041 41 2639 87
9305 7 7459 46 6621 9 8574 57 2610 32 5869 51 6699 39 843 88
9306 4 1094 48 9839 71 1282 30 8714 54
9307 7 1327 18 7355 43 6111 84 6542 5 2724 30 9096 84 2726 40
9308 3 8284 24 1475 13 2687 25
9309 8 3469 94 626 22 1777 69 9349 73 4506 48 715 82 2913 74 9322 64
9310 4 354 49 9999 24 4152 22 7263 20
9311 6 6687 73 1518 86 3140 42 3029 24 3082 62 1199 13
9312 3 4080 50 3922 68 1360 55
9313 3 7880 42 2197 59 4531 88
9314 4 4501 91 1457 19 2948 36 4690 79
9315 4 5387 4 5287 31 4893 67 1661 55
9316 4 8849 57 1635 44 3759 90 3793 83
9317 5 9215 55 4500 86 5372 23 2988 33 2484 59
9318 9 1453 76 9788 60 7138 69 207 77 7546 55 2163 72 5586 56 8312 76 6773 58
9319 4 767 79 105 59 6001 70 1881 71
9320 4 8566 84 3296 27 9411 10 7511 89
9321 6 8525 72 791 60 4861 13 4246 6 593 18 3333 31
9322 3 3003 45 1808 27 9309 64
9323 6 5206 87 8062 48 3757 10 2419 53 9082 32 2585 77
9324 8 1207 51 1345 50 4149 89 8515 57 6120 9 6159 67 4770 48 4977 35
9325 3 362 52 1106 76 1615 92
9326 4 2106 72 758 8 2486 23 4739 81
9327 6 6900 72 3235 52 7956 7 4198 10 2235 51 3056 57
9328 5 8276 72 9806 18 4093 77 2398 63 9069 25
9329 9 4699 58 5614 33 2428 42 7590 49 4895 49 5223 89 3598 58 1699 5 310 11
9330 5 7335 60 7510 30 7415 79 9608 29 9559 24
9331 4 3401 32 9387 99 5415 94 5124 10
9332 7 5045 2 6271 100 8842 1 7987 17 1501 99 2741 95 3238 14
9333 5 8242 39 7233 26 7577 79 2508 19 6595 65
9334 4 7514 60 5008 79 8893 82 5891 26
9335 4 4738 11 9116 23 367 77 6323 98
9336 6 5147 97 2065 18 4828 81 6866 57 7590 91 5036 42
9337 2 1157 36 3780 9
9338 6 660 31 8789 75 2351 40 1560 76 9089 20 4329 47
9339 4 4832 21 1908 16 3138 35 5110 7
9340 4 8710 23 3040 51 98 27 8405 72
9341 2 494 45 5905 92
9342 6 4129 83 9133 3 2245 47 433 83 8055 22 1874 70
9343 4 1912 28 2029 94 4909 99 4666 29
9344 6 6524 18 7105 56 3870 84 3421 48 3972 63 7806 57
9345 9 6687 30 2004 61 6916 28 2999 61 5137 72 4848 59 4781 50 7282 88 2336 76
9346 5 2956 21 1045 46 7940 2 8885 32 2670 12
9347 4 1863 63 8519 15 4321 17 8963 41
9348 7 1181 48 9803 16 8872 9 5160 42 3983 32 2531 21 6558 92
9349 6 2452 74 6782 32 4306 78 9309 73 9369 34 2761 61
9350 5 5824 55 9527 42 9881 43 7503 47 7000 46
9351 7 4759 3 1336 78 8429 24 124 15 5034 53 1986 60 8223 65
9352 5 6041 62 3600 23 1529 30 2609 22 1289 84
9353 5 1132 75 4998 44 7088 6 5420 90 9459 84
9354 7 5513 66 8240 16 5512 74 3620 88 6375 89 963 80 9805 25
9355 5 6778 74 3936 90 3557 59 8883 21 4169 59
9356 1 4156 14
9357 5 2936 64 8286 9 923 29 5189 67 3211 78
9358 8 6482 36 366 83 4033 9 8950 15 3795 57 674 86 7870 31 267 73
9359 3 8945 18 2948 47 89 85
9360 2 6722 65 4074 16
9361 3 4458 19 6499 95 928 25
9362 7 2496 20 4463 97 3527 37 5379 99 8969 78 8818 17 246 3
9363 8 4117 27 4304 23 4434 93 1912 67 401 23 6638 39 4180 36 2115 81
9364 8 6255 73 1443 19 6769 96 4989 32 7906 13 251 62 5381 30 4768 46
9365 3 5161 20 3012 23 1254 51
9366 6 2964 49 9632 20 4514 17 4078 75 6146 30 3769 17
9367 4 7793 63 2756 49 2868 6 4257 99
9368 4 1281 51 4286 73 8098 15 7254 41
9369 6 1703 76 3134 14 7035 42 9349 34 7741 67 5244 28
9370 4 184 6 2592 50 150 26 3343 15
9371 2 1765 23 9957 56
9372 4 4317 74 9492 82 1459 53 2002 99
9373 4 2698 38 5449 6 4839 44 1939 99
9374 4 8471 21 5922 29 9821 39 5575 48
9375 4 1290 17 9528 47 1187 97 7208 9
9376 3 9246 43 4712 56 4220 100
9377 2 7735 97 1385 30
9378 3 2099 27 3356 24 1508 1
9379 4 6914 48 1665 76 8343 5 5972 29
9380 4 7569 39 3325 80 614 69 5047 9
9381 6 2293 44 5145 68 2956 55 6363 67 9174 13 4123 24
9382 3 385 30 4411 23 5390 29
9383 7 4852 26 3816 11 7598 28 5423 62 7238 76 2626 28 4466 9
9384 4 6066 81 9873 9 3472 61 3689 81
9385 8 1118 93 9573 28 2318 9 8119 95 6708 26 6364 14 3233 1 7973 46
9386 5 3926 12 1507 99 2890 79 7645 67 8413 40
9387 4 6672 39 9331 99 6694 36 8860 94
9388 4 4258 9 9968 12 7503 3 7007 69
9389 6 9240 38 4193 36 1966 35 4750 79 8376 37 1711 96
9390 3 3995 88 7741 69 907 76
9391 7 6458 19 1567 79 1608 91 4813 83 1692 61 6120 19 190 90
9392 4 6695 61 7915 16 5900 9 1997 42
9393 6 7962 71 150 29 8939 21 5389 91 182 42 9537 94
9394 6 6737 88 1812 41 5836 47 2030 68 9573 13 2106 16
9395 6 381 7 7818 51 1831 56 1398 25 1132 33 5767 16
9396 2 3243 56 6775 10
9397 5 8197 18 7052 30 1446 60 1963 18 8739 64
9398 4 7966 50 4102 12 439 6 3251 2
9399 5 3755 17 1576 1 3782 94 5837 32 1798 60
9400 4 8940 54 554 82 9591 4 8695 66
9401 4 7449 22 7459 71 9940 42 3858 68
9402 3 7282 38 9043 70 1265 79
9403 5 8435 79 358 80 7506 40 9748 4 7755 18
9404 4 5410 33 6031 70 7569 37 7236 55
9405 5 4417 77 3381 50 7189 82 4105 94 2657 44
9406 8 5155 59 9634 18 7251 87 1534 65 4405 45 1314 91 7924 90 574 28
9407 6 3256 44 5518 71 3332 38 5247 30 8744 36 5814 57
9408 3 7093 80 4021 67 9022 87
9409 6 6381 94 1492 36 6055 67 8407 53 5200 62 2148 68
9410 7 6526 38 1080 93 6548 43 6725 55 5611 42 2907 85 6762 69
9411 7 1127 44 6802 27 9320 10 7929 92 1924 60 5982 74 9673 10
9412 4 2615 50 3589 54 2333 61 2652 68
9413 4 4920 27 5813 41 3298 69 311 30
9414 5 6929 61 1964 55 2208 34 5391 17 7425 77
9415 5 5819 47 9465 65 9646 75 1918 96 2600 87
9416 5 320 55 5571 54 7383 93 2536 74 7507 60
9417 10 5768 4 9425 21 2420 87 7412 3 3368 100 9197 87 6810 46 4761 84 7093 59 3355 7
9418 7 4557 73 7322 9 2003 16 8542 94 5867 25 9792 90 6653 98
9419 6 6074 62 8926 96 2052 96 4939 95 7921 7 3117 55
9420 3 5985 84 2369 13 6280 75
9421 6 3247 39 9519 6 26 30 641 51 9847 28 6692 87
9422 3 4337 17 9608 53 1813 93
9423 7 1357 1 3137 1 5321 34 9459 35 5658 8 1258 1 6194 11
9424 3 6384 74 9644 23 3243 26
9425 7 9417 21 4596 84 9068 23 3924 54 2299 20 5645 37 8632 24
9426 4 4764 17 9655 40 2737 77 5213 49
9427 7 9230 18 1500 38 407 19 9070 68 2535 4 2632 2 841 8
9428 6 2387 95 7068 79 5229 24 6344 43 6276 100 6176 22
9429 4 3028 91 282 70 5381 16 499 77
9430 5 1084 79 9955 43 5928 16 1231 28 2537 5
9431 3 5703 93 4886 34 7409 25
9432 3 277 17 6507 28 877 37
9433 4 104 47 9969 46 4427 27 623 12
9434 4 3611 73 3417 25 3448 4 512 48
9435 3 1182 94 1072 35 2630 44
9436 4 5907 41 2201 74 3228 18 424 90
9437 4 2475 83 924 38 1455 33 4928 53
9438 4 7449 78 8246 41 9097 64 4751 64
9439 5 8608 94 2056 2 1292 88 7626 77 2367 96
9440 5 6721 33 3407 99 182 21 2487 20 6661 70
9441 3 356 21 6677 33 3338 9
9442 6 9053 28 5823 81 796 12 689 17 5926 44 8360 94
9443 5 4614 50 7623 97 8656 48 1842 87 855 28
9444 5 5438 82 2973 72 3529 68 6468 70 70 70
9445 4 8765 41 4899 76 1383 45 4877 63
9446 4 7490 57 9631 90 7908 73 3228 67
9447 3 5628 14 2558 65 2129 96
9448 2 1891 86 1607 60
9449 6 21 6 4894 12 4274 16 3820 49 4185 51 3352 95
9450 4 6912 91 5336 64 2126 27 1428 31
9451 5 3415 39 6000 21 1378 57 8242 91 2322 39
9452 5 2093 36 6466 66 2354 40 2195 98 5766 68
9453 5 3965 9 1924 38 2329 45 556 22 8762 57
9454 2 5478 26 3295 92
9455 2 2746 78 1588 12
9456 5 2127 31 8953 10 1562 65 6284 54 473 14
9457 6 244 98 2144 90 2080 81 6951 17 332 28 6461 44
9458 3 7122 41 416 87 9192 94
9459 7 2813 83 1923 30 5779 20 2121 64 2343 45 9423 35 9353 84
9460 5 2673 51 6982 32 6085 99 126 14 1356 18
9461 4 5738 14 1832 3 4221 62 9821 85
9462 4 5458 73 2287 86 2173 67 3379 93
9463 4 997 99 6007 33 7729 95 518 55
9464 3 587 28 1997 6 9573 73
9465 6 1529 6 9415 65 8341 48 2992 43 5231 28 3477 59
9466 5 6274 45 4648 53 1663 57 7767 87 5515 27
9467 1 5719 86
9468 5 6647 85 281 39 218 58 1804 100 6800 46
9469 4 871 58 2607 49 4621 93 2731 69
9470 5 2658 41 1060 31 9169 52 4822 22 8563 40
9471 2 6245 2 7661 28
9472 6 7362 22 1212 2 6854 68 8192 97 4933 58 2253 25
9473 3 8250 31 260 60 8186 64
9474 8 4950 27 3026 30 8276 53 5477 54 643 14 5367 56 1344 7 5097 78
9475 5 3092 50 773 98 6190 75 9824 71 3193 9
9476 7 4675 54 9010 3 2770 8 6541 94 3742 76 8574 11 8919 79
9477 3 1017 54 8423 26 2648 34
9478 4 870 77 4005 82 1175 53 6066 4
9479 4 4257 92 5290 9 4546 49 2221 17
9480 4 2844 22 5685 41 2580 21 3304 45
9481 5 5054 14 2719 16 1472 94 4437 28 5166 45
9482 3 3017 89 8689 6 4465 32
9483 4 9266 15 8639 57 8625 89 2507 85
9484 5 1595 48 5719 1 4341 1 3839 44 3732 19
9485 6 221 78 443 46 7543 60 50 95 8718 81 6488 11
9486 5 2673 71 1190 11 818 59 1851 58 3256 29
9487 6 2598 73 234 26 2821 11 2567 29 3712 93 9963 69
9488 5 5778 45 7599 23 8424 22 7020 52 2067 12
9489 7 3298 8 7128 72 655 26 18 40 838 21 168 92 756 99
9490 5 2910 50 7828 33 1858 78 172 16 9728 22
9491 4 2818 10 587 98 5990 45 6843 44
9492 7 5824 31 3263 73 9372 82 6981 17 6171 39 1568 55 4647 90
9493 6 6663 44 8322 33 9637 33 5380 87 7125 19 2152 80
9494 6 4029 79 6747 74 8867 74 6483 78 3658 39 7206 76
9495 8 7160 60 8179 56 5186 21 2571 7 2684 74 3826 5 205 100 2828 72
9496 3 6110 64 8531 77 1527 50
9497 7 7270 3 8568 10 8456 31 3709 86 596 96 7579 41 9220 73
9498 4 1649 37 2227 93 549 60 2146 90
9499 2 3263 29 6325 43
9500 5 6683 37 9821 3 4351 60 5746 2 1444 73
9501 5 5376 56 3179 76 6677 60 90 36 3233 84
9502 5 3583 28 3970 17 1374 83 5283 48 2091 83
9503 5 6435 88 1409 77 3822 24 3354 53 6753 76
9504 3 6104 51 4337 23 1232 41
9505 5 8748 58 9146 88 1674 16 4148 5 812 15
9506 5 868 46 1181 67 5638 74 3868 39 1300 85
9507 4 7040 44 5382 35 6644 36 4916 84
9508 2 973 2 8438 39
9509 6 2722 44 1506 14 3891 69 4928 25 7966 39 8265 50
9510 5 5844 29 5185 64 29 4 3619 39 8483 34
9511 4 3940 95 1700 47 9023 66 6886 45
9512 3 6346 29 4461 65 237 52
9513 6 5805 56 8907 35 4469 97 5089 13 8655 44 7433 51
9514 4 6056 39 8965 66 2296 27 5057 48
9515 6 3521 21 3881 79 9961 8 6376 13 1498 53 3926 80
9516 5 6506 48 7014 78 1889 51 3603 23 8707 23
9517 4 5913 89 2368 26 4349 34 9107 57
9518 1 2961 24
9519 6 1178 66 2641 99 9421 6 7176 38 299 69 2040 34
9520 5 8811 78 5064 70 718 35 8477 62 4154 21
9521 2 606 81 9603 4
9522 6 7864 80 2453 45 5940 51 2424 98 9251 81 1241 2
9523 6 87 60 1299 93 6881 15 8169 60 5893 50 1797 18
9524 3 5956 99 119 2 9004 35
9525 5 2999 55 6138 93 2635 5 7908 74 2394 86
9526 6 1075 34 1419 75 2789 86 609 41 284 5 8285 1
9527 5 1832 46 4429 8 9350 42 3002 64 3689 47
9528 7 9375 47 589 9 424 20 2 6 1932 58 8572 19 9788 23
9529 7 6677 94 1397 94 5021 12 4694 30 6903 54 2064 99 603 50
9530 4 1776 46 861 97 8264 39 29 51
9531 3 5119 10 7247 47 5360 89
9532 4 1716 89 7643 44 619 78 7647 69
9533 7 697 80 9946 57 2974 79 7008 63 1053 89 7503 61 2688 53
9534 8 2223 35 2555 43 9540 20 1441 45 3191 82 425 68 4558 82 9777 13
9535 6 2113 20 1410 11 6577 45 7657 87 5126 17 2724 47
9536 2 2852 41 8963 32
9537 3 2175 52 3413 33 9393 94
9538 4 7125 14 8169 60 7640 38 1780 48
9539 11 1481 17 9875 38 2834 95 48 72 7730 95 2970 56 4 66 7740 50 2886 78 7724 51 4532 58
9540 5 835 74 2393 86 9534 20 3058 87 2286 21
9541 4 2193 81 8886 87 1698 34 699 55
9542 5 3195 5 6770 70 2326 33 4930 79 7154 83
9543 5 1205 21 1081 24 7285 24 6226 79 5552 36
9544 3 4077 25 9154 17 4914 87
9545 5 8241 81 3154 7 6819 45 1241 70 6636 41
9546 1 4567 1
9547 8 1421 69 3844 42 2437 68 5214 56 1379 83 6036 55 2922 40 8611 90
9548 6 2458 52 6035 59 1917 23 4794 5 8999 64 1765 58
9549 2 256 38 4160 68
9550 4 2430 5 5593 100 2330 48 4943 8
9551 4 9275 50 9917 46 7604 100 1485 89
9552 6 362 76 3856 93 1789 90 1649 51 7080 47 7110 9
9553 6 827 24 8632 9 8901 33 1690 64 6867 52 9702 19
9554 8 5636 13 600 79 8822 29 4367 4 6766 53 3795 27 1296 45 4204 25
9555 10 1590 72 562 91 1563 92 3123 45 7639 93 9223 52 9655 25 1627 87 4997 39 4168 36
9556 2 4986 95 4815 24
9557 5 4098 37 4216 80 993 1 783 85 2698 7
9558 2 3735 20 997 8
9559 6 3497 84 4920 2 6167 24 9330 24 5320 59 462 64
9560 3 788 55 9110 50 1484 44
9561 4 4602 20 6682 71 2290 72 2846 17
9562 6 2180 86 8435 15 2400 44 1332 1 2398 1 3256 99
9563 3 1874 66 776 27 2921 80
9564 5 4603 77 5100 82 3750 22 4884 14 9704 71
9565 6 8347 83 453 4 8228 36 1322 85 7178 26 7443 30
9566 6 3019 43 9114 59 5508 40 6872 38 2727 38 3663 63
9567 6 4821 51 252 73 7388 1 3142 22 9868 55 1747 48
9568 5 3269 63 8597 76 6070 19 2011 22 4457 51
9569 4 5621 16 4244 47 9082 26 4993 58
9570 4 6073 74 6408 9 5868 36 1099 96
9571 4 2910 68 8764 64 6329 10 621 1
9572 6 604 43 2022 75 1524 34 6442 98 9185 63 1622 20
9573 5 1108 12 1121 93 9385 28 9394 13 9464 73
9574 3 1771 50 9851 94 1699 50
9575 5 1350 53 9811 7 394 12 9605 84 8688 95
9576 7 61 9 8082 11 3079 65 3655 67 8549 29 2320 42 4471 24
9577 2 3190 19 9206 16
9578 4 1224 80 3372 89 7644 97 17 18
9579 5 5986 88 2403 57 2077 75 1478 68 8014 69
9580 1 6600 57
9581 8 2161 38 1621 35 9708 49 9249 53 239 65 3876 26 4228 20 172 68
9582 4 8505 87 1226 93 9965 52 3486 6
9583 4 3158 4 4462 70 8139 88 4013 32
9584 5 9261 66 2563 72 3739 22 858 76 1108 53
9585 4 8660 97 1319 51 8929 18 4656 64
9586 4 8081 55 4078 82 2515 38 2264 61
9587 6 4811 6 7739 34 8140 14 9858 68 3678 6 901 40
9588 5 6425 16 7928 24 159 59 1708 60 4389 86
9589 7 7189 33 6136 18 2198 32 7658 96 1873 24 250 75 2746 1
9590 5 7143 71 1552 12 3148 35 5059 45 9176 29
9591 5 3700 43 2345 28 1492 73 9400 4 8746 62
9592 4 2207 11 3159 63 9873 53 9651 51
9593 5 4328 100 6651 64 1654 11 8156 43 5452 84
9594 7 6672 59 574 6 3976 5 1220 83 3133 55 5675 54 8829 70
9595 5 628 51 3242 16 2722 25 8025 73 1231 14
9596 1 6455 94
9597 5 2400 35 5527 83 8906 55 1960 79 6815 64
9598 2 2486 47 5053 71
9599 5 1929 16 4178 26 147 30 1275 7 819 6
9600 4 3291 2 7272 99 1994 54 8339 23
9601 4 3269 35 2524 13 2929 46 4912 75
9602 3 2743 85 2377 13 7386 97
9603 7 790 13 7464 60 5147 60 9521 4 2644 68 6788 46 1864 53
9604 3 7993 92 6479 93 9075 71
9605 5 6087 69 6672 56 1370 39 9575 84 3570 81
9606 4 6030 55 1393 94 4992 11 2925 83
9607 4 6631 88 671 48 7733 49 8506 57
9608 9 5483 98 6662 79 8952 52 3999 97 9422 53 9800 10 9330 29 2787 41 422 28
9609 3 6387 84 920 24 4837 9
9610 9 3978 67 2256 38 8638 52 3030 44 5348 31 7255 75 4855 32 8741 3 4539 90
9611 5 3593 25 870 80 5675 24 5704 30 3146 83
9612 2 3294 78 5509 85
9613 6 6299 15 9841 25 6542 99 4250 43 780 89 184 80
9614 5 6536 57 2860 79 4429 98 3405 95 4179 36
9615 3 8380 52 4526 98 2741 75
9616 5 5574 97 4152 10 8291 15 6727 37 3737 81
9617 6 5599 77 7078 13 1900 91 271 5 8564 12 6563 59
9618 3 8115 25 5083 71 546 37
9619 2 5847 70 6063 34
9620 5 2857 69 818 58 7029 58 9802 58 4856 70
9621 4 2607 31 1015 20 9103 15 9744 45
9622 2 7479 6 5245 42
9623 6 6091 81 9627 3 4766 37 9723 77 2343 23 6266 71
9624 3 8159 56 84 77 1317 10
9625 4 793 6 5269 35 6469 28 8793 93
9626 6 5360 12 1859 93 6202 59 1351 31 7767 72 9797 95
9627 7 9623 3 9795 54 1157 41 6967 58 9039 6 2170 12 9990 87
9628 3 6745 43 8442 23 6322 67
9629 7 4784 58 8653 5 7536 47 9142 3 8009 85 3330 92 3341 99
9630 6 3638 27 3158 68 213 92 3668 31 2606 50 2033 100
9631 2 5554 67 9446 90
9632 8 8359 64 9366 20 8275 61 4163 39 6835 49 8333 46 489 33 1230 47
9633 10 4088 8 5502 59 1554 8 1537 61 3512 27 209 68 7020 89 1039 46 7768 49 9118 97
9634 5 3530 30 9406 18 2314 93 8622 94 9827 8
9635 5 584 53 5092 36 421 58 5935 91 2488 7
9636 1 8688 57
9637 7 435 37 872 49 9493 33 2252 14 5297 67 6780 3 4092 82
9638 5 6867 28 3644 99 3077 61 4375 32 1765 52
9639 2 4299 73 2506 98
9640 2 3813 22 3469 94
9641 5 7414 40 6522 2 225 85 2302 45 8056 33
9642 9 1505 2 3966 26 8278 49 938 44 6014 91 9049 68 571 91 4914 50 2357 89
9643 3 4517 8 8465 80 2002 91
9644 5 174 79 78 14 9424 23 8756 39 796 72
9645 4 1242 83 1466 39 6501 49 2649 74
9646 5 3565 55 3529 87 9415 75 4203 2 4948 78
9647 3 5295 74 4960 11 6566 87
9648 5 8388 95 4607 71 8419 96 6333 21 660 83
9649 5 5703 23 6281 34 1443 98 245 93 178 40
9650 5 6635 59 2525 62 8893 73 4203 88 5462 100
9651 10 6476 25 4447 2 6134 18 6827 33 1532 20 7770 87 9592 51 9889 51 1176 2 766 64
9652 1 7318 14
9653 4 6726 8 821 79 2185 43 2658 27
9654 5 5247 25 8074 46 2542 71 7350 95 6244 11
9655 8 1736 72 7485 77 9667 21 1844 91 9555 25 9426 40 6197 18 7118 12
9656 6 7989 49 5614 4 4213 73 4823 85 6966 61 2680 38
9657 3 3077 62 5456 72 3856 40
9658 2 2376 78 457 28
9659 6 8836 45 3450 12 5045 5 8070 88 6764 48 8203 56
9660 6 6307 48 6978 75 47 31 4238 2 8145 46 6736 11
9661 5 8224 19 4249 50 8668 51 294 100 2828 81
9662 8 8264 47 9687 39 4041 21 1918 68 5883 45 8826 31 0 63 5255 33
9663 6 2491 41 6550 85 6073 77 1724 34 2123 72 6925 35
9664 6 5223 35 9014 3 1233 20 2911 88 3312 2 5500 28
9665 5 1351 55 7152 24 1138 60 2199 9 7177 60
9666 4 316 66 8456 49 4191 34 5988 72
9667 7 2788 38 9655 21 1803 57 7856 31 9116 10 5037 7 898 91
9668 7 608 54 1186 68 315 34 6842 64 8091 71 1977 98 5832 22
9669 4 922 78 9907 43 3554 41 1463 94
9670 6 1505 98 102 54 4854 43 214 28 2640 45 56 50
9671 8 3142 8 6458 38 2506 78 9952 25 6428 61 927 21 44 8 8081 8
9672 3 2230 35 6787 90 649 32
9673 4 8232 65 4054 83 9123 22 9411 10
9674 3 280 10 2328 73 5862 64
9675 8 6910 17 6170 27 3291 33 6731 58 5725 42 9678 91 2503 63 5304 38
9676 3 6156 72 5737 44 1079 28
9677 6 1016 70 9284 71 6341 83 3740 19 824 85 4591 75
9678 6 5869 2 4407 79 363 59 9675 91 1286 29 1442 13
9679 4 62 63 5179 4 2701 81 1887 59
9680 1 6872 6
9681 4 4513 11 2996 59 4851 55 53 78
9682 2 3794 42 7105 96
9683 6 4017 42 1049 43 2449 22 6251 22 3473 49 7082 77
9684 4 2932 64 809 70 2454 46 7314 45
9685 4 292 19 5289 82 1662 6 4902 19
9686 10 2183 45 3940 34 6358 53 4247 78 5645 54 3429 17 3616 83 7967 47 4141 99 6383 30
9687 6 9662 39 8129 45 1367 18 633 82 4078 90 8734 6
9688 5 5655 30 2063 84 6100 29 2180 95 1216 6
9689 5 6055 41 2540 59 2581 90 8637 1 5344 38
9690 5 897 3 6675 67 5191 80 6499 60 3061 23
9691 2 2656 46 7655 59
9692 3 2851 82 5689 86 968 83
9693 9 6177 75 8654 64 8626 32 2324 74 5442 91 9012 22 3137 65 6852 61 2896 62
9694 4 5709 20 1690 74 1165 31 3251 55
9695 4 9117 56 5113 52 7571 14 8906 5
9696 5 2685 86 7175 5 4075 73 307 52 6970 51
9697 6 8375 76 3753 7 8192 60 5623 76 8689 29 1799 40
9698 4 3332 7 494 93 3918 74 9271 72
9699 2 9193 70 1570 95
9700 7 4089 19 9976 61 5340 74 8789 77 8801 5 8028 58 9283 99
9701 8 4090 78 2472 98 4616 79 5102 91 351 25 7624 57 5063 60 5402 78
9702 4 7796 35 1756 45 9553 19 7543 8
9703 5 7393 41 7667 53 4816 67 4833 55 3883 60
9704 8 3131 100 2565 92 5088 55 9807 9 5602 8 3103 70 5254 53 9564 71
9705 6 7905 25 7103 61 4017 13 3004 48 7757 54 949 54
9706 4 225 62 2420 78 825 48 6744 55
9707 1 2016 80
9708 6 290 26 9581 49 1841 66 2890 46 7875 74 2304 89
9709 5 9139 18 3593 97 8720 46 2287 4 3722 73
9710 3 5187 1 3474 38 6607 37
9711 3 7830 29 1286 31 8741 44
9712 5 624 93 8414 4 1082 80 4658 28 3001 58
9713 4 6056 1 2245 85 2885 14 3320 74
9714 5 4594 13 9811 51 2993 9 8631 8 986 29
9715 2 8167 49 6058 84
9716 6 2672 77 1931 31 8014 95 3788 20 6326 76 6610 17
9717 5 3359 40 1380 23 7713 14 204 69 7924 78
9718 5 2951 1 9132 62 9759 45 2549 12 6999 10
9719 4 7607 19 9114 95 7644 76 8565 27
9720 4 7791 91 7380 69 6281 49 1849 46
9721 6 3545 62 3332 88 4538 70 2996 94 5938 51 8151 3
9722 3 1580 21 6116 89 9190 93
9723 6 2003 60 4207 43 5730 23 9623 77 7721 21 4641 31
9724 1 2892 99
9725 6 6586 24 4059 66 1071 33 6443 38 9058 48 3231 60
9726 6 7711 9 4694 92 2148 57 4903 45 2076 88 476 76
9727 9 4187 14 6514 35 1243 17 3424 51 4075 40 6251 35 7828 77 8889 71 8753 79
9728 8 3401 69 1745 61 5024 68 7522 73 2565 22 6093 14 9490 22 4432 60
9729 5 837 55 4761 5 1746 14 8046 56 1430 7
9730 6 4778 12 8574 9 5388 95 1900 53 3338 19 3900 15
9731 2 2626 97 2563 69
9732 5 1543 73 1569 20 315 26 5599 9 1258 3
9733 6 7690 68 8326 4 2946 39 5480 31 5533 95 3056 58
9734 3 7382 37 1236 44 8562 91
9735 3 6624 68 6499 90 668 30
9736 4 4373 1 4079 16 1773 48 1207 41
9737 3 4900 67 2170 32 1471 67
9738 6 1984 49 48 28 6550 27 4202 58 6766 32 6327 61
9739 2 9013 46 5497 80
9740 6 4718 83 2882 46 6607 78 2236 38 3685 24 5617 79
9741 7 1472 25 9867 2 5169 27 3316 29 5689 48 9244 16 1859 52
9742 5 8115 76 8569 66 5805 29 5837 85 3587 65
9743 5 5850 34 4954 18 1387 63 3199 59 4581 21
9744 3 4382 1 956 13 9621 45
9745 3 6095 38 4321 72 1642 62
9746 5 7015 88 1121 64 7043 60 4820 6 392 9
9747 7 8710 54 2799 95 1378 46 3527 75 2454 10 1821 91 5083 47
9748 7 2997 63 4122 71 5275 69 1040 38 3972 43 9403 4 3197 89
9749 3 2550 95 8282 15 4239 61
9750 3 9224 9 814 13 1248 12
9751 6 2829 5 5735 3 4898 74 24 99 2928 47 4338 79
9752 6 7245 8 9853 37 251 94 5850 11 7544 62 9300 43
9753 6 5874 65 4439 97 828 60 16 13 9087 15 5553 83
9754 3 7249 47 143 39 4113 32
9755 3 7413 93 7734 3 7574 53
9756 6 447 73 3241 12 2688 89 3146 26 8779 99 2137 99
9757 6 752 92 7856 24 1716 53 7507 72 796 2 8461 54
9758 4 7238 62 600 10 3421 33 1228 89
9759 5 1975 34 8412 46 9718 45 1810 89 7631 88
9760 5 2601 25 7975 12 4002 86 9895 32 5501 52
9761 5 5973 61 2808 89 1348 21 1994 7 7530 26
9762 5 4804 25 6887 96 1385 1 7461 85 6906 87
9763 3 6539 85 1217 5 8830 48
9764 3 3703 15 2430 68 1564 36
9765 4 4152 97 84 8 7088 17 9836 86
9766 4 6260 44 6497 6 72 29 2479 16
9767 6 2812 6 7656 70 6075 21 2380 25 4106 33 2345 9
9768 4 8101 71 4834 14 5029 30 9204 44
9769 3 5426 87 3604 10 4784 58
9770 2 2055 46 3951 30
9771 9 3987 10 8823 48 2561 97 8489 30 3313 39 4558 61 4675 56 1652 83 9242 66
9772 4 4683 46 1967 97 4634 12 2166 9
9773 8 663 2 2036 13 4238 27 5200 55 9235 26 7430 91 468 95 9222 19
9774 5 6073 63 1794 67 438 87 374 25 9940 99
9775 5 3353 54 4315 15 602 12 497 12 5246 99
9776 4 8161 92 5620 93 3853 98 3705 35
9777 3 4741 76 8615 12 9534 13
9778 5 8520 71 1309 63 6557 99 2337 64 1970 59
9779 5 9282 82 2407 98 5138 73 1088 6 2749 69
9780 5 3416 49 8330 64 15 75 5751 32 492 45
9781 2 4681 57 7952 3
9782 5 6164 37 1776 44 795 87 4568 57 1857 34
9783 9 1966 70 4836 18 7267 12 7982 17 315 27 2381 2 5572 4 1822 17 3029 83
9784 4 8111 70 2973 39 765 16 1211 59
9785 5 745 6 569 8 148 55 1564 91 3448 52
9786 4 3008 45 4962 7 7586 70 164 5
9787 4 318 65 3538 59 7208 2 2188 10
9788 5 9318 60 1086 33 3081 94 3740 79 9528 23
9789 5 2494 10 3492 14 4531 14 1087 40 2647 18
9790 3 6335 39 5359 54 4133 96
9791 6 3242 21 2237 63 2684 16 2923 18 8488 28 1898 12
9792 7 4351 4 3883 50 3392 94 3208 66 3320 83 5566 95 9418 90
9793 3 2754 45 5535 3 5547 34
9794 4 9015 42 7975 41 5587 12 2283 4
9795 6 119 88 9627 54 1576 16 346 39 6279 29 952 33
9796 7 2264 66 3190 15 1737 78 9025 68 6465 19 3035 71 7585 17
9797 6 4818 32 3831 44 9626 95 7417 91 3201 31 2523 58
9798 6 4095 14 1037 11 461 65 6464 28 4874 56 7841 26
9799 6 7449 86 789 1 4323 25 2562 100 1352 53 1153 53
9800 6 2626 61 2487 11 1493 45 9608 10 7472 61 2422 57
9801 3 4555 34 7063 50 3540 84
9802 5 1078 42 3936 62 5175 54 9620 58 971 4
9803 4 9348 16 317 5 2392 21 1484 57
9804 8 2717 92 9041 46 8774 91 6695 67 8559 65 8552 16 7145 39 3920 68
9805 5 9239 77 6672 83 1326 33 9354 25 298 86
9806 5 9328 18 3818 38 89 8 3532 53 284 100
9807 2 6469 51 9704 9
9808 4 4698 12 6830 76 6058 86 6689 43
9809 5 4953 98 1653 14 6108 26 3404 51 6877 21
9810 4 7055 50 3099 20 2543 88 2412 7
9811 3 9575 7 9714 51 6489 59
9812 4 323 80 6855 6 2611 63 156 10
9813 2 3514 17 6499 63
9814 5 5003 2 2572 18 2591 22 5626 29 1847 73
9815 1 5343 69
9816 2 3431 20 5078 99
9817 7 8175 90 6383 41 383 26 6289 80 991 17 5487 47 3881 48
9818 4 3858 100 1454 30 8804 68 9072 71
9819 5 7238 14 7424 40 1961 87 2083 94 46 73
9820 6 6799 98 7179 28 5545 95 1976 63 3256 57 3312 18
9821 7 9500 3 9086 80 9461 85 1251 72 2035 14 9374 39 5252 24
9822 6 738 57 8559 89 457 41 3230 62 6143 30 5843 67
9823 4 6330 89 2747 93 2068 84 5186 25
9824 6 6154 80 3030 79 9475 71 7445 40 2381 97 6975 54
9825 3 5361 75 322 98 2749 67
9826 7 7018 8 1779 8 3781 62 3090 73 776 7 4129 86 4041 86
9827 9 7907 69 4621 33 4581 77 406 48 7923 12 3131 86 9634 8 105 44 6046 5
9828 2 4770 24 2093 54
9829 4 8313 53 7343 61 3590 58 143 27
9830 3 4217 25 1297 99 7023 78
9831 3 3169 56 17 23 5127 51
9832 3 6133 3 1827 24 8830 14
9833 4 4778 2 65 36 2785 1 6150 25
9834 5 2597 79 5530 60 7525 45 1575 16 9005 58
9835 8 1021 29 8394 100 1281 64 2428 37 6743 73 1688 32 291 33 7499 1
9836 5 740 87 9765 86 338 77 1359 33 2239 62
9837 6 253 63 7747 25 1658 89 34 68 3701 25 9967 14
9838 2 5437 46 5634 86
9839 13 1562 67 9306 71 6238 13 8003 39 1823 71 4327 29 4364 79 8020 87 5955 100 3807 66 6553 52 8739 57 1987 24
9840 3 6199 57 3869 68 1988 22
9841 7 9613 25 3068 13 598 11 7409 79 2400 76 2955 62 927 14
9842 7 373 58 4103 85 6123 12 2242 49 9903 54 1773 56 882 100
9843 3 3127 24 6328 75 4124 8
9844 5 3136 46 9848 82 6119 43 1865 26 3793 76
9845 5 2343 51 731 36 4088 38 1743 34 6530 86
9846 6 590 7 9933 64 260 58 8323 69 2135 10 6544 34
9847 4 6967 43 6393 62 9421 28 3929 90
9848 4 9844 82 1031 36 2027 77 7762 53
9849 6 9136 40 7982 84 5656 17 7727 66 9171 55 440 65
9850 4 8546 75 5006 31 3857 97 7646 68
9851 2 9574 94 1680 10
9852 3 53 45 1065 72 2379 53
9853 4 9752 37 5604 86 6245 47 6387 66
9854 4 2720 11 3026 18 7494 58 94 24
9855 4 5733 76 4610 21 8475 14 4093 39
9856 2 2314 5 5364 18
9857 4 2237 35 6521 37 7883 73 5241 37
9858 6 4910 82 8979 60 9587 68 4455 72 2206 60 6256 59
9859 4 1973 80 1127 86 5111 2 1019 100
9860 2 2853 11 463 18
9861 6 60 28 6296 88 5265 93 2510 95 5488 66 7503 52
9862 5 3110 68 395 43 2637 58 17 61 4888 57
9863 3 8333 81 2894 6 7879 43
9864 4 3996 45 4513 40 1597 87 2792 62
9865 5 8248 41 8486 99 236 40 3251 46 120 91
9866 4 3507 12 6331 20 226 56 5912 86
9867 8 1173 28 7692 78 2087 32 6775 5 9741 2 583 64 3694 76 6166 46
9868 3 861 77 9567 55 3705 67
9869 3 9190 19 3605 1 129 43
9870 3 1637 2 1611 100 4191 91
9871 5 4666 65 8539 33 4101 22 8775 27 8393 53
9872 4 8714 37 2346 54 7769 90 3104 27
9873 6 2160 2 9384 9 3442 3 9592 53 4002 88 1167 40
9874 3 9281 18 7473 85 6287 63
9875 4 9539 38 5927 29 317 48 2296 74
9876 4 8282 61 634 83 2715 48 1774 6
9877 5 4614 47 8985 29 5705 28 1029 87 4793 27
9878 5 1022 32 4937 94 8629 65 6780 79 5455 75
9879 4 3934 14 6126 100 2012 50 3791 21
9880 2 1094 65 5640 41
9881 4 859 92 9350 43 2986 83 1360 66
9882 2 5804 18 7128 18
9883 4 8117 75 4296 24 1301 7 7832 90
9884 4 9152 4 6724 11 2277 11 1861 52
9885 3 875 2 2621 83 6000 46
9886 3 4714 13 2252 100 2525 39
9887 7 5806 70 7640 25 1648 90 3784 41 8486 55 4132 62 8827 95
9888 4 288 81 3938 68 8428 65 9048 96
9889 5 1257 94 1728 67 9651 51 1624 69 4982 14
9890 4 8786 76 724 45 3988 97 1331 25
9891 2 94 53 6779 40
9892 5 926 26 61 45 7241 73 2362 10 4471 68
9893 4 8076 73 953 16 3355 40 769 37
9894 4 3881 19 6204 47 8595 8 7740 91
9895 3 1917 8 9760 32 9038 3
9896 7 4281 56 5861 4 9181 76 778 8 2685 53 7060 95 2001 40
9897 5 862 15 4546 36 4659 46 7841 35 894 12
9898 3 4116 49 5480 19 2427 1
9899 2 5642 41 4554 92
9900 5 8547 29 2757 81 9163 53 4740 30 3087 11
9901 2 2586 25 1882 42
9902 1 8509 58
9903 4 5526 53 3689 14 9842 54 4371 34
9904 5 8018 50 5163 14 1897 94 1977 58 4154 31
9905 3 8692 22 4387 43 2974 11
9906 4 2004 31 1056 95 2629 32 6814 37
9907 6 9170 42 8705 83 9669 43 3756 63 762 49 8977 21
9908 6 5585 49 2673 56 4557 100 459 20 5580 5 6988 36
9909 4 4002 14 4493 55 7522 46 4133 89
9910 3 1435 81 2348 7 7892 43
9911 2 2814 88 863 29
9912 6 7005 91 2116 93 7117 47 4555 58 1626 62 6067 19
9913 4 3777 38 6322 86 1163 18 2634 71
9914 4 948 29 5353 64 6890 30 3441 69
9915 4 3489 48 9078 87 5772 62 1103 74
9916 4 1909 67 3594 53 5379 59 5297 30
9917 4 7052 66 7913 57 9551 46 6449 12
9918 3 2501 27 6711 38 4356 29
9919 4 8078 69 2978 13 1515 92 6422 53
9920 4 4330 98 1094 52 204 49 6849 60
9921 2 7091 3 8975 88
9922 3 1549 86 2077 26 1622 45
9923 4 951 41 5314 100 3050 11 2290 76
9924 8 744 89 3347 1 5986 59 152 16 4489 26 6218 24 8709 81 7636 80
9925 5 4675 85 2758 48 3583 68 2047 19 3469 8
9926 1 6482 70
9927 4 9063 37 2761 88 5731 60 6375 33
9928 6 5611 19 7286 55 5933 75 4222 68 3420 26 4761 87
9929 4 920 34 929 47 2213 81 5255 12
9930 4 1513 47 2755 91 4887 81 5109 49
9931 3 7027 48 5942 71 6382 14
9932 3 2566 88 108 26 7293 62
9933 5 2834 9 9846 64 3149 21 8156 11 8199 7
9934 5 6970 35 8332 87 3903 67 8253 66 9144 15
9935 2 206 60 7156 78
9936 2 416 38 2364 63
9937 2 2517 28 6927 65
9938 4 2903 15 4755 23 4891 7 5901 19
9939 6 8318 13 6882 5 417 90 5359 100 8120 39 8496 58
9940 6 1254 88 2390 86 1637 84 784 7 9401 42 9774 99
9941 9 878 43 376 91 3093 79 9098 36 5593 81 869 51 847 18 9249 94 3454 6
9942 5 6350 71 1983 17 8912 70 5592 42 3002 78
9943 6 7901 56 5958 3 3922 95 880 84 1519 79 7614 34
9944 6 1130 70 2382 60 1887 43 7940 72 5274 77 188 61
9945 7 1796 15 5038 84 6260 81 7993 26 5179 87 4192 94 2482 62
9946 6 2283 57 9533 57 5233 96 3174 75 3685 14 3481 86
9947 4 6459 14 2762 92 5160 63 1658 15
9948 2 8031 7 1397 74
9949 8 2513 15 1593 55 2346 89 1352 83 7615 24 2724 21 8569 75 1470 6
9950 3 5072 66 3650 30 6713 44
9951 5 172 95 1019 30 6363 95 8005 22 7083 9
9952 3 5226 59 8934 64 9671 25
9953 5 8029 62 2245 43 1907 77 8047 70 6914 74
9954 5 8668 21 3465 99 4244 76 8640 26 4564 59
9955 5 9430 43 2916 95 6219 94 2586 58 6536 55
9956 3 3075 69 2170 37 4835 97
9957 5 1239 83 1452 54 9371 56 4544 67 7010 67
9958 5 7722 98 1098 41 3917 64 2501 50 3363 92
9959 3 1966 80 8843 26 1228 36
9960 8 6474 98 2956 81 4699 60 5075 63 3994 82 1676 32 2359 31 318 14
9961 5 1172 32 7560 34 9515 8 4056 60 1267 100
9962 3 2088 12 5313 59 8237 35
9963 5 4602 45 6427 62 3207 54 9487 69 1375 27
9964 4 8787 20 4749 65 304 5 6649 5
9965 3 9108 16 9582 52 77 39
9966 2 4153 4 3141 78
9967 4 8002 97 6958 48 3457 14 9837 14
9968 11 7826 68 4568 94 9388 12 3633 6 2762 83 7388 11 1789 38 8699 92 3770 87 143 24 6217 62
9969 2 6970 13 9433 46
9970 2 9099 8 1667 71
9971 6 3758 74 950 98 8560 96 6643 7 4057 72 7622 15
9972 4 7907 4 4809 13 8182 98 9989 56
9973 4 7854 42 901 90 2192 97 2792 35
9974 8 7672 100 1452 27 2606 99 973 56 1277 62 6852 8 635 18 8666 20
9975 5 2648 59 4407 56 7139 93 7594 44 4954 61
9976 4 9700 61 3111 44 8698 6 8039 99
9977 7 8848 78 2749 79 3784 59 8463 66 2158 5 8222 57 5133 17
9978 2 8492 33 9012 25
9979 4 4649 63 6990 2 3939 38 3305 50
9980 2 2034 42 1732 100
9981 4 5597 87 8205 80 7694 61 2062 65
9982 4 7982 61 6941 62 7715 94 2667 7
9983 6 6691 83 5171 90 6238 94 3791 97 8356 80 7237 97
9984 5 4128 52 4289 32 5340 56 1082 32 2634 85
9985 1 8743 24
9986 5 845 44 2823 48 4874 73 4363 77 5426 10
9987 5 3664 75 8127 97 8401 40 6111 70 9988 52
9988 7 2843 49 291 71 6726 46 6011 2 9987 52 5077 18 7166 15
9989 6 6887 63 7483 77 4661 70 7674 36 7900 1 9972 56
9990 4 3734 94 5346 82 25 98 9627 87
9991 4 5863 37 128 21 1763 21 319 74
9992 4 1631 9 4737 64 1382 1 3079 66
9993 4 6975 20 876 40 4417 32 8161 54
9994 4 6969 2 5212 15 7969 78 9097 53
9995 6 6942 13 4570 68 8027 9 2345 15 7737 97 3117 7
9996 7 8980 71 1476 60 266 18 2996 22 3559 85 3319 68 6910 38
9997 7 1165 8 7973 38 7287 96 2813 34 4818 33 3093 61 7950 58
9998 3 810 53 6947 12 7541 39
9999 4 9310 24 1339 77 8691 35 219 54
